Date,JPM_Close,K,sigma,r,Call,Put,Chooser_Price,Call_Put_Ratio,VIX_Regime
2018-04-04,88.38227844238281,88.38227844238281,0.2770804846568958,0.0171,10.423489185368616,6.115419740980826,16.538908926349443,1.704460139590817,Medium
2018-04-05,89.54277801513672,89.54277801513672,0.2816833320783021,0.0172,10.725614765424211,6.305555663630344,17.031170429054555,1.7009785239528081,Medium
2018-04-06,87.3098373413086,87.3098373413086,0.2937882547081393,0.0173,10.875117840227688,6.436962854241607,17.312080694469294,1.6894796640098024,High
2018-04-09,88.3582763671875,88.3582763671875,0.2977706710509736,0.0176,11.15521818682786,6.598539858053009,17.75375804488087,1.6905585821708384,High
2018-04-10,90.0470199584961,90.0470199584961,0.2874386591183254,0.0174,10.996821604438985,6.475783349628088,17.472604954067073,1.6981453842291598,Medium
2018-04-11,88.53435516357422,88.53435516357422,0.2920391473459435,0.0173,10.967153418119892,6.48431481925779,17.451468237377682,1.691335742297475,Medium
2018-04-12,90.73531341552734,90.73531341552734,0.3045281373035897,0.0175,11.690519308838212,6.950504341777105,18.641023650615317,1.6819670536094047,Medium
2018-04-13,88.27825927734375,88.27825927734375,0.3163745253861081,0.0176,11.785898380288565,7.047596028484989,18.833494408773554,1.6723288810329502,Medium
2018-04-16,88.20621490478516,88.20621490478516,0.3160213926833569,0.0179,11.7760778311156,7.019882571148692,18.795960402264292,1.677532025893794,Medium
2018-04-17,88.20621490478516,88.20621490478516,0.3158282600110701,0.018000000000000002,11.773419467780997,7.010724583761693,18.78414405154269,1.679344171506994,Low
2018-04-18,87.49390411376953,87.49390411376953,0.3158750680323184,0.0181,11.683891047387007,6.950841260667275,18.634732308054282,1.6809319345994334,Low
2018-04-19,89.41474914550781,89.41474914550781,0.3263171321111132,0.0182,12.30823478983664,7.357433660782988,19.665668450619627,1.67289782787206,Medium
2018-04-20,89.21466064453125,89.21466064453125,0.326271741233113,0.0181,12.275109202727826,7.344357195128616,19.619466397856442,1.6713660401579722,Medium
2018-04-23,88.78245544433594,88.78245544433594,0.2899369746911053,0.0187,10.981984070188574,6.38899342469665,17.370977494885224,1.7188911210548004,Medium
2018-04-24,88.36627197265625,88.36627197265625,0.2727820220930605,0.0187,10.338579280706007,5.939342080328643,16.27792136103465,1.7406943632608445,Medium
2018-04-25,88.03013610839844,88.03013610839844,0.2525061547957921,0.018500000000000003,9.593366546082216,5.431128157919709,15.024494704001924,1.7663671832330272,Medium
2018-04-26,88.11817932128906,88.11817932128906,0.2421335092690288,0.0182,9.232923636153707,5.196243814988996,14.429167451142703,1.7768457302793554,Medium
2018-04-27,87.55793762207031,87.55793762207031,0.2433666612964416,0.0182,9.216474456721912,5.193109878275166,14.409584334997078,1.774750519968405,Low
2018-04-30,87.06169891357422,87.06169891357422,0.2359869973262191,0.0187,8.933479267450373,4.9648453997871655,13.898324667237539,1.7993469177979513,Medium
2018-05-01,87.06169891357422,87.06169891357422,0.2254416954981226,0.018500000000000003,8.565871873632915,4.719088090746681,13.284959964379595,1.8151540528410808,Low
2018-05-02,86.37342834472656,86.37342834472656,0.2221514370110833,0.0184,8.382758998524608,4.6072461311953035,12.990005129719911,1.8194727956393737,Medium
2018-05-03,85.82919311523438,85.82919311523438,0.2156746964506108,0.0184,8.112283968007901,4.424393035666945,12.536677003674846,1.8335360133268614,Medium
2018-05-04,86.78158569335938,86.78158569335938,0.2140856870478281,0.0184,8.148303865241274,4.435335870433711,12.583639735674986,1.8371334445173573,Low
2018-05-07,87.53390502929688,87.53390502929688,0.1982946301709213,0.018600000000000002,7.686166383952234,4.083348110039999,11.769514493992233,1.8823196496653678,Low
2018-05-08,88.8304672241211,88.8304672241211,0.2005900434786188,0.0187,7.884193416138025,4.196035850092784,12.080229266230809,1.878962358237165,Low
2018-05-09,90.767333984375,90.767333984375,0.2038660948914974,0.018799999999999997,8.176946396400503,4.365463145828052,12.542409542228555,1.8730993993649852,Low
2018-05-10,91.47164154052734,91.47164154052734,0.1951840492003305,0.019,7.938447667732206,4.1714237138081955,12.109871381540401,1.9030547391899926,Low
2018-05-11,91.12749481201172,91.12749481201172,0.1769353023227889,0.0192,7.266757229405783,3.6885800356891423,10.955337265094926,1.9700690127625564,Low
2018-05-14,91.15949249267578,91.15949249267578,0.1456155244398949,0.019299999999999998,6.157544715192259,2.900786376411773,9.058331091604032,2.1227156764329003,Low
2018-05-15,90.46318817138672,90.46318817138672,0.148903158862161,0.0192,6.222070058176918,2.9641728001936016,9.18624285837052,2.0990915434385373,Low
2018-05-16,90.71131134033205,90.71131134033205,0.148926609938012,0.0192,6.23996729043224,2.972886709744408,9.212854000176648,2.0989589916020437,Low
2018-05-17,90.40716552734376,90.40716552734376,0.1460127522006208,0.0192,6.116113370880406,2.8906512184013806,9.006764589281786,2.115825434748508,Low
2018-05-18,88.9425277709961,88.9425277709961,0.1391605931245161,0.0191,5.774398706351413,2.6806738682905333,8.455072574641946,2.1540847525901197,Low
2018-05-21,89.75887298583984,89.75887298583984,0.1426494139479203,0.019299999999999998,5.958954217176064,2.7832518495258824,8.742206066701947,2.1410043141410835,Low
2018-05-22,90.4471664428711,90.4471664428711,0.1435342951036282,0.019299999999999998,6.035905231120793,2.8265239541924245,8.862429185313218,2.1354516462413393,Low
2018-05-23,90.031005859375,90.031005859375,0.143491995753323,0.0192,6.002010389547955,2.8164027494737596,8.818413139021715,2.131090942397859,Low
2018-05-24,89.0225601196289,89.0225601196289,0.1487927368147581,0.0191,6.11458633001876,2.918187921038445,9.032774251057205,2.095336727952348,Low
2018-05-25,88.56635284423828,88.56635284423828,0.1500641666510417,0.019,6.122737976520632,2.9380513594378215,9.060789335958454,2.0839451825281166,Low
2018-05-29,84.78070831298828,84.78070831298828,0.2131741752514417,0.019299999999999998,7.967067953942312,4.275737748610339,12.242805702552651,1.86332006833948,Medium
2018-05-30,86.71757507324219,86.71757507324219,0.2282087055767872,0.0194,8.66327869836185,4.729673732126699,13.392952430488549,1.8316863253200353,Low
2018-05-31,85.6451187133789,85.6451187133789,0.2321172346320577,0.019299999999999998,8.682963855693714,4.767810554506724,13.450774410200438,1.8211637724334981,Low
2018-06-01,86.7575912475586,86.7575912475586,0.2352295452415782,0.0192,8.897215987044405,4.90855643416009,13.805772421204495,1.8125931944320854,Low
2018-06-04,86.79757690429688,86.79757690429688,0.2340266825630602,0.0194,8.868761856837196,4.8736583890178125,13.742420245855008,1.8197339962977004,Low
2018-06-05,86.30937957763672,86.30937957763672,0.2317166917340853,0.0194,8.740911377723478,4.791119230792837,13.532030608516315,1.8243986335270197,Low
2018-06-06,88.3262710571289,88.3262710571289,0.2438156193125092,0.0195,9.367203739749485,5.194362555250727,14.561566295000212,1.8033403791348057,Low
2018-06-07,88.67842102050781,88.67842102050781,0.2386807094723312,0.0194,9.22232138038246,5.093393780928352,14.315715161310813,1.810643703794201,Low
2018-06-08,88.92650604248047,88.92650604248047,0.2257309934935144,0.019299999999999998,8.793511150059906,4.79345768416772,13.586968834227626,1.8344818561982799,Low
2018-06-11,88.70242309570312,88.70242309570312,0.2235324240925909,0.0194,8.699327997327565,4.723264921325203,13.422592918652768,1.841803951764535,Low
2018-06-12,88.1902084350586,88.1902084350586,0.2239045916666603,0.0192,8.653459043276342,4.713418132333295,13.366877175609638,1.835920090329987,Low
2018-06-13,88.01415252685547,88.01415252685547,0.2237997930254747,0.0194,8.641031857586633,4.693120194291197,13.33415205187783,1.841212562187892,Low
2018-06-14,86.46143341064453,86.46143341064453,0.2298888526188154,0.0194,8.694504348129719,4.755865219067928,13.450369567197647,1.8281645815508833,Low
2018-06-15,86.35740661621094,86.35740661621094,0.2292361490885978,0.0194,8.661998929596464,4.7345596270651455,13.39655855666161,1.8295257873784254,Low
2018-06-18,86.58151245117188,86.58151245117188,0.2298297059734822,0.0194,8.704576616482065,4.761054415506983,13.465631031989048,1.8282875717888962,Low
2018-06-19,86.0772705078125,86.0772705078125,0.2244294526445758,0.0194,8.472073231687602,4.6048227544031946,13.076895986090797,1.839826130894287,Low
2018-06-20,86.06927490234375,86.06927490234375,0.2211405244947182,0.0194,8.360557933217585,4.526152225947378,12.886710159164963,1.8471667579557867,Low
2018-06-21,86.04528045654297,86.04528045654297,0.2184774981725492,0.0194,8.268590560841226,4.461563210934543,12.730153771775768,1.8532945001375971,Low
2018-06-22,84.63666534423828,84.63666534423828,0.2238310025857227,0.019299999999999998,8.306404566111844,4.517762797497383,12.824167363609227,1.8386101569372304,Low
2018-06-25,83.86833190917969,83.86833190917969,0.2229477888107006,0.019299999999999998,8.202021875842696,4.456273197729843,12.658295073572539,1.8405563375290925,Medium
2018-06-26,83.92434692382812,83.92434692382812,0.2231008898420953,0.019299999999999998,8.212526363868214,4.462801465984917,12.675327829853131,1.840217725673744,Medium
2018-06-27,82.6277847290039,82.6277847290039,0.1735684923759997,0.019299999999999998,6.484251791063194,3.26413972418451,9.748391515247704,1.9865117118058342,Medium
2018-06-28,83.98037719726562,83.98037719726562,0.1637029258900743,0.019299999999999998,6.266335141139301,3.089518314188055,9.355853455327356,2.0282563506298987,Medium
2018-06-29,83.39613342285156,83.39613342285156,0.1601681629947974,0.019299999999999998,6.107470678883274,2.9869606770310853,9.09443135591436,2.044710774349345,Medium
2018-07-02,84.1004409790039,84.1004409790039,0.1558546752480546,0.019799999999999998,6.038625431996614,2.893880404274519,8.932505836271133,2.0866879719967097,Low
2018-07-03,82.92391967773438,82.92391967773438,0.1616129854399108,0.019799999999999998,6.140716431001472,2.9845038333149176,9.12522026431639,2.0575334373690244,Medium
2018-07-05,83.46307373046875,83.46307373046875,0.1637773345477365,0.0196,6.242803765880737,3.0609933470865727,9.30379711296731,2.0394698903290935,Low
2018-07-06,83.73665618896484,83.73665618896484,0.1385682736459081,0.0197,5.443078566400196,2.488469585382525,7.931548151782721,2.187319707812901,Low
2018-07-09,86.32779693603516,86.32779693603516,0.1788263552526049,0.019799999999999998,6.973689558250662,3.5157397993912625,10.489429357641924,1.9835624807780516,Low
2018-07-10,85.79669189453125,85.79669189453125,0.1789501349102062,0.0199,6.939216305108708,3.4931427353916717,10.43235904050038,1.9865252670044822,Low
2018-07-11,85.61160278320312,85.61160278320312,0.178933660033686,0.0197,6.915159669594992,3.492988545407222,10.408148215002214,1.979725836400876,Low
2018-07-12,85.98177337646484,85.98177337646484,0.1794381189285313,0.019799999999999998,6.966305897082137,3.516132499500543,10.48243839658268,1.9812410078606768,Low
2018-07-13,85.58747863769531,85.58747863769531,0.179807676698651,0.019799999999999998,6.9467282370723495,3.508718582490097,10.455446819562447,1.979847649150117,Low
2018-07-16,88.98328399658203,88.98328399658203,0.2176875213386169,0.020099999999999996,8.553514890801793,4.5651921311172785,13.118707021919072,1.8736374384988739,Low
2018-07-17,88.91889953613281,88.91889953613281,0.2176223704620505,0.0202,8.549361973599403,4.556119962164452,13.105481935763855,1.876456731735813,Low
2018-07-18,89.74774932861328,89.74774932861328,0.2193129679162305,0.02,8.679695940616497,4.64890584567717,13.328601786293667,1.867040595947409,Low
2018-07-19,88.42803955078125,88.42803955078125,0.2253259960523125,0.02,8.759942384608806,4.7273967673328485,13.487339151941654,1.853016113464722,Low
2018-07-20,89.54657745361328,89.54657745361328,0.2285976195582112,0.0199,8.980977840020842,4.8723610300907865,13.853338870111628,1.8432496657279724,Low
2018-07-23,91.21228790283205,91.21228790283205,0.2354501072772414,0.0199,9.392364672063778,5.135705277957115,14.528069950020893,1.8288363844351831,Low
2018-07-24,91.85604858398438,91.85604858398438,0.2250497764288828,0.0202,9.098448265880215,4.8949839598211256,13.99343222570134,1.8587289234371045,Low
2018-07-25,92.68489074707033,92.68489074707033,0.2205481719399362,0.020099999999999996,9.012985538707888,4.82830504379011,13.841290582497997,1.8666976210005362,Low
2018-07-26,92.41931915283205,92.41931915283205,0.221712397833863,0.0199,9.02031345132314,4.8528848236068285,13.873198274929969,1.858752840669921,Low
2018-07-27,93.36888122558594,93.36888122558594,0.2098455466279964,0.02,8.684271561137905,4.592439203614141,13.276710764752046,1.8909932556763274,Low
2018-07-30,93.9321746826172,93.9321746826172,0.206411044470558,0.0204,8.628845631200782,4.5136633854328,13.142509016633582,1.911716690936489,Low
2018-07-31,92.49980926513672,92.49980926513672,0.2145956518456128,0.0203,8.788697281307044,4.657999593081264,13.446696874388309,1.8867964897122984,Low
2018-08-01,93.0711441040039,93.0711441040039,0.2142775333273409,0.0203,8.831408125665078,4.678599678808055,13.510007804473133,1.8876178198505358,Low
2018-08-02,93.46543884277344,93.46543884277344,0.2030032405704341,0.0202,8.45232094284858,4.412056359728616,12.864377302577196,1.9157327680574956,Low
2018-08-03,94.22186279296876,94.22186279296876,0.2031536502879338,0.020099999999999996,8.52165869803045,4.456037271815006,12.977695969845456,1.9123849685753322,Low
2018-08-06,94.24602508544922,94.24602508544922,0.2038888786023397,0.020499999999999997,8.569372771765863,4.4588356566572145,13.028208428423078,1.9218857638252393,Low
2018-08-07,94.59201049804688,94.59201049804688,0.1827856668935075,0.0206,7.8253864096040076,3.921082696211201,11.746469105815208,1.995720829138695,Low
2018-08-08,94.78514099121094,94.78514099121094,0.1790026217936873,0.0206,7.701267650013172,3.83046443949641,11.531732089509582,2.0105310391618345,Low
2018-08-09,94.05286407470705,94.05286407470705,0.1827329376215297,0.0206,7.778846317537692,3.897369351156975,11.676215668694667,1.9959222790184,Low
2018-08-10,93.12747955322266,93.12747955322266,0.1893944113020394,0.020499999999999997,7.940104161280665,4.033998579887687,11.974102741168352,1.9682962212400508,Low
2018-08-13,91.64683532714844,91.64683532714844,0.1996425497789972,0.0206,8.185437302267175,4.224373775988255,12.40981107825543,1.9376688087578766,Low
2018-08-14,92.25839233398438,92.25839233398438,0.1528471304113152,0.0208,6.563238825241733,3.0580788383817676,9.6213176636235,2.146196737267499,Low
2018-08-15,91.49392700195312,91.49392700195312,0.1565977611406884,0.0207,6.638044985932176,3.130694633239905,9.76873961917208,2.1203105903249884,Low
2018-08-16,92.35494232177734,92.35494232177734,0.1566543665764647,0.0207,6.702553058136182,3.1615885145350404,9.864141572671222,2.119995384384136,Low
2018-08-17,92.35494232177734,92.35494232177734,0.1453781146369432,0.020499999999999997,6.286830630710682,2.8846364317505007,9.171467062461183,2.179418716866031,Low
2018-08-20,92.2342529296875,92.2342529296875,0.1406185107010139,0.0206,6.112267609600089,2.7569835271202408,8.86925113672033,2.21701274217788,Low
2018-08-21,92.79752349853516,92.79752349853516,0.1276993050716032,0.0208,5.692629603209447,2.4395139891646807,8.132143592374128,2.3335097189414653,Low
2018-08-22,92.5159149169922,92.5159149169922,0.1262839942546027,0.0209,5.629347687578843,2.392707657819784,8.022055345398627,2.352710189722157,Low
2018-08-23,92.32278442382812,92.32278442382812,0.1225051619987937,0.0208,5.477143292146756,2.296937242821407,7.774080534968164,2.3845419848820044,Low
2018-08-24,92.2825164794922,92.2825164794922,0.1221230791865477,0.0209,5.46597237445269,2.282572598299346,7.748544972752036,2.394654338059244,Low
2018-08-27,93.9160614013672,93.9160614013672,0.1321274841409568,0.0212,5.942760891480482,2.5661696614899157,8.508930552970398,2.3158098159535254,Low
2018-08-28,93.45738220214844,93.45738220214844,0.1315633688953638,0.0213,5.8981615359206785,2.535398110717189,8.433559646637868,2.3263256018804332,Low
2018-08-29,93.151611328125,93.151611328125,0.1202284269806501,0.0213,5.46884392401671,2.241019387902597,7.709863311919307,2.4403376220386392,Low
2018-08-30,92.69295501708984,92.69295501708984,0.1195982669944675,0.021099999999999997,5.409338956286973,2.2217794539423963,7.631118410229369,2.4346876314336554,Low
2018-08-31,92.20205688476562,92.20205688476562,0.1197190549032804,0.021099999999999997,5.385012105495875,2.213023819595662,7.598035925091537,2.433327674927494,Low
2018-09-04,92.66075134277344,92.66075134277344,0.1173369230491015,0.0213,5.33614048307242,2.1568602287468437,7.493000711819263,2.4740316558077424,Low
2018-09-05,92.21011352539062,92.21011352539062,0.1181012777973785,0.021400000000000002,5.342460563605336,2.161643726142458,7.504104289747794,2.4714806140321635,Low
2018-09-06,91.81580352783205,91.81580352783205,0.1173194869943097,0.0213,5.286861184093944,2.136760450645788,7.423621634739732,2.47424140712456,Low
2018-09-07,91.99284362792967,91.99284362792967,0.1172780612224692,0.021400000000000002,5.300522978032504,2.1361197738615942,7.436642751894098,2.4813791075256164,Low
2018-09-10,91.50196838378906,91.50196838378906,0.1159300423870551,0.021400000000000002,5.224449291064623,2.091464871224318,7.315914162288941,2.497985676425105,Low
2018-09-11,92.08135223388672,92.08135223388672,0.114398310356072,0.0215,5.2078777005623,2.0630060673134025,7.270883767875702,2.5244122075435187,Low
2018-09-12,90.99503326416016,90.99503326416016,0.1080328661566927,0.0216,4.927382195496776,1.8794790139538193,6.806861209450595,2.621674495386436,Low
2018-09-13,91.34908294677734,91.34908294677734,0.1061860260339858,0.0215,4.876403785029673,1.8452098838809334,6.7216136689106065,2.64273664889188,Low
2018-09-14,91.3330078125,91.3330078125,0.1022767286703384,0.0216,4.742817594248223,1.7459115336436355,6.488729127891858,2.7165280157982488,Low
2018-09-17,91.60659790039062,91.60659790039062,0.0971079432559345,0.0216,4.574721448978458,1.6251476657275177,6.199869114705976,2.814957400766734,Low
2018-09-18,91.97677612304688,91.97677612304688,0.0983081299878444,0.0217,4.640782847857508,1.657514356677197,6.298297204534705,2.7998447368871306,Low
2018-09-19,94.64836120605467,94.64836120605467,0.1399364562577079,0.0216,6.296414027558605,2.771217371256796,9.0676313988154,2.272075115025376,Low
2018-09-20,95.46109771728516,95.46109771728516,0.1412668730022274,0.0217,6.404871500309611,2.8255340687576975,9.230405569067308,2.266782613286854,Low
2018-09-21,94.83342742919922,94.83342742919922,0.1431834166203982,0.0218,6.438412352229918,2.852409684153237,9.290822036383155,2.2571835974330656,Low
2018-09-24,93.92414093017578,93.92414093017578,0.1476681909973829,0.0222,6.560088648255018,2.9237719981602623,9.48386064641528,2.243707324778694,Low
2018-09-25,93.65856170654295,93.65856170654295,0.14815704431443,0.022099999999999998,6.554496623900768,2.931977923738593,9.48647454763936,2.2355204556052954,Low
2018-09-26,92.55613708496094,92.55613708496094,0.1408595400978347,0.022000000000000002,6.209799303660162,2.717534656295598,8.92733395995576,2.285085597445531,Low
2018-09-27,92.1537628173828,92.1537628173828,0.140669203858617,0.0218,6.166354084269962,2.7087463255212043,8.875100409791166,2.2764605257317556,Low
2018-09-28,90.8019027709961,90.8019027709961,0.1487651838988585,0.0219,6.366664560667026,2.8653757482103117,9.232040308877338,2.2219300783304208,Low
2018-10-01,91.3330078125,91.3330078125,0.150044026091338,0.0223,6.468269872200516,2.8983252942739313,9.366595166474447,2.2317266750490483,Low
2018-10-02,91.71119689941406,91.71119689941406,0.1499568583177304,0.0223,6.4919430333735235,2.9081482763054325,9.400091309678956,2.2323287592546737,Low
2018-10-03,92.57223510742188,92.57223510742188,0.1526224219756584,0.0223,6.648916492854866,3.0027128895598523,9.651629382414718,2.214303111020876,Low
2018-10-04,93.40687561035156,93.40687561035156,0.154628614522859,0.0222,6.776993157232425,3.0849235781902635,9.861916735422689,2.196810710367118,Low
2018-10-05,92.88015747070312,92.88015747070312,0.15524692565859,0.0223,6.765916947043145,3.0791920734478566,9.845109020491002,2.197302664353497,Low
2018-10-08,93.4473648071289,93.4473648071289,0.1563775720382443,0.0223,6.848369034186874,3.1268294213892673,9.975198455576141,2.1901959177370496,Medium
2018-10-09,92.7990951538086,92.7990951538086,0.1572661780316205,0.0225,6.842502642789555,3.1196245321369815,9.962127174926536,2.1933737769725625,Medium
2018-10-10,90.3276138305664,90.3276138305664,0.1825069342107334,0.0227,7.557604464530108,3.652204641798626,11.209809106328734,2.0693266686195777,High
2018-10-11,87.62110137939453,87.62110137939453,0.2063015496019125,0.0227,8.144063221211667,4.115018342675349,12.259081563887015,1.979107392244785,High
2018-10-12,86.66490936279297,86.66490936279297,0.2075605734628153,0.022799999999999997,8.101996150628409,4.096140211300842,12.19813636192925,1.977958695914708,High
2018-10-15,86.17060089111328,86.17060089111328,0.2076646655027023,0.0231,8.071982330663836,4.063444121932136,12.135426452595972,1.986487838505251,High
2018-10-16,88.01815795898438,88.01815795898438,0.2230592622757672,0.023,8.768997844468089,4.527077853787347,13.296075698255436,1.9370106120732953,Medium
2018-10-17,88.9986801147461,88.9986801147461,0.2267266908204822,0.0231,8.998238321205164,4.663172015613256,13.66141033681842,1.929638943422464,Medium
2018-10-18,87.58869171142578,87.58869171142578,0.2033061400311472,0.0232,8.060327768252215,4.021499054224719,12.081826822476934,2.0043092537307876,Medium
2018-10-19,87.44285583496094,87.44285583496094,0.1985805891191422,0.0231,7.881525788653413,3.9053440081629134,11.786869796816326,2.018138676690074,Medium
2018-10-22,86.18682098388672,86.18682098388672,0.2016372914188752,0.023399999999999997,7.883780090969964,3.909850127532593,11.793630218502557,2.016389333047202,Medium
2018-10-23,85.287353515625,85.287353515625,0.2019309269411427,0.0233,7.80704695362121,3.879777721103366,11.686824674724576,2.0122407815159504,Medium
2018-10-24,83.69908142089844,83.69908142089844,0.2076689879172679,0.023399999999999997,7.852950995542734,3.935560693429231,11.788511688971965,1.9953830234797127,High
2018-10-25,84.97132873535156,84.97132873535156,0.2177732585783866,0.023399999999999997,8.306913372894037,4.231215178979774,12.538128551873811,1.9632453140558528,High
2018-10-26,83.80442810058594,83.80442810058594,0.2203854355725082,0.0233,8.274068949403173,4.2371297339462615,12.511198683349434,1.952753271422043,High
2018-10-29,84.96321105957031,84.96321105957031,0.2257335525436294,0.023399999999999997,8.569692406506668,4.4167204200010985,12.986412826507767,1.9402841003244975,High
2018-10-30,86.46234130859375,86.46234130859375,0.2350105498270675,0.0233,9.029302926190894,4.71929087305935,13.748593799250244,1.913275356205691,High
2018-10-31,88.3423080444336,88.3423080444336,0.2486087706723596,0.023399999999999997,9.697906887263898,5.148388842582037,14.846295729845934,1.883678017296023,High
2018-11-01,88.30989074707031,88.30989074707031,0.2453873888963821,0.0232,9.575091260374506,5.076491275818945,14.651582536193452,1.886163245465214,Medium
2018-11-02,87.82366180419922,87.82366180419922,0.2421525534001075,0.0233,9.415877023133781,4.966209686551579,14.38208670968536,1.8959886145427636,Medium
2018-11-05,88.39901733398438,88.39901733398438,0.244098973201014,0.0236,9.557286475823659,5.033665624535857,14.590952100359516,1.8986732907402675,Medium
2018-11-06,88.81229400634766,88.81229400634766,0.2435275210398895,0.0235,9.577948824791818,5.047395679229268,14.625344504021086,1.8976021365248623,Medium
2018-11-07,90.33570861816406,90.33570861816406,0.2519093243749521,0.023700000000000002,10.045766112719683,5.333865037348048,15.37963115006773,1.8833933821682058,Medium
2018-11-08,91.06501770019533,91.06501770019533,0.2355557525207541,0.0235,9.538075123807722,4.975685299333534,14.513760423141257,1.9169369745078724,Medium
2018-11-09,90.18175506591795,90.18175506591795,0.2111030402768023,0.0236,8.590715628690347,4.317191183427099,12.907906812117446,1.989885382345012,Medium
2018-11-12,88.28558349609375,88.28558349609375,0.2214252918353923,0.0236,8.765163482278112,4.476734346372602,13.241897828650714,1.95793692546897,Medium
2018-11-13,88.80419158935547,88.80419158935547,0.2207064453985119,0.023799999999999998,8.80043082355197,4.477328222676007,13.277759046227978,1.9655540951813741,Medium
2018-11-14,86.97284698486328,86.97284698486328,0.2212920000311746,0.023799999999999998,8.63878506323001,4.3989854513701445,13.037770514600155,1.9638130561535052,High
2018-11-15,89.1931381225586,89.1931381225586,0.2356123865264047,0.023700000000000002,9.352572741021497,4.866491621963128,14.219064362984625,1.9218306467049249,Medium
2018-11-16,89.1283187866211,89.1283187866211,0.2283137334986761,0.0236,9.08804470452857,4.6882196229789415,13.776264327507512,1.9384852748758252,Medium
2018-11-19,89.80900573730469,89.80900573730469,0.2292944944025222,0.023799999999999998,9.200460646902812,4.73992555366052,13.940386200563331,1.9410559391164992,Medium
2018-11-20,87.88040161132812,87.88040161132812,0.236805329680407,0.0239,9.2642188629707,4.815517339259522,14.079736202230222,1.9238262911945516,High
2018-11-21,87.22404479980469,87.22404479980469,0.2352080161573266,0.0241,9.149174496931806,4.733145140686624,13.88231963761843,1.933001043700207,Medium
2018-11-23,86.42181396484375,86.42181396484375,0.2272305133047903,0.0241,8.796550666538472,4.5001684965482625,13.296719163086735,1.9547158452590472,High
2018-11-26,88.5367660522461,88.5367660522461,0.2360779731116539,0.0241,9.316861995093042,4.82554955083026,14.142411545923302,1.9307359497510557,Medium
2018-11-27,88.90953063964844,88.90953063964844,0.229044933200542,0.0241,9.112588321975636,4.674028087990379,13.786616409966015,1.949622071247252,Medium
2018-11-28,89.89815521240234,89.89815521240234,0.2276217921531967,0.024,9.159733120565193,4.694999043463483,13.854732164028675,1.9509552687380514,Medium
2018-11-29,89.18505096435547,89.18505096435547,0.2238125034002497,0.023700000000000002,8.941751738560718,4.57674272340175,13.518494461962469,1.953737030670274,Medium
2018-11-30,90.1007080078125,90.1007080078125,0.2142907640305767,0.023700000000000002,8.699315067522086,4.388061818212776,13.087376885734862,1.982496014849957,Medium
2018-12-03,90.95153045654295,90.95153045654295,0.216202860777926,0.023799999999999998,8.85366400954419,4.473094791005934,13.326758800550124,1.9793150879221875,Medium
2018-12-04,86.89179992675781,86.89179992675781,0.2703424197284012,0.0242,10.30672232092114,5.550766351120416,15.857488672041555,1.8568106940478117,Medium
2018-12-06,85.23872375488281,85.23872375488281,0.2765311906669008,0.0241,10.311831061843371,5.594434775072415,15.906265836915786,1.8432301879343824,High
2018-12-07,83.69908142089844,83.69908142089844,0.2811890696796589,0.024,10.273280336777681,5.604728134172383,15.878008470950064,1.8329667542910493,High
2018-12-10,82.13516998291016,82.13516998291016,0.2767325147950982,0.0241,9.942807169789724,5.395292745163239,15.338099914952963,1.8428670397363018,High
2018-12-11,81.33292388916016,81.33292388916016,0.2734037894431697,0.0241,9.74038747091361,5.26806699259361,15.00845446350722,1.8489490518263432,High
2018-12-12,81.85962677001953,81.85962677001953,0.2758941336585505,0.024300000000000002,9.89042900335776,5.350478757521621,15.24090776087938,1.848512899794985,High
2018-12-13,81.94068908691406,81.94068908691406,0.2696799315045149,0.024300000000000002,9.702182053439856,5.215645304208216,14.917827357648072,1.8602074120361867,Medium
2018-12-14,81.26811218261719,81.26811218261719,0.2678989591199292,0.0242,9.562416259033249,5.136867812833124,14.699284071866373,1.8615266359675533,High
2018-12-17,80.23086547851562,80.23086547851562,0.2630398684724054,0.024,9.281108349898126,4.971629231839884,14.25273758173801,1.8668142608984146,High
2018-12-18,79.85005950927734,79.85005950927734,0.2408906109827037,0.0239,8.544713975464859,4.465187248253656,13.009901223718515,1.9136294852599327,High
2018-12-19,78.83712768554688,78.83712768554688,0.2416394131186362,0.024,8.463091964562224,4.42109922168207,12.884191186244294,1.91425062868015,High
2018-12-20,78.15644073486328,78.15644073486328,0.2367526874188053,0.0239,8.237531259145953,4.281549402020914,12.519080661166868,1.9239603437152435,High
2018-12-21,76.30889892578125,76.30889892578125,0.2386478799953311,0.0239,8.099127127652196,4.220103541329479,12.319230668981675,1.9191773491653927,High
2018-12-24,74.6639175415039,74.6639175415039,0.2443029835479455,0.0245,8.110425068605913,4.224327399709335,12.334752468315248,1.9199328795310635,High
2018-12-26,77.75936126708984,77.75936126708984,0.29531603107481,0.024399999999999998,9.985673286137214,5.494440584456385,15.480113870593598,1.817414008331694,High
2018-12-27,78.6345443725586,78.6345443725586,0.2822717189563306,0.0241,9.688429445249291,5.285258564361435,14.973688009610726,1.8331041570186355,High
2018-12-28,78.46435546875,78.46435546875,0.2803272474853608,0.024,9.60446863073107,5.235576843807991,14.84004547453906,1.8344623557746227,High
2018-12-31,79.1045150756836,79.1045150756836,0.278261685969988,0.0245,9.637782092237181,5.214384227189832,14.852166319427013,1.8483068512638612,High
2019-01-02,80.47399139404297,80.47399139404297,0.2895176603920619,0.0242,10.145497547085206,5.565563154321232,15.711060701406439,1.8229058346428082,High
2019-01-03,79.330322265625,79.330322265625,0.2858340951626913,0.0241,9.884033482965393,5.409831856726775,15.293865339692168,1.827050034960927,High
2019-01-04,82.2548599243164,82.2548599243164,0.3174353164377312,0.0242,11.261899428814289,6.321010653491555,17.582910082305844,1.7816612004274222,High
2019-01-07,82.31204223632812,82.31204223632812,0.2807140569213169,0.0245,10.107049360178856,5.48136470365457,15.588414063833426,1.8438928819022422,High
2019-01-08,82.15679931640625,82.15679931640625,0.2741204468572356,0.0246,9.881230749009973,5.3180522590046735,15.199283008014646,1.858054465764002,Medium
2019-01-09,82.0179443359375,82.0179443359375,0.2675039572902359,0.0245,9.649639147616767,5.1636686047026075,14.813307752319375,1.868756476515309,Medium
2019-01-10,82.009765625,82.009765625,0.2594638292379705,0.024300000000000002,9.384410859494984,4.9895245810622555,14.37393544055724,1.8808226529464396,Medium
2019-01-11,81.6176528930664,81.6176528930664,0.25766464659236,0.024300000000000002,9.282400558281395,4.9252732423449075,14.207673800626303,1.884646820906544,Medium
2019-01-14,82.45906066894531,82.45906066894531,0.2591657463196388,0.0245,9.434079283751977,5.002317631428802,14.43639691518078,1.885941673211451,Medium
2019-01-15,83.0635986328125,83.0635986328125,0.26028375197521,0.0245,9.539372560307783,5.064532260451529,14.603904820759311,1.8835643786495102,Medium
2019-01-16,83.73347473144531,83.73347473144531,0.259383719588449,0.024300000000000002,9.579045485601398,5.092550811241793,14.671596296843191,1.8809916367364816,Medium
2019-01-17,84.07655334472656,84.07655334472656,0.2542285405973865,0.0242,9.445628265127041,4.998149731320147,14.443777996447189,1.889824989823223,Medium
2019-01-18,85.44081115722656,85.44081115722656,0.2572525153409889,0.0241,9.69539705691912,5.154358042667866,14.849755099586986,1.8810096187848135,Medium
2019-01-22,84.09288024902344,84.09288024902344,0.2599233632896106,0.024300000000000002,9.63781905311646,5.126893264166469,14.764712317282928,1.8798556077768038,Medium
2019-01-23,83.8805160522461,83.8805160522461,0.2572835943570778,0.0241,9.519357178772644,5.060947933397976,14.58030511217062,1.8809435117782851,Medium
2019-01-24,83.92949676513672,83.92949676513672,0.2378006793988809,0.023700000000000002,8.872182941636325,4.629812564617211,13.501995506253536,1.9163157941729483,Medium
2019-01-25,84.46049499511719,84.46049499511719,0.2176762806504886,0.0239,8.274399961077862,4.18416599780015,12.458565958878012,1.9775505956092985,Medium
2019-01-28,84.86079406738281,84.86079406738281,0.1772288410320809,0.0242,6.989977813664957,3.2524504278652344,10.242428241530192,2.149141998838356,Medium
2019-01-29,85.09770202636719,85.09770202636719,0.1754099680093914,0.0242,6.949291847119959,3.2192795586610927,10.168571405781051,2.158648144869465,Medium
2019-01-30,85.29376220703125,85.29376220703125,0.1741859868114853,0.0242,6.924702591472574,3.1982075091982765,10.12291010067085,2.16518239406187,Medium
2019-01-31,84.55037689208984,84.55037689208984,0.1788682957108056,0.0241,7.014050558071766,3.2821109017279895,10.296161459799755,2.1370547090224643,Medium
2019-02-01,84.86079406738281,84.86079406738281,0.1715232256889491,0.024,6.793040755931237,3.127708139677253,9.92074889560849,2.1718908710683626,Medium
2019-02-04,85.1630630493164,85.1630630493164,0.160213246394041,0.0242,6.451590727441307,2.8691164613190807,9.320707188760387,2.2486332689594546,Medium
2019-02-05,84.78729248046875,84.78729248046875,0.1089481085868859,0.0242,4.74227160664703,1.6863227203245543,6.428594326971584,2.8121969475299005,Low
2019-02-06,84.7464370727539,84.7464370727539,0.1091261957510943,0.0242,4.7457816926807155,1.6895112465082178,6.435292939188933,2.8089672101852043,Low
2019-02-07,83.63543701171875,83.63543701171875,0.1199026187716402,0.0242,5.030373684731032,1.9073625969016916,6.9377362816327235,2.637345249876631,Medium
2019-02-08,82.80218505859375,82.80218505859375,0.1254607626396774,0.024300000000000002,5.162281573568784,2.0083032463193504,7.170584819888134,2.570469167457544,Medium
2019-02-11,82.41006469726562,82.41006469726562,0.126745030604843,0.0245,5.187567810990068,2.0205892622011987,7.208157073191266,2.567353943739566,Medium
2019-02-12,83.81513977050781,83.81513977050781,0.1377202191064647,0.024300000000000002,5.622685463035943,2.309311408517182,7.931996871553125,2.434788760969354,Low
2019-02-13,84.21544647216797,84.21544647216797,0.1344784939536537,0.024399999999999998,5.548370993787351,2.243300157421878,7.791671151209229,2.473307450824521,Low
2019-02-14,83.66810607910156,83.66810607910156,0.1348438116098757,0.024300000000000002,5.519682954563493,2.240364644508958,7.7600475990724505,2.463743109003264,Medium
2019-02-15,86.22502899169922,86.22502899169922,0.1682360138663051,0.024300000000000002,6.805250672662467,3.089503083687994,9.894753756350461,2.2027007218710786,Low
2019-02-19,85.92276763916016,85.92276763916016,0.1687626950336203,0.0245,6.807771214855158,3.0835833347226966,9.891354549577855,2.2077467919210214,Low
2019-02-20,86.33939361572266,86.33939361572266,0.1604013448439232,0.0245,6.560373596113131,2.902110977633221,9.462484573746352,2.2605522830361773,Low
2019-02-21,86.15968322753906,86.15968322753906,0.1493621427632204,0.0245,6.1776657861686175,2.6379724492835805,8.815638235452198,2.3418234666728024,Low
2019-02-22,85.7757339477539,85.7757339477539,0.1501133830407618,0.0246,6.179602741048583,2.6400816456594,8.819684386707983,2.3406862250675338,Low
2019-02-25,86.67433166503906,86.67433166503906,0.1535460492441762,0.024700000000000003,6.364233404436078,2.7447305709173335,9.108963975353412,2.3187097020998486,Low
2019-02-26,86.01262664794922,86.01262664794922,0.1556843890323836,0.0245,6.378059979146258,2.7809273449051517,9.15898732405141,2.2935011196287807,Low
2019-02-27,85.90643310546875,85.90643310546875,0.1551906730307319,0.0245,6.353727096679812,2.7659824222664184,9.11970951894623,2.2970959777371367,Low
2019-02-28,85.2529067993164,85.2529067993164,0.15750871612822,0.0245,6.382085604655835,2.798591391750314,9.180676996406149,2.2804635301419647,Low
2019-03-01,85.31010437011719,85.31010437011719,0.1573210244940773,0.024399999999999998,6.375735466740188,2.7997403180633356,9.175475784803524,2.277259582113843,Low
2019-03-04,85.11405944824219,85.11405944824219,0.1543522103533398,0.0246,6.271855146991761,2.717513680263849,8.98936882725561,2.3079387576009602,Low
2019-03-05,85.04867553710938,85.04867553710938,0.1539038260856023,0.0246,6.252243868805898,2.7050827196128893,8.957326588418788,2.311294890716179,Low
2019-03-06,84.73009490966797,84.73009490966797,0.1539217408425084,0.024700000000000003,6.233820021455571,2.6917928457755167,8.925612867231088,2.3158617243666764,Medium
2019-03-07,84.11740112304688,84.11740112304688,0.1551998099488747,0.0245,6.221706706574544,2.7085884410706385,8.930295147645182,2.2970291876883504,Medium
2019-03-08,84.15007781982422,84.15007781982422,0.1552217281709072,0.0246,6.2292083637473254,2.70658603312598,8.935794396873305,2.301500224824881,Medium
2019-03-11,85.24473571777344,85.24473571777344,0.1543252408596983,0.0246,6.280592509996346,2.721062288913984,9.00165479891033,2.3081399259342286,Low
2019-03-12,84.99150848388672,84.99150848388672,0.1499128862398379,0.0246,6.116497438078362,2.6113282620182474,8.72782570009661,2.3422935856218374,Low
2019-03-13,85.27742004394531,85.27742004394531,0.1484547973209325,0.0245,6.084407804632242,2.590003263046178,8.67441106767842,2.34918924290319,Low
2019-03-14,86.05349731445312,86.05349731445312,0.1405588246541189,0.0245,5.876520346251439,2.4298399477186408,8.30636029397008,2.41848042368752,Low
2019-03-15,87.04195404052734,87.04195404052734,0.1444893937962493,0.0245,6.076532648334592,2.5501929399546057,8.626725588289197,2.3827736925829446,Low
2019-03-18,87.56478881835938,87.56478881835938,0.1421405538775317,0.024399999999999998,6.02874349523313,2.513538397228686,8.542281892461816,2.398508613148759,Low
2019-03-19,87.24616241455078,87.24616241455078,0.1005673256049653,0.0246,4.6192155692182055,1.5292660643913472,6.148481633609553,3.02054408763505,Low
2019-03-20,85.38362884521484,85.38362884521484,0.1260362437213069,0.0248,5.365202931160823,2.067068270904393,7.432271202065216,2.595561552891243,Low
2019-03-21,84.03571319580078,84.03571319580078,0.13552006554567,0.024900000000000002,5.592749110464851,2.24499488178348,7.837743992248331,2.4912079559049287,Low
2019-03-22,81.49512481689453,81.49512481689453,0.1696036338940264,0.0246,6.487759827576475,2.93983390464539,9.427593732221865,2.206845705577045,Medium
2019-03-25,80.8171157836914,80.8171157836914,0.1706596807659394,0.0246,6.466946293934392,2.9386229664557852,9.405569260390177,2.2006723447527015,Medium
2019-03-26,81.62581634521484,81.62581634521484,0.1702117261362251,0.0246,6.517450246667103,2.9580680013126326,9.475518247979736,2.2032793849820242,Low
2019-03-27,81.34807586669922,81.34807586669922,0.1693338836006795,0.024399999999999998,6.459209608833767,2.935577367874579,9.394786976708346,2.200320005025237,Low
2019-03-28,82.27118682861328,82.27118682861328,0.1760755712714335,0.024300000000000002,6.743942918203302,3.1237058351953664,9.867648753398669,2.158955828112257,Low
2019-03-29,82.69599151611328,82.69599151611328,0.1765428330512774,0.024,6.781214807215889,3.161226603408778,9.942441410624667,2.145121390508243,Low
2019-04-01,85.48165130615234,85.48165130615234,0.2134148084032378,0.024300000000000002,8.249319461733684,4.119176840616021,12.368496302349705,2.0026621290917928,Low
2019-04-02,85.89008331298828,85.89008331298828,0.2138187655002718,0.0242,8.298030447252508,4.152284499215249,12.450314946467756,1.9984253123360827,Low
2019-04-03,86.06166076660156,86.06166076660156,0.2138375894231673,0.024399999999999998,8.323682337540028,4.153193870118116,12.476876207658144,2.00416416807032,Low
2019-04-04,86.89305114746094,86.89305114746094,0.2154449851687659,0.024399999999999998,8.458469101970607,4.231628003827929,12.690097105798536,1.998868779183586,Low
2019-04-05,86.68724822998047,86.68724822998047,0.2136858163579257,0.024399999999999998,8.379065548839897,4.179775014807028,12.558840563646925,2.0046690358109482,Low
2019-04-08,86.9671401977539,86.9671401977539,0.2137368744579596,0.024300000000000002,8.403580566778324,4.198442841042699,12.602023407821022,2.0015946113705487,Low
2019-04-09,86.32506561279297,86.32506561279297,0.2117215769052051,0.0242,8.269559332489429,4.123646416716383,12.393205749205812,2.005399711034001,Low
2019-04-10,86.71196746826172,86.71196746826172,0.211708919881096,0.024300000000000002,8.310456521070265,4.137889319797878,12.448345840868143,2.008380572507967,Low
2019-04-11,87.444580078125,87.444580078125,0.2131514416972278,0.024300000000000002,8.429783068327119,4.207448731552908,12.637231799880027,2.0035379171966303,Low
2019-04-12,91.5439224243164,91.5439224243164,0.2625415771280294,0.024399999999999998,10.58936459058824,5.642769776551617,16.232134367139857,1.8766253116673426,Low
2019-04-15,90.4985122680664,90.4985122680664,0.2652017309083883,0.024300000000000002,10.5578174303214,5.648847575007849,16.20666500532925,1.869021475642619,Low
2019-04-16,91.453369140625,91.453369140625,0.2665432206073067,0.024300000000000002,10.716941327437297,5.74220561814932,16.459146945586618,1.8663457981310159,Low
2019-04-17,94.08749389648438,94.08749389648438,0.2806260048667813,0.024399999999999998,11.545333869739032,6.267744510335774,17.813078380074806,1.8420236898138225,Low
2019-04-18,93.39602661132812,93.39602661132812,0.2686289634403406,0.0242,11.01597164080777,5.922223094419195,16.938194735226965,1.8601075078020393,Low
2019-04-22,93.51126861572266,93.51126861572266,0.2587825886350471,0.024399999999999998,10.680179040141581,5.66734702281412,16.3475260629557,1.8845112178852146,Low
2019-04-23,93.62650299072266,93.62650299072266,0.2245167308651006,0.0245,9.449157447048684,4.788337645473931,14.237495092522614,1.9733690785110547,Low
2019-04-24,93.4701156616211,93.4701156616211,0.2200543398563394,0.024399999999999998,9.266438192079974,4.67014018998325,13.936578382063225,1.9841884429840229,Low
2019-04-25,93.51950073242188,93.51950073242188,0.2208407799700394,0.024300000000000002,9.295405157106508,4.697072789227434,13.992477946333942,1.9789783071757334,Low
2019-04-26,94.22745513916016,94.22745513916016,0.2179027395040801,0.0242,9.253372234385964,4.660950927322759,13.914323161708722,1.9852970732092825,Low
2019-04-29,95.58565521240234,95.58565521240234,0.218902920902957,0.024399999999999998,9.433319679916096,4.74563816437248,14.178957844288576,1.987787385632565,Low
2019-04-30,95.52804565429688,95.52804565429688,0.2204644345372997,0.024300000000000002,9.481046952053688,4.788084747516763,14.269131699570451,1.9801334880237509,Low
2019-05-01,94.79541015625,94.79541015625,0.2039324990256796,0.024300000000000002,8.798169457397073,4.321527448186863,13.119696905583936,2.035893457321074,Low
2019-05-02,95.0011978149414,95.0011978149414,0.2041563566699638,0.024700000000000003,8.844353959693962,4.319637174531778,13.16399113422574,2.047476119485113,Low
2019-05-03,95.58565521240234,95.58565521240234,0.2039430001642835,0.024300000000000002,8.871904600781392,4.357828168154391,13.229732768935783,2.0358546180444703,Low
2019-05-06,94.73778533935548,94.73778533935548,0.2086997765213357,0.024399999999999998,8.97332380620464,4.438416506419571,13.411740312624211,2.0217399140495123,Low
2019-05-07,93.19025421142578,93.19025421142578,0.2196488169747584,0.024300000000000002,9.219429196478401,4.650046830757795,13.869476027236196,1.9826529779219357,Medium
2019-05-08,92.69635772705078,92.69635772705078,0.2217381980596389,0.024300000000000002,9.245978785621354,4.67856539971082,13.924544185332174,1.9762422870465473,Medium
2019-05-09,92.62226104736328,92.62226104736328,0.2189786621538528,0.024300000000000002,9.139068570819006,4.604668709297911,13.743737280116918,1.9847396518157914,Medium
2019-05-10,92.61405181884766,92.61405181884766,0.2192547077937501,0.024300000000000002,9.148212940799915,4.611277271565889,13.759490212365804,1.9838783057374865,Medium
2019-05-13,90.09514617919922,90.09514617919922,0.242544635878626,0.0241,9.707706853303605,5.070657360166749,14.778364213470354,1.9144868532360009,Medium
2019-05-14,90.81129455566406,90.81129455566406,0.1834883286574203,0.0241,7.696681738306488,3.639798715579353,11.33648045388584,2.1145899374497126,Medium
2019-05-15,90.46558380126952,90.46558380126952,0.1795209957140376,0.0242,7.532303940096206,3.5238897943360428,11.056193734432249,2.137497021672726,Medium
2019-05-16,91.62622833251952,91.62622833251952,0.1813432041290322,0.024,7.684648299139347,3.6227733020867703,11.307421601226118,2.1212059542099633,Low
2019-05-17,91.18175506591795,91.18175506591795,0.1497839981298303,0.0239,6.524119542254866,2.8251350305337226,9.349254572788588,2.309312465331023,Medium
2019-05-20,91.65916442871094,91.65916442871094,0.1499076937270901,0.0239,6.562679076252152,2.8430035177833872,9.40568259403554,2.308361222630106,Medium
2019-05-21,91.9719696044922,91.9719696044922,0.1504843328123657,0.0239,6.60566080723671,2.867098979974621,9.47275978721133,2.303952829453827,Low
2019-05-22,91.22288513183594,91.22288513183594,0.1524092414545101,0.023799999999999998,6.615289084935789,2.8952826566101706,9.51057174154596,2.2848508658843842,Low
2019-05-23,89.42839050292969,89.42839050292969,0.165530426891784,0.023700000000000002,6.936554627010928,3.1615221511330915,10.09807677814402,2.194055361758216,Medium
2019-05-24,90.3091812133789,90.3091812133789,0.1704330230910618,0.0235,7.167891865930152,3.321309200825276,10.489201066755427,2.1581525333892673,Medium
2019-05-28,89.32960510253906,89.32960510253906,0.1698587977638193,0.023700000000000002,7.079282268221732,3.2634999225371573,10.34278219075889,2.1692301015034356,Medium
2019-05-29,89.08264923095703,89.08264923095703,0.1584264257119058,0.023700000000000002,6.663709184539407,2.9769019488875657,9.640611133426972,2.2384711686690113,Medium
2019-05-30,88.12779998779297,88.12779998779297,0.1601104536902342,0.023799999999999998,6.6545021802094055,2.9816165615156507,9.636118741725056,2.2318437139437908,Medium
2019-05-31,87.22232055664062,87.22232055664062,0.1611643818503445,0.0235,6.608406481699312,2.987258412625579,9.59566489432489,2.2121977977429186,Medium
2019-06-03,87.63390350341797,87.63390350341797,0.1626154346814228,0.0235,6.689039836250139,3.036011125470928,9.725050961721067,2.2032329790005543,Medium
2019-06-04,90.33386993408205,90.33386993408205,0.1989102710475856,0.0235,8.171610673643073,4.026324482690555,12.197935156333628,2.0295459813965286,Medium
2019-06-05,90.6549072265625,90.6549072265625,0.1986838547985253,0.0235,8.192654754835893,4.035004389162147,12.22765914399804,2.0303955001489022,Medium
2019-06-06,90.85246276855467,90.85246276855467,0.1920788721690211,0.0233,7.967674133658647,3.887429623249602,11.85510375690825,2.0495995827181726,Medium
2019-06-07,89.85643768310547,89.85643768310547,0.1946176202328078,0.022799999999999997,7.946888006531061,3.927581346027459,11.87446935255852,2.023354147602549,Medium
2019-06-10,90.8277587890625,90.8277587890625,0.1991877605348815,0.0229,8.199125549921384,4.07987366342379,12.278999213345173,2.009651824130446,Medium
2019-06-11,91.10765075683594,91.10765075683594,0.1996578391401724,0.0227,8.23208132641497,4.112464634325391,12.344545960740362,2.0017391171475354,Medium
2019-06-12,89.94697570800781,89.94697570800781,0.1803157904334091,0.022400000000000003,7.435382488005317,3.5948131468544986,11.030195634859815,2.068364108023628,Medium
2019-06-13,90.1692352294922,90.1692352294922,0.1782473522051294,0.0219,7.358375786764263,3.5726470094830916,10.931022796247355,2.0596425471737017,Medium
2019-06-14,90.39971923828124,90.39971923828124,0.1780472363159871,0.022000000000000002,7.374670773727239,3.5727874315265,10.947458205253739,2.0641224576230544,Low
2019-06-17,89.90583038330078,89.90583038330078,0.1726732594382064,0.0223,7.159591170715949,3.4088979431065596,10.568489113822508,2.100265625491665,Low
2019-06-18,91.1323471069336,91.1323471069336,0.1790164900551289,0.0222,7.478044908390352,3.6178435656786974,11.09588847406905,2.0669895678553174,Low
2019-06-19,90.47382354736328,90.47382354736328,0.1796232467924105,0.0218,7.427253013626384,3.6229073185920058,11.05016033221839,2.050080877175982,Low
2019-06-20,90.70428466796876,90.70428466796876,0.1794042583209352,0.021400000000000002,7.420234762849724,3.6429281045852164,11.06316286743494,2.036887511864468,Low
2019-06-21,90.08692932128906,90.08692932128906,0.1787519336044218,0.021099999999999997,7.333253017905392,3.614120718203502,10.947373736108894,2.029055914200505,Low
2019-06-24,89.44486236572266,89.44486236572266,0.1664859926844984,0.0213,6.861782317496363,3.2793137672559567,10.14109608475232,2.092444579720141,Low
2019-06-25,88.70401763916016,88.70401763916016,0.1648815011262075,0.0212,6.744920755553856,3.21706011317211,9.961980868725966,2.09661010931598,Medium
2019-06-26,89.29669189453125,89.29669189453125,0.1626003014972958,0.0215,6.7241501361920015,3.1709618297071245,9.895111965899126,2.1205396019582663,Medium
2019-06-27,89.59302520751953,89.59302520751953,0.1626686567517894,0.021400000000000002,6.74429123963894,3.1870961258654944,9.931387365504435,2.116124199990186,Medium
2019-06-28,92.02960205078124,92.02960205078124,0.1815579624275242,0.0212,7.596822014697658,3.7588696404537103,11.355691655151368,2.0210389668583164,Low
2019-07-01,93.57713317871094,93.57713317871094,0.1824330725317399,0.022099999999999998,7.798651263335245,3.8067632774403606,11.605414540775605,2.0486304755411533,Low
2019-07-02,93.67591857910156,93.67591857910156,0.1825290336378831,0.022000000000000002,7.805700594527202,3.817441973971434,11.623142568498636,2.044746363598718,Low
2019-07-03,93.52669525146484,93.52669525146484,0.1539162707198102,0.022099999999999998,6.754931070155749,3.074733997912567,9.829665068068316,2.1969155948910255,Low
2019-07-05,94.0821304321289,94.0821304321289,0.1545027265911382,0.0223,6.826219612800031,3.0999375954628974,9.926157208262929,2.202050655081238,Low
2019-07-08,93.5681381225586,93.5681381225586,0.1565095473347206,0.0226,6.876464745423824,3.12212690082648,9.998591646250304,2.202493673016144,Low
2019-07-09,93.966064453125,93.966064453125,0.15003845140669,0.0226,6.66914271503542,2.9696932371630353,9.638835952198455,2.2457345531777855,Low
2019-07-10,93.69248962402344,93.69248962402344,0.1475922741497801,0.022000000000000002,6.531422661046399,2.9226260992996558,9.454048760346055,2.2347787363602594,Low
2019-07-11,94.58781433105467,94.58781433105467,0.1501309695562785,0.0217,6.672636887208384,3.0282109692472474,9.700847856455631,2.2034914195119857,Low
2019-07-12,95.58258819580078,95.58258819580078,0.1430889863294966,0.021400000000000002,6.465870398192436,2.8887726249973937,9.35464302318983,2.238275986916163,Low
2019-07-15,94.42202758789062,94.42202758789062,0.1523796911354512,0.0216,6.738776927191211,3.084943626441074,9.823720553632285,2.18440845058986,Low
2019-07-16,95.43338012695312,95.43338012695312,0.1551781562973364,0.0215,6.9101147545882355,3.1950956246888467,10.105210379277082,2.1627254912788954,Low
2019-07-17,94.49662017822266,94.49662017822266,0.1587507609714627,0.021400000000000002,6.969048251492261,3.260184080649985,10.229232332142246,2.1376241583582103,Low
2019-07-18,95.0603485107422,95.0603485107422,0.1541226727960512,0.020499999999999997,6.795263231470749,3.1966089094500276,9.991872140920776,2.125772474506387,Low
2019-07-19,94.12357330322266,94.12357330322266,0.1563870567322887,0.0206,6.816283940395607,3.2193698629643634,10.03565380335997,2.117272705696276,Low
2019-07-22,94.72872924804688,94.72872924804688,0.1571639420723055,0.0209,6.903339613848381,3.247767944348915,10.151107558197296,2.1255643051284268,Low
2019-07-23,96.46131896972656,96.46131896972656,0.1630287465566701,0.0206,7.2356543994925815,3.4749730174572733,10.710627416949855,2.082218872820801,Low
2019-07-24,96.85093688964844,96.85093688964844,0.158574635245547,0.021,7.116239760067074,3.353699017819139,10.469938777886213,2.1219076972192514,Low
2019-07-25,95.92245483398438,95.92245483398438,0.1599001913707426,0.021,7.097622242535181,3.356374724942931,10.453996967478112,2.1146691964365996,Low
2019-07-26,96.34527587890624,96.34527587890624,0.1595689747275763,0.0212,7.126286554303491,3.353974830362425,10.480261384665916,2.1247286919960087,Low
2019-07-29,96.03854370117188,96.03854370117188,0.1613055243204045,0.0212,7.168649211642915,3.388968049394336,10.557617261037251,2.1152897009235807,Low
2019-07-30,95.82300567626952,95.82300567626952,0.1375789732467849,0.0208,6.2466123321309155,2.776633220884065,9.02324555301498,2.2497074100921504,Low
2019-07-31,96.1628875732422,96.1628875732422,0.1269459128952075,0.0208,5.870909216958523,2.5083113257997027,8.379220542758226,2.340582349795336,Medium
2019-08-01,93.6261749267578,93.6261749267578,0.1598493778908034,0.0207,6.911548556048395,3.287077336396365,10.19862589244476,2.102642514527982,Medium
2019-08-02,93.6178970336914,93.6178970336914,0.1597482302184297,0.0206,6.902475898155039,3.2883154084491437,10.190791306604183,2.0990917964923654,Medium
2019-08-05,90.83248138427734,90.83248138427734,0.1892938508914176,0.020499999999999997,7.740861527911164,3.932071197013464,11.672932724924628,1.9686473464139207,High
2019-08-06,91.5453872680664,91.5453872680664,0.1915174099989093,0.020499999999999997,7.881169615317013,4.018986834034642,11.900156449351655,1.9609841835199902,Medium
2019-08-07,89.55582427978516,89.55582427978516,0.2035567329144959,0.0202,8.118143863011895,4.241173273657466,12.359317136669361,1.9141269029102979,Medium
2019-08-08,91.0728759765625,91.0728759765625,0.2139802859693782,0.0202,8.626794499794059,4.574933489585142,13.2017279893792,1.8856655554518984,Medium
2019-08-09,90.97341918945312,90.97341918945312,0.2103202992372254,0.02,8.478357082725232,4.486536724838118,12.96489380756335,1.8897331288492119,Medium
2019-08-12,89.26566314697266,89.26566314697266,0.2132750093161955,0.02,8.42233340254873,4.475120278228346,12.897453680777076,1.8820350915535717,High
2019-08-13,90.6417999267578,90.6417999267578,0.219904826067218,0.02,8.787136098554392,4.710031898550433,13.497167997104825,1.8656213562499937,Medium
2019-08-14,86.87820434570312,86.87820434570312,0.255533779103563,0.0196,9.615583780535196,5.386575385047401,15.002159165582597,1.7851014964400393,High
2019-08-15,87.20978546142578,87.20978546142578,0.2562873879165165,0.0191,9.65747250385175,5.446419864138399,15.103892367990149,1.7731781142031955,High
2019-08-16,89.29884338378906,89.29884338378906,0.2716916333890967,0.0187,10.409648276841146,5.975063977552729,16.384712254393875,1.7421818939426215,Medium
2019-08-19,90.1029815673828,90.1029815673828,0.273487142303355,0.0194,10.59587388154008,6.04276541987042,16.6386393014105,1.7534809222773526,Medium
2019-08-20,88.9589614868164,88.9589614868164,0.2740602376027922,0.0194,10.481244782182529,5.980146946025833,16.461391728208362,1.7526734504656187,Medium
2019-08-21,89.20767211914062,89.20767211914062,0.2641414741734522,0.0197,10.177524129607633,5.73905826566925,15.916582395276883,1.773378777227103,Medium
2019-08-22,90.1278076171875,90.1278076171875,0.2673088237837653,0.02,10.406596868576337,5.864064599926479,16.270661468502816,1.7746388518139464,Medium
2019-08-23,87.88956451416016,87.88956451416016,0.2770726487470219,0.0197,10.47083424604643,5.968600925189747,16.439435171236177,1.7543197103119357,Medium
2019-08-26,88.59422302246094,88.59422302246094,0.2787432052979818,0.020099999999999996,10.62897131666356,6.0400541393922325,16.669025456055792,1.7597476895684045,Medium
2019-08-27,87.6574478149414,87.6574478149414,0.2796627843101024,0.019799999999999998,10.535843973555558,6.011342707303157,16.547186680858715,1.7526606760841636,Medium
2019-08-28,88.53618621826172,88.53618621826172,0.2839909930645217,0.0199,10.795057894023522,6.1732395660841135,16.968297460107635,1.7486860470038712,Medium
2019-08-29,90.54232025146484,90.54232025146484,0.2973137367646188,0.0199,11.510020492597683,6.646689864427749,18.156710357025432,1.731692124556295,Medium
2019-08-30,91.0728759765625,91.0728759765625,0.2855489535859399,0.0199,11.159696044226976,6.38934894570405,17.549044989931026,1.7466092616103432,Medium
2019-09-03,89.9952163696289,89.9952163696289,0.2878326967410585,0.019799999999999998,11.103654390001616,6.375005561098845,17.47865995110046,1.74174818885769,Medium
2019-09-04,91.08116912841795,91.08116912841795,0.2722043355828621,0.0197,10.67799792258851,6.062700689361591,16.7406986119501,1.761260941237875,Medium
2019-09-05,93.15363311767578,93.15363311767578,0.2820031790912466,0.0197,11.277203348872519,6.45312272989711,17.73032607876963,1.7475575501804108,Medium
2019-09-06,93.35260772705078,93.35260772705078,0.2695318497630888,0.0196,10.842545099454846,6.149440989459606,16.99198608891445,1.7631757289873033,Low
2019-09-09,95.66547393798828,95.66547393798828,0.2760818546122661,0.0196,11.35579413188416,6.475126964928421,17.83092109681258,1.7537562110196694,Low
2019-09-10,96.88410949707033,96.88410949707033,0.2780283281741715,0.0195,11.569563749129898,6.614521965343883,18.18408571447378,1.7491156291788665,Low
2019-09-11,97.1494140625,97.1494140625,0.2663622975830924,0.0196,11.163294052501755,6.3143755359083755,17.47766958841013,1.76791734812393,Low
2019-09-12,97.74624633789062,97.74624633789062,0.263350981081039,0.0195,11.112350915672032,6.276498249030247,17.38884916470228,1.7704698503483132,Low
2019-09-13,99.6695327758789,99.6695327758789,0.2087438418874201,0.0196,9.20796543162379,4.89063990392949,14.09860533555328,1.8827731365430223,Low
2019-09-16,98.7824935913086,98.7824935913086,0.2154110459627686,0.0199,9.397978927286687,5.0151059223842225,14.41308484967091,1.8739342842870226,Low
2019-09-17,98.29338073730467,98.29338073730467,0.2084263106989122,0.0199,9.082967148749354,4.800735177445539,13.883702326194893,1.8919950409725335,Low
2019-09-18,99.27989196777344,99.27989196777344,0.2087275699186973,0.0195,9.166510214294348,4.875714870852683,14.042225085147031,1.8800340990184432,Low
2019-09-19,98.96488189697266,98.96488189697266,0.2011578888749576,0.019299999999999998,8.834670187590675,4.662600198136907,13.497270385727582,1.8947947094243365,Low
2019-09-20,98.56696319580078,98.56696319580078,0.2035075647741626,0.0191,8.880163121910385,4.717003959967855,13.59716708187824,1.8825854710477923,Low
2019-09-23,98.55036926269533,98.55036926269533,0.2031559025667329,0.0194,8.87952595485742,4.6928544076738845,13.572380362531305,1.8921375315495355,Low
2019-09-24,97.26545715332033,97.26545715332033,0.1846575468933785,0.0192,8.050127842738107,4.14410831715707,12.194236159895176,1.94254764273648,Medium
2019-09-25,97.82086944580078,97.82086944580078,0.1843339749522348,0.0189,8.069185263192601,4.172509663445538,12.24169492663814,1.9338925284907071,Medium
2019-09-26,97.01675415039062,97.01675415039062,0.1820106306966028,0.0183,7.8857972375998955,4.102764194303141,11.988561431903037,1.922069332804857,Medium
2019-09-27,97.58875274658205,97.58875274658205,0.18110282849051,0.018000000000000002,7.883104822974637,4.115975537486207,11.999080360460844,1.9152457907437341,Medium
2019-09-30,97.56388092041016,97.56388092041016,0.1697428720897961,0.018799999999999997,7.485911430795326,3.7734475483678267,11.259358979163153,1.9838387402610895,Medium
2019-10-01,95.7898406982422,95.7898406982422,0.1855876333189061,0.0182,7.915557571009451,4.149938314473637,12.065495885483088,1.9073916215579776,Medium
2019-10-02,93.8831558227539,93.8831558227539,0.1954673137212273,0.0179,8.107586277052356,4.3368304059181995,12.444416682970555,1.8694727527247648,Medium
2019-10-03,93.74945831298828,93.74945831298828,0.1923365418649003,0.017,7.939748711954792,4.288946264823828,12.22869497677862,1.8512119811510215,Medium
2019-10-04,95.78004455566406,95.78004455566406,0.1908853526998356,0.0171,8.061891528739253,4.338871786609353,12.400763315348605,1.8580617094102436,Medium
2019-10-07,95.57112121582033,95.57112121582033,0.1912401667066391,0.0175,8.076313858543074,4.32091196393133,12.397225822474404,1.8691225199587118,Medium
2019-10-08,93.44029235839844,93.44029235839844,0.1882301195555493,0.0172,7.77223340421817,4.159839085628832,11.932072489847002,1.868397609674188,Medium
2019-10-09,94.11713409423828,94.11713409423828,0.1841104830996511,0.0169,7.6626038048602325,4.095836037289438,11.75843984214967,1.8708277712042467,Medium
2019-10-10,95.43743896484376,95.43743896484376,0.1912113650921283,0.0168,8.03125919962671,4.345391542864114,12.376650742490824,1.8482245202542058,Medium
2019-10-11,97.05020141601562,97.05020141601562,0.1994652585632459,0.0168,8.481200008142963,4.6407203306361,13.121920338779063,1.8275611120440975,Low
2019-10-14,97.30927276611328,97.30927276611328,0.1864887787946672,0.0168,8.008500550450435,4.303363376309562,12.311863926759997,1.8609863611653195,Low
2019-10-15,100.24231719970705,100.24231719970705,0.2123629974228199,0.0167,9.262417869366331,5.156461951610964,14.418879820977295,1.7962738707831631,Low
2019-10-16,100.0083236694336,100.0083236694336,0.211674359271804,0.0166,9.208975659246349,5.130107060018851,14.3390827192652,1.795084498531403,Low
2019-10-17,100.56822204589844,100.56822204589844,0.2098141068484268,0.0166,9.187151936388425,5.10695725822054,14.294109194608964,1.798948272300517,Low
2019-10-18,100.7436981201172,100.7436981201172,0.2093855862096964,0.0166,9.186248550339364,5.103898957243402,14.290147507582766,1.7998492186649448,Low
2019-10-21,103.24222564697266,103.24222564697266,0.2238342425461746,0.0167,10.004012938607389,5.639172604410113,15.643185543017502,1.7740214106558385,Low
2019-10-22,104.2784194946289,104.2784194946289,0.225236375652786,0.0165,10.151803796978527,5.746374385378317,15.898178182356844,1.7666450384454326,Low
2019-10-23,104.55416870117188,104.55416870117188,0.2177871098193843,0.0165,9.873217982879652,5.545534589636233,15.418752572515885,1.78039065905949,Low
2019-10-24,104.47895050048828,104.47895050048828,0.218084178433621,0.0167,9.888293774125039,5.540127844647081,15.42842161877212,1.7848493846002476,Low
2019-10-25,105.31461334228516,105.31461334228516,0.2146213337694883,0.0166,9.819316909645366,5.488360095940301,15.307677005585667,1.7891167376041235,Low
2019-10-28,105.71571350097656,105.71571350097656,0.214501620869509,0.0165,9.846676968655423,5.510814709748068,15.357491678403491,1.786791515823905,Low
2019-10-29,105.64885711669922,105.64885711669922,0.2145957616303785,0.0163,9.83421381482026,5.5202138531461955,15.354427667966455,1.7814914560267152,Low
2019-10-30,105.06391143798828,105.06391143798828,0.2021773713499927,0.016200000000000003,9.262762272280334,5.132788638304426,14.39555091058476,1.8046256966739644,Low
2019-10-31,104.38704681396484,104.38704681396484,0.186236711321749,0.0154,8.509154007013443,4.677751911913475,13.186905918926918,1.8190691099589973,Low
2019-11-01,106.7936553955078,106.7936553955078,0.1943461211251063,0.0152,9.03514966131916,5.036057361268021,14.071207022587181,1.794091888390289,Low
2019-11-04,107.64602661132812,107.64602661132812,0.1864916687832057,0.015300000000000001,8.780338162094623,4.836492947879279,13.616831109973901,1.8154349146615947,Low
2019-11-05,107.87997436523438,107.87997436523438,0.1848154653570947,0.015600000000000001,8.744201372902069,4.7815709478949415,13.52577232079701,1.8287298187537406,Low
2019-11-06,108.047119140625,108.047119140625,0.1546916050460024,0.015600000000000001,7.4794588748157125,3.8873034485968248,11.366762323412537,1.9240738403161002,Low
2019-11-07,108.63204956054688,108.63204956054688,0.1547752458130225,0.015600000000000001,7.523517852879664,3.9108617237929053,11.434379576672569,1.923749389324628,Low
2019-11-08,108.94959259033205,108.94959259033205,0.1531012739573779,0.0155,7.468428417576931,3.876822541319463,11.345250958896393,1.9264303016137225,Low
2019-11-11,108.56521606445312,108.56521606445312,0.1517774721922367,0.0155,7.385644273626916,3.8233872561597835,11.2090315297867,1.9317018598437945,Low
2019-11-12,107.93011474609376,107.93011474609376,0.1564768129245028,0.0159,7.563239213358692,3.921573351454313,11.484812564813005,1.9286236761461746,Low
2019-11-13,107.36190795898438,107.36190795898438,0.1316749400684257,0.015700000000000002,6.4676819483762955,3.17529683001446,9.642978778390756,2.036874753642116,Low
2019-11-14,107.46216583251952,107.46216583251952,0.1304022824197397,0.015700000000000002,6.420090328738176,3.14056972880455,9.560660057542727,2.0442438420821074,Low
2019-11-15,108.2393035888672,108.2393035888672,0.1308613051031574,0.015700000000000002,6.486001765010087,3.1769735472426888,9.662975312252776,2.041566185100698,Low
2019-11-18,109.15013885498048,109.15013885498048,0.1317548672183753,0.015700000000000002,6.578829629229205,3.2305896105874368,9.809419239816641,2.036417627193736,Low
2019-11-19,109.1167221069336,109.1167221069336,0.1086959816831668,0.015700000000000002,5.591203238932742,2.5380120068087635,8.129215245741506,2.202985338104444,Low
2019-11-20,108.32286834716795,108.32286834716795,0.1104480471329012,0.015700000000000002,5.624769676656754,2.571548507241708,8.196318183898462,2.1873084100171183,Low
2019-11-21,108.57355499267578,108.57355499267578,0.1104227978901194,0.0158,5.642430380814588,2.572095072863,8.214525453677588,2.193709882789829,Low
2019-11-22,109.29222106933594,109.29222106933594,0.1112283242203888,0.0158,5.714218913416637,2.6132454787433588,8.327464392159996,2.186636869707493,Low
2019-11-25,109.87715911865234,109.87715911865234,0.1098589888911063,0.0161,5.703332242640599,2.571929131866682,8.27526137450728,2.2175308689400683,Low
2019-11-26,110.02757263183594,110.02757263183594,0.1096849657259215,0.016,5.697846162986252,2.5749006406748336,8.272746803661086,2.2128411764630083,Low
2019-11-27,110.35346221923828,110.35346221923828,0.1093434833224371,0.016200000000000003,5.711649143607353,2.5628150981314093,8.274464241738762,2.228662203438637,Low
2019-11-29,110.10275268554688,110.10275268554688,0.1070279103090516,0.0159,5.58155237439798,2.501290005756715,8.082842380154695,2.2314695063555385,Low
2019-12-02,109.86042022705078,109.86042022705078,0.1036312976543537,0.016,5.429301412315297,2.3891483300225005,7.818449742337798,2.272484024574634,Low
2019-12-03,108.44822692871094,108.44822692871094,0.0879079137512727,0.015700000000000002,4.677096928349243,1.9079119096064545,6.585008837955698,2.451421842276769,Medium
2019-12-04,110.5874252319336,110.5874252319336,0.1069808230465272,0.0155,5.580696147270174,2.5297148523348554,8.11041099960503,2.206057391061032,Low
2019-12-05,111.18907165527344,111.18907165527344,0.1079110245357242,0.0154,5.645655406933571,2.57657195397001,8.222227360903581,2.1911499107310717,Low
2019-12-06,112.8436279296875,112.8436279296875,0.1173855285822392,0.015300000000000001,6.142434366579977,2.9133359774450014,9.055770344024978,2.108385168801196,Low
2019-12-09,112.31719970703124,112.31719970703124,0.1189613931452582,0.0154,6.188983464188993,2.9435153474503437,9.132498811639337,2.1025823662002834,Medium
2019-12-10,112.3923797607422,112.3923797607422,0.118899672914897,0.015600000000000001,6.202099618617559,2.9337637882498626,9.135863406867422,2.1140419155277064,Low
2019-12-11,112.125,112.125,0.1183528849366814,0.015700000000000002,6.169168207642791,2.9050507958822394,9.07421900352503,2.123600804635592,Low
2019-12-12,115.33382415771484,115.33382415771484,0.1469312129608526,0.015600000000000001,7.632473120262333,3.901960460902309,11.534433581164642,1.95606111254581,Low
2019-12-13,114.32269287109376,114.32269287109376,0.1499602203965072,0.015700000000000002,7.707262727282043,3.9582780322051363,11.665540759487179,1.9471251550736486,Low
2019-12-16,114.76557159423828,114.76557159423828,0.1497971539009829,0.015700000000000002,7.729773757484466,3.968438614793371,11.698212372277837,1.9478123533698508,Low
2019-12-17,115.46751403808594,115.46751403808594,0.1494662080631882,0.015600000000000001,7.756231161473529,3.987399699058784,11.743630860532313,1.9451852703164842,Low
2019-12-18,115.35051727294922,115.35051727294922,0.1488088011790495,0.015600000000000001,7.718601236252155,3.9623939624684965,11.680995198720652,1.9479641119389381,Low
2019-12-19,114.7739486694336,114.7739486694336,0.1508572418721756,0.015700000000000002,7.778100881379807,4.002365539915353,11.78046642129516,1.9433759370075698,Low
2019-12-20,114.6820297241211,114.6820297241211,0.1472227575645551,0.0158,7.6140513901189095,3.8787489905906867,11.492800380709596,1.9630173049582622,Low
2019-12-23,114.64859771728516,114.64859771728516,0.1475886873730047,0.0159,7.634090626722077,3.884015862866775,11.518106489588853,1.9655147909430495,Low
2019-12-24,114.96614837646484,114.96614837646484,0.1468737856249733,0.0158,7.617169213934311,3.877273690343891,11.494442904278202,1.9645683596967625,Low
2019-12-26,116.1861801147461,116.1861801147461,0.1492772174570979,0.0158,7.807601337307929,3.9955829049813403,11.80318424228927,1.9540581494565163,Low
2019-12-27,116.26970672607422,116.26970672607422,0.1493648770942882,0.015700000000000002,7.811351562585031,4.006555728245026,11.817907290830057,1.9496425589484072,Low
2019-12-30,115.84358215332033,115.84358215332033,0.1509374886692499,0.015700000000000002,7.854238069870888,4.042235699798056,11.896473769668944,1.9430430715020588,Low
2019-12-31,116.48698425292967,116.48698425292967,0.1503716445336385,0.0155,7.86025605070472,4.057076804547194,11.917332855251914,1.9374185970289994,Low
2020-01-02,117.8992156982422,117.8992156982422,0.1526242762817223,0.0154,8.053916053546317,4.185116567151077,12.239032620697394,1.924418573370547,Low
2020-01-03,116.34333038330078,116.34333038330078,0.1530950050323255,0.0152,7.957467403163982,4.15570191154255,12.113169314706532,1.9148311338361268,Low
2020-01-06,116.25083923339844,116.25083923339844,0.141791183061693,0.015600000000000001,7.458618965614278,3.767891097496239,11.226510063110517,1.979520844052665,Low
2020-01-07,114.27450561523438,114.27450561523438,0.1564783705093201,0.0154,7.979280813728003,4.178336940204439,12.157617753932442,1.9096786419856298,Low
2020-01-08,115.16595458984376,115.16595458984376,0.1506577645483085,0.0154,7.778261558643273,4.025436086898829,11.803697645542101,1.9322779919319495,Low
2020-01-09,115.58644104003906,115.58644104003906,0.1494813705774107,0.0154,7.7532641048221365,4.002521543050605,11.755785647872742,1.9370949091538991,Low
2020-01-10,114.43428802490234,114.43428802490234,0.1546058890847227,0.0154,7.906279286417686,4.124871597730923,12.031150884148609,1.9167334301428682,Low
2020-01-13,115.38462829589844,115.38462829589844,0.1561893184897015,0.015700000000000002,8.0610286590193,4.193816940634662,12.254845599653962,1.922122203502617,Low
2020-01-14,116.73020935058594,116.73020935058594,0.1283082367326714,0.015700000000000002,6.877945620048777,3.344082611813292,10.222028231862069,2.0567511088846238,Low
2020-01-15,114.98094177246094,114.98094177246094,0.1357411676033592,0.015700000000000002,7.110047296728055,3.529557163508663,10.639604460236718,2.0144304136046625,Low
2020-01-16,115.42668914794922,115.42668914794922,0.1357420886319329,0.0155,7.12586208971495,3.5535973093217095,10.67945939903666,2.0052531194298697,Low
2020-01-17,116.2256088256836,116.2256088256836,0.1362020406059137,0.015600000000000001,7.202091718049921,3.587741487994812,10.789833206044733,2.007416571720492,Low
2020-01-21,115.08185577392578,115.08185577392578,0.1406868748850241,0.015600000000000001,7.333741792514061,3.69490572085887,11.028647513372931,1.9848251475302474,Low
2020-01-22,114.9473114013672,114.9473114013672,0.1396264832759817,0.0155,7.271488143253393,3.6621016151638983,10.933589758417291,1.9856052363877281,Low
2020-01-23,114.82951354980467,114.82951354980467,0.1396462991842467,0.0155,7.264929385840297,3.658977069623724,10.92390645546402,1.9855083121872081,Low
2020-01-24,111.97859954833984,111.97859954833984,0.1647172727604152,0.0154,8.181354301481058,4.349870644056274,12.531224945537332,1.8808270339395443,Low
2020-01-27,111.03667449951172,111.03667449951172,0.165957681718285,0.0155,8.172150444063114,4.346289232267303,12.518439676330416,1.8802592297337737,Medium
2020-01-28,113.0550537109375,113.0550537109375,0.1746559021505923,0.015700000000000002,8.718117693811571,4.687234290448359,13.40535198425993,1.8599705398932889,Medium
2020-01-29,112.88687896728516,112.88687896728516,0.1745016185467735,0.015600000000000001,8.69274163886412,4.6807036731909335,13.373445312055054,1.8571441915138578,Medium
2020-01-30,114.2829360961914,114.2829360961914,0.1805467285416931,0.015700000000000002,9.077196685263694,4.924733745907474,14.001930431171168,1.8431852671846425,Low
2020-01-31,111.314208984375,111.314208984375,0.1995290272285733,0.0155,9.660387610046918,5.39346042195848,15.053848032005398,1.79112978575247,Medium
2020-02-03,112.16358947753906,112.16358947753906,0.1961014447098094,0.015700000000000002,9.593998280110732,5.317258516392343,14.911256796503075,1.804312927523425,Medium
2020-02-04,113.77833557128906,113.77833557128906,0.2000013635292791,0.015700000000000002,9.90634638636908,5.516921458422139,15.42326784479122,1.7956294032872335,Medium
2020-02-05,115.71260833740234,115.71260833740234,0.2094240904807009,0.015700000000000002,10.502818037934397,5.913297690089685,16.41611572802408,1.7761355149659486,Low
2020-02-06,115.72943115234376,115.72943115234376,0.200177560208901,0.015700000000000002,10.084228866902883,5.617184875283883,15.701413742186766,1.7952460335201703,Low
2020-02-07,115.35940551757812,115.35940551757812,0.1988310668975715,0.015600000000000001,9.98541247469467,5.561617898489949,15.547030373184619,1.7954150495318706,Low
2020-02-10,115.83877563476562,115.83877563476562,0.1989521207451602,0.0158,10.043629149636764,5.577592090749299,15.621221240386063,1.8007105909187229,Low
2020-02-11,116.05744171142578,116.05744171142578,0.195566033390758,0.015700000000000002,9.902662243660195,5.484612484425973,15.387274728086169,1.805535445171314,Low
2020-02-12,116.05744171142578,116.05744171142578,0.1936052266175895,0.0158,9.818944773214518,5.415982186921596,15.234926960136114,1.8129573610720335,Low
2020-02-13,115.95651245117188,115.95651245117188,0.1891890589231841,0.0159,9.61499137765012,5.263780012097165,14.878771389747286,1.8266324495995363,Low
2020-02-14,115.60330963134766,115.60330963134766,0.1817863416377998,0.0158,9.244019840901593,5.015933751163686,14.25995359206528,1.8429310073636838,Low
2020-02-18,114.07266998291016,114.07266998291016,0.1871632686170014,0.0158,9.36247898412509,5.119567779538123,14.482046763663213,1.8287635572567327,Low
2020-02-19,115.62850189208984,115.62850189208984,0.1918607222894159,0.0158,9.703451938134144,5.340018464045258,15.043470402179402,1.8171195480817546,Low
2020-02-20,115.62850189208984,115.62850189208984,0.188628372017353,0.0158,9.556694631910467,5.2363684693264645,14.793063101236932,1.8250615264933239,Low
2020-02-21,114.21564483642578,114.21564483642578,0.1935378134778505,0.015600000000000001,9.648994573368036,5.338725012932933,14.987719586300969,1.8073593507801167,Medium
2020-02-24,111.14601135253906,111.14601135253906,0.2149003125867125,0.015300000000000001,10.305968504549263,5.8703131810428175,16.17628168559208,1.7556079525417219,High
2020-02-25,106.18413543701172,106.18413543701172,0.2518782035476418,0.015300000000000001,11.386471075115367,6.698969158100155,18.08544023321552,1.6997348108920984,High
2020-02-26,106.50371551513672,106.50371551513672,0.2516124882098808,0.015300000000000001,11.409645708120038,6.711268959716158,18.120914667836196,1.7000727845367996,High
2020-02-27,102.07166290283205,102.07166290283205,0.2770545755939448,0.014499999999999999,11.914803036006646,7.194310177301311,19.109113213307957,1.6561425268539172,High
2020-02-28,97.64800262451172,97.64800262451172,0.308405951151209,0.0127,12.517428864429611,7.82312785621383,20.34055672064344,1.6000542359137269,High
2020-03-02,102.19781494140624,102.19781494140624,0.3527972516436128,0.0113,14.810653742715786,9.523777366172617,24.334431108888403,1.5551238939416578,High
2020-03-03,98.36287689208984,98.36287689208984,0.3639831271108203,0.0095,14.607268185319796,9.566035561954706,24.173303747274502,1.5269928792042848,High
2020-03-04,100.7933349609375,100.7933349609375,0.3762815767192898,0.0072,15.352071999740318,10.271492806949787,25.623564806690105,1.494629095135321,High
2020-03-05,95.84829711914062,95.84829711914062,0.4001376081586003,0.0062,15.45000814629676,10.45609160847075,25.90609975476751,1.477608338260953,High
2020-03-06,90.8948211669922,90.8948211669922,0.4179546340870842,0.0045000000000000005,15.217321779688774,10.451083124821395,25.66840490451017,1.4560521237791642,High
2020-03-09,78.5826416015625,78.5826416015625,0.6218350959083133,0.0033,19.28301235170186,13.522846092280481,32.805858443982345,1.4259581318986962,High
2020-03-10,84.68827819824219,84.68827819824219,0.6997786243239711,0.0044,23.304353412596242,16.327205862053148,39.63155927464939,1.4273326133995174,High
2020-03-11,80.70195770263672,80.70195770263672,0.7054774563016327,0.0042,22.37366242531509,15.693754612066208,38.0674170373813,1.4256411533357993,High
2020-03-12,74.04969787597656,74.04969787597656,0.740360457045668,0.0033,21.468944058147862,15.143736545368402,36.61268060351627,1.4176781267839724,High
2020-03-13,87.38790130615234,87.38790130615234,0.9831584443518906,0.0028000000000000004,33.020005814718814,23.601955684411546,56.621961499130364,1.3990368533963327,High
2020-03-16,74.31038665771484,74.31038665771484,1.1077922891749994,0.0024,31.288069558986443,22.525774551797575,53.81384411078402,1.3889897320529487,High
2020-03-17,78.85176849365234,78.85176849365234,1.141223653304133,0.0019,34.08581167897806,24.614501540190346,58.70031321916841,1.3847857785510318,High
2020-03-18,70.55113220214844,70.55113220214844,1.1854735338725575,0.0002,31.51504995794777,22.9111332650312,54.42618322297897,1.3755343130952216,High
2020-03-19,71.73694610595703,71.73694610595703,1.1867307125251456,0.0004,32.078891344215094,23.310015902380584,55.38890724659568,1.3761848760016921,High
2020-03-20,70.22315216064453,70.22315216064453,1.1838794750379058,0.0005,31.336908237140154,22.761757349366963,54.09866558650712,1.3767350102258988,High
2020-03-23,66.46389770507812,66.46389770507812,1.187915781117972,0.0002,29.743589606149243,21.625751801750766,51.36934140790001,1.3753782933798988,High
2020-03-24,74.3692398071289,74.3692398071289,1.2806057559374944,0.0001,35.55224399518399,25.970688770147856,61.522932765331845,1.3689372780921276,High
2020-03-25,77.14454650878906,77.14454650878906,1.29081597149895,0.0,37.13253772219504,27.145450555733763,64.2779882779288,1.3679101640238485,High
2020-03-26,82.5185317993164,82.5185317993164,1.3211416019699809,0.0,40.52587422936101,29.67097720554657,70.19685143490759,1.3658422487610307,High
2020-03-27,76.63993835449219,76.63993835449219,1.3346404886117005,0.0003,37.97570921253424,27.802949510107286,65.77865872264152,1.365887788226527,High
2020-03-30,78.63311004638672,78.63311004638672,1.3363991206739072,0.0012,39.025311989206614,28.512720996819173,67.53803298602578,1.368698273081696,High
2020-03-31,75.71485900878906,75.71485900878906,1.3236379924551067,0.0011,37.26626381840212,27.215803060555597,64.48206687895772,1.3692876794957727,High
2020-04-01,70.9463882446289,70.9463882446289,1.33297589063087,0.0009,35.12754496402194,25.678701710782732,60.806246674804676,1.367964212508125,High
2020-04-02,73.5955581665039,73.5955581665039,1.3382695387777594,0.0009,36.563525640350136,26.735817862148256,63.29934350249839,1.3675858292001475,High
2020-04-03,71.42021942138672,71.42021942138672,1.3333552809132343,0.001,35.37260764670952,25.852180722998032,61.224788369707554,1.3682639784133235,High
2020-04-06,76.01729583740234,76.01729583740234,1.3506092797328186,0.0015,38.076482601984296,27.82071160913707,65.89719421112136,1.3686379822678207,High
2020-04-07,77.02000427246094,77.02000427246094,1.256304004926296,0.0014000000000000002,36.2353364083301,26.35174829428888,62.58708470261898,1.3750638478959385,High
2020-04-08,80.1300048828125,80.1300048828125,1.2352740594357086,0.0022,37.162362141863625,26.941939440325495,64.10430158218912,1.3793499248328298,High
2020-04-09,87.31876373291016,87.31876373291016,1.2600507642237582,0.0025,41.212959372972385,29.894574440946307,71.10753381391869,1.3786100034434141,High
2020-04-13,83.43547058105469,83.43547058105469,1.231153146582368,0.0026,38.591041572350534,27.94301041402014,66.53405198637067,1.3810624195662127,High
2020-04-14,81.14968872070312,81.14968872070312,1.088620613249024,0.002,33.62504850860144,24.213471707685148,57.83852021628658,1.3886917545132174,High
2020-04-15,77.14743041992188,77.14743041992188,0.9426915378735924,0.0014000000000000002,28.008559613662726,20.07409894904475,48.08265856270748,1.3952586208107511,High
2020-04-16,74.20734405517578,74.20734405517578,0.9284313514452536,0.0014000000000000002,26.563006871488277,19.026650168137373,45.58965703962565,1.3960947742641279,High
2020-04-17,80.87779235839844,80.87779235839844,0.8890784046722213,0.0012,27.80103387861329,19.894926228010508,47.6959601066238,1.3973931624572498,High
2020-04-20,77.92918395996094,77.92918395996094,0.9007895549837628,0.0012,27.116682941466603,19.414339109546763,46.531022051013366,1.3967347942393933,High
2020-04-21,75.66889953613281,75.66889953613281,0.9040862038854044,0.0011,26.417548369534437,18.922797859666385,45.34034622920082,1.396069892277557,High
2020-04-22,75.91531372070312,75.91531372070312,0.8786942842315688,0.0012,25.810165453471104,18.46256441160103,44.27272986507214,1.397972940164974,High
2020-04-23,75.95780944824219,75.95780944824219,0.7894984777507704,0.0011,23.34588173909267,16.648789572985795,39.99467131207847,1.402257001131994,High
2020-04-24,77.07946014404297,77.07946014404297,0.7806208913668495,0.0012,23.44070201487116,16.704322835255493,40.14502485012665,1.403271610950797,High
2020-04-27,80.40191650390625,80.40191650390625,0.7578019458631483,0.0012,23.771755587554026,16.925886858919085,40.69764244647311,1.4044614492402514,High
2020-04-28,80.97122955322266,80.97122955322266,0.7103964223177048,0.0011,22.506466466174967,16.004264399028962,38.510730865203925,1.4062793456186913,High
2020-04-29,83.15506744384766,83.15506744384766,0.71078764180217,0.001,23.12265126462495,16.449765933059673,39.57241719768462,1.4056522967390401,High
2020-04-30,81.37062072753906,81.37062072753906,0.7013483026131814,0.0009,22.335736957095374,15.89170048934384,38.22743744643921,1.4054969744787587,High
2020-05-01,79.23778533935547,79.23778533935547,0.6657669550020704,0.0012,20.698607863417212,14.689004799323996,35.387612662741205,1.4091225475241036,High
2020-05-04,78.29458618164062,78.29458618164062,0.6581412375190322,0.0013,20.22977291602795,14.345758098078608,34.57553101410656,1.41015711945801,High
2020-05-05,78.17560577392578,78.17560577392578,0.647482823632576,0.0013,19.884070855636025,14.095235992855468,33.97930684849149,1.4106944265221792,High
2020-05-06,76.70555877685547,76.70555877685547,0.6161144191570888,0.0012,18.594669631499727,13.173069076021836,31.767738707521563,1.4115670026620077,High
2020-05-07,77.50431060791016,77.50431060791016,0.6154759396107636,0.0011,18.766543011450903,13.301148455811926,32.06769146726283,1.4108964405438897,High
2020-05-08,78.77042388916016,78.77042388916016,0.6018495245590652,0.0012,18.66751893264327,13.218153331592802,31.88567226423607,1.4122637606287938,High
2020-05-11,76.45065307617188,76.45065307617188,0.5196643685379649,0.0012,15.70938752791676,11.092052218341742,26.801439746258502,1.4162742131649746,High
2020-05-12,73.95243835449219,73.95243835449219,0.5096563121411248,0.0013,14.913524650222563,10.520149121672365,25.433673771894927,1.4176153282370767,High
2020-05-13,71.40322875976562,71.40322875976562,0.5142401364759165,0.0013,14.525724278062398,10.248279627632602,24.774003905695,1.4173817270653362,High
2020-05-14,74.36878967285156,74.36878967285156,0.5119493008622351,0.0012,15.060321441327396,10.63091013933387,25.691231580661267,1.4166540064716482,High
2020-05-15,72.99222564697266,72.99222564697266,0.4981080727274729,0.0012,14.391386479572684,10.153808615854373,24.545195095427058,1.417338756720475,High
2020-05-18,76.8585205078125,76.8585205078125,0.4323508047562102,0.0013,13.19569627834938,9.281680735606813,22.477377013956193,1.4216925419258863,High
2020-05-19,75.34600830078125,75.34600830078125,0.4188110886268069,0.0013,12.538401218119489,8.814669225910883,21.353070444030372,1.4224471612913876,High
2020-05-20,77.60629272460938,77.60629272460938,0.4192772651724892,0.0012,12.925406776632073,9.093505003071336,22.01891177970341,1.421388867358242,High
2020-05-21,76.62060546875,76.62060546875,0.421961076164042,0.0012,12.841433356040735,9.035343101397821,21.876776457438556,1.4212446845603561,High
2020-05-22,76.02577209472656,76.02577209472656,0.4229224180412012,0.0012,12.770237643370738,8.98557479666971,21.755812440040447,1.4211931826669257,High
2020-05-26,81.4216079711914,81.4216079711914,0.4833162491010683,0.0014000000000000002,15.593999948830927,10.982723633809655,26.576723582640582,1.419866370926947,High
2020-05-27,86.13763427734375,86.13763427734375,0.5000540333115281,0.0015,17.058342819264155,12.014292235852082,29.072635055116237,1.419837513887004,High
2020-05-28,84.85453796386719,84.85453796386719,0.5037828043730335,0.0015,16.92646505690199,11.923123398989254,28.849588455891244,1.4196334710699108,High
2020-05-29,82.68769073486328,82.68769073486328,0.5045807334680943,0.0014000000000000002,16.516394562348168,11.641659066417759,28.158053628765927,1.4187320267772117,High
2020-06-01,83.78385162353516,83.78385162353516,0.5003641404969261,0.0014000000000000002,16.59888183502079,11.697958900332736,28.296840735353527,1.418955390119267,High
2020-06-02,84.06429290771484,84.06429290771484,0.4899291872752341,0.0015,16.31868254892916,11.488833793463478,27.80751634239264,1.4203950411584512,High
2020-06-03,88.60186767578125,88.60186767578125,0.5157199880727708,0.0016,18.08565231438771,12.737951934360652,30.82360424874836,1.4198241921137749,High
2020-06-04,90.44578552246094,90.44578552246094,0.5174046466036765,0.0015,18.517179362075765,13.050438362266341,31.567617724342107,1.418893285271995,High
2020-06-05,94.51600646972656,94.51600646972656,0.5236193521085513,0.0015,19.576845592538632,13.800524939560994,33.377370532099626,1.4185580387901815,High
2020-06-08,96.40240478515624,96.40240478515624,0.5247255225509052,0.0017000000000000001,20.016300641991876,14.094501284919396,34.11080192691127,1.4201496198669044,High
2020-06-09,93.92969512939452,93.92969512939452,0.5389940532009591,0.0019,20.025953459255653,14.093349797907855,34.11930325716351,1.4209505721789781,High
2020-06-10,90.12287139892578,90.12287139892578,0.550607883429984,0.0017000000000000001,19.6092340772825,13.822075359483101,33.4313094367656,1.4186895648654472,High
2020-06-11,82.60271453857422,82.60271453857422,0.6275497854924067,0.0017000000000000001,20.398653869641947,14.421576083512939,34.820229953154886,1.4144538538310063,High
2020-06-12,84.86302947998047,84.86302947998047,0.6139580426586728,0.0016,20.515472279442335,14.503791914621075,35.01926419406341,1.4144902519430775,High
2020-06-15,86.03565216064453,86.03565216064453,0.6029968657771699,0.0018,20.446604321617528,14.434455667881977,34.881059989499505,1.4165137080377161,High
2020-06-16,86.7239761352539,86.7239761352539,0.5957517655311815,0.0017000000000000001,20.367421045963816,14.381820524227443,34.74924157019126,1.4161921303115348,High
2020-06-17,84.5316390991211,84.5316390991211,0.5848163032731615,0.0017000000000000001,19.49978299785456,13.76332567834369,33.26310867619825,1.4167929651288471,High
2020-06-18,84.07278442382812,84.07278442382812,0.5793383924310314,0.0016,19.214724060780448,13.566394689373446,32.781118750153894,1.4163471210100747,High
2020-06-19,83.11258697509766,83.11258697509766,0.575043013638229,0.0015,18.855549923207832,13.317704859520767,32.1732547827286,1.4158257839546644,High
2020-06-22,82.21184539794922,82.21184539794922,0.5744167498970295,0.0016,18.634691435174986,13.154403835893177,31.789095271068163,1.416612388341634,High
2020-06-23,83.21455383300781,83.21455383300781,0.5736895193979179,0.0016,18.838822529553156,13.298133602896037,32.13695613244919,1.4166516213561338,High
2020-06-24,80.4358901977539,80.4358901977539,0.5377927792502295,0.0015,17.099218628354972,12.060402380875999,29.15962100923097,1.417798352687548,High
2020-06-25,83.24002838134766,83.24002838134766,0.5132809784380228,0.0016,16.912883864808485,11.910814319788727,28.823698184597212,1.4199603327464585,High
2020-06-26,78.67696380615234,78.67696380615234,0.5458410930153239,0.0014000000000000002,16.96554273990263,11.976436812767759,28.94197955267039,1.4165768170559812,High
2020-06-29,79.02536010742188,79.02536010742188,0.5403277727234407,0.0014000000000000002,16.873262645510977,11.90889436676855,28.782157012279526,1.416862231358384,High
2020-06-30,79.92604064941406,79.92604064941406,0.5397084465334827,0.0016,17.052845825119288,12.021758700034233,29.07460452515352,1.4184984286093454,High
2020-07-01,79.24628448486328,79.24628448486328,0.5397284673943951,0.0014000000000000002,16.90217800733205,11.929040861527682,28.831218868859732,1.4168932945684862,High
2020-07-02,79.50367736816406,79.50367736816406,0.5016600820803048,0.0014000000000000002,15.790719022193475,11.128950191013047,26.91966921320652,1.4188866650643241,High
2020-07-06,81.51146697998047,81.51146697998047,0.5046859929326979,0.0015,16.288031802218292,11.473805099196426,27.761836901414718,1.4195841450504536,High
2020-07-07,79.21195220947266,79.21195220947266,0.4778922087841291,0.0015,15.007610676031128,10.560817527481163,25.56842820351229,1.4210652382714315,High
2020-07-08,80.05280303955078,80.05280303955078,0.4720843036546712,0.0015,14.9867296729198,10.543700550855824,25.530430223775625,1.4213918159600367,High
2020-07-09,78.31963348388672,78.31963348388672,0.4704212256451699,0.0013,14.605375215442805,10.288044855908126,24.89342007135093,1.4196453670257243,High
2020-07-10,82.60112762451172,82.60112762451172,0.5006852221920596,0.0013,16.371495290225724,11.544877998269378,27.9163732884951,1.4180743436768994,High
2020-07-13,83.78520202636719,83.78520202636719,0.4025125499171272,0.0014000000000000002,13.413231452387727,9.41639141791017,22.829622870297896,1.4244555963206336,High
2020-07-14,84.26567077636719,84.26567077636719,0.3915826133973547,0.0015,13.133707620720884,9.20865321345186,22.342360834172744,1.4262354457582749,High
2020-07-15,85.56986236572266,85.56986236572266,0.392362647729615,0.0016,13.366702592154994,9.365087420460114,22.731790012615107,1.4272907440193738,High
2020-07-16,85.81010437011719,85.81010437011719,0.3914048396785347,0.0011,13.353933418063136,9.39213426313021,22.746067681193345,1.4218209667727362,High
2020-07-17,84.22280883789062,84.22280883789062,0.3865087895593202,0.0011,12.94557915970524,9.103235386794339,22.048814546499578,1.4220855124195535,High
2020-07-20,83.48487854003906,83.48487854003906,0.3872596639657309,0.0013,12.863764281108907,9.031767550081334,21.89553183119024,1.4242798222805308,High
2020-07-21,85.29528045654297,85.29528045654297,0.3920881557161643,0.0013,13.303828518372086,9.342631529449584,22.64646004782167,1.4239915677329378,High
2020-07-22,84.67752075195312,84.67752075195312,0.3908733960218036,0.0013,13.16724289609894,9.246245110918785,22.413488007017726,1.4240637943450032,High
2020-07-23,84.92633819580078,84.92633819580078,0.3889909033123462,0.0012,13.139797591503253,9.233460747746676,22.37325833924993,1.423063134232728,High
2020-07-24,84.32572174072266,84.32572174072266,0.3692239129958994,0.0011,12.390519696355526,8.707069826176316,21.09758952253184,1.4230412691885792,High
2020-07-27,83.14165496826172,83.14165496826172,0.3541006610390135,0.0011,11.723327755046107,8.233195556294774,19.95652331134088,1.4239097899336202,High
2020-07-28,83.50205993652344,83.50205993652344,0.2888762173338215,0.0011,9.630532038125622,6.74327430852054,16.373806346646163,1.4281685124327295,High
2020-07-29,85.5269546508789,85.5269546508789,0.2980137180729409,0.0011,10.172333500313698,7.1259470538919345,17.298280554205633,1.427506185968353,High
2020-07-30,83.24463653564453,83.24463653564453,0.3149118099017265,0.0009,10.447907035343192,7.339083099013344,17.786990134356536,1.4235984106444843,High
2020-07-31,82.9185791015625,82.9185791015625,0.3133786142485755,0.0009,10.356910921804186,7.274710973975289,17.631621895779475,1.423686928436776,High
2020-08-03,82.45525360107422,82.45525360107422,0.3144887667077248,0.001,10.338708298240604,7.255244446672023,17.593952744912627,1.424997927255637,High
2020-08-04,81.98334503173828,81.98334503173828,0.3037400762534716,0.0009,9.928723156917314,6.971172912945335,16.89989606986265,1.424254322895917,High
2020-08-05,83.40764617919922,83.40764617919922,0.2899990285444939,0.001,9.652896969172183,6.7664048132220245,16.419301782394207,1.4265917035158393,High
2020-08-06,83.43338775634766,83.43338775634766,0.2885612526203006,0.001,9.608541503282332,6.734847169119995,16.343388672402327,1.4266903556978305,High
2020-08-07,85.26954650878906,85.26954650878906,0.2826508613767713,0.001,9.62108422894849,6.741690505474125,16.362774734422615,1.4271026267278737,High
2020-08-10,86.35063934326172,86.35063934326172,0.2221518774149173,0.0011,7.680546611875563,5.355547403261923,13.036094015137486,1.434129143772968,High
2020-08-11,89.07913970947266,89.07913970947266,0.2406718602223168,0.0011,8.576628493181609,5.988334404949278,14.564962898130887,1.4322227038779165,High
2020-08-12,88.3240737915039,88.3240737915039,0.2436159872022007,0.0011,8.606854614105195,6.010620331417698,14.617474945522893,1.4319411540797047,High
2020-08-13,87.83503723144531,87.83503723144531,0.2401728025234239,0.001,8.435510161323947,5.897048287481439,14.332558448805386,1.430463131738515,High
2020-08-14,87.86932373046875,87.86932373046875,0.2401208554459444,0.001,8.436995977163797,5.898067865793287,14.335063842957084,1.430467768283135,High
2020-08-17,85.55268859863281,85.55268859863281,0.2499009489723819,0.001,8.545694600304529,5.977594938823636,14.523289539128164,1.4296208906363743,High
2020-08-18,84.36005401611328,84.36005401611328,0.2530610120377519,0.0009,8.528222637491986,5.9736282109021985,14.501850848394184,1.4276453666680349,High
2020-08-19,84.55741882324219,84.55741882324219,0.2415148050167324,0.0011,8.169486523205507,5.704384855685738,13.873871378891245,1.432141541968846,High
2020-08-20,83.5449447631836,83.5449447631836,0.243779624036722,0.0011,8.146556732518206,5.689231606365915,13.835788338884122,1.4319256617014307,High
2020-08-21,83.50205993652344,83.50205993652344,0.2434348275585824,0.001,8.127199302814063,5.682660621749285,13.809859924563348,1.4301750260624009,High
2020-08-24,85.85298919677734,85.85298919677734,0.2613761627937258,0.0012,8.973038371735441,6.2660492736357725,15.239087645371214,1.4320089070300246,High
2020-08-25,86.23054504394531,86.23054504394531,0.2558033954967207,0.0011,8.818618565697506,6.1632912866100185,14.981909852307524,1.4308294311606342,High
2020-08-26,85.02070617675781,85.02070617675781,0.2613784404484974,0.0011,8.882308341816874,6.209896581797537,15.09220492361441,1.4303472247593811,High
2020-08-27,87.81785583496094,87.81785583496094,0.2721456912498147,0.0011,9.548205795287735,6.679602146059189,16.227807941346924,1.4294572620497998,High
2020-08-28,88.17821502685547,88.17821502685547,0.2519658373287439,0.001,8.87998600712713,6.212176521683617,15.092162528810746,1.4294484350422945,High
2020-08-31,85.96454620361328,85.96454620361328,0.2695289691243124,0.0011,9.257828792215847,6.475505820841413,15.73333461305726,1.429668824081592,High
2020-09-01,85.92163848876953,85.92163848876953,0.2683594565398728,0.0012,9.217350269387332,6.4394759819954,15.656826251382732,1.4313820402714121,High
2020-09-02,87.21723937988281,87.21723937988281,0.270450628593565,0.0012,9.428397945312064,6.587761593574889,16.016159538886953,1.431199021304547,High
2020-09-03,86.94268798828125,86.94268798828125,0.2660732402055991,0.0011,9.24444207937875,6.4648583195378535,15.709300398916604,1.4299527727375776,High
2020-09-04,88.82171630859375,88.82171630859375,0.2742958893218535,0.0011,9.732794851544249,6.809552325050625,16.542347176594873,1.4292855663565067,High
2020-09-08,85.73287200927734,85.73287200927734,0.2956093456628739,0.0013,10.123119430869664,7.076069580907408,17.199189011777072,1.4306133249712214,High
2020-09-09,86.54801177978516,86.54801177978516,0.2941558721631988,0.0012,10.165928165086626,7.1127373001668985,17.278665465253525,1.4292568017165608,High
2020-09-10,85.65565490722656,85.65565490722656,0.2734388890715271,0.0012,9.360699358135761,6.5416386542683895,15.902338012404151,1.4309410612321039,High
2020-09-11,86.71958923339844,86.71958923339844,0.2765786399757061,0.0011,9.580635864720811,6.703939565514752,16.284575430235563,1.429105344863767,High
2020-09-14,87.92082977294922,87.92082977294922,0.2805227289524889,0.0011,9.850275495564262,6.89409564564572,16.74437114120998,1.4287987869425123,High
2020-09-15,85.18374633789062,85.18374633789062,0.3011913212940319,0.0011,10.23823473724562,7.17323908307884,17.41147382032446,1.4272819598885091,High
2020-09-16,85.54410552978516,85.54410552978516,0.2872700653748573,0.0012,9.815627342095695,6.865045936368617,16.68067327846431,1.4297977658235217,High
2020-09-17,84.56597900390625,84.56597900390625,0.2858386216826074,0.0009,9.644355134145528,6.766236908788407,16.410592042933935,1.425364684115456,High
2020-09-18,84.38580322265625,84.38580322265625,0.2858204354419475,0.001,9.626948514017322,6.7468514415873315,16.373799955604653,1.4268801673440121,High
2020-09-21,81.77742767333984,81.77742767333984,0.3033389807047227,0.001,9.894458022756744,6.940048400033724,16.83450642279047,1.4257044695406826,High
2020-09-22,80.88508605957031,80.88508605957031,0.3052769557771091,0.001,9.848275925482234,6.908261395550447,16.75653732103268,1.4255795143804815,High
2020-09-23,79.57231903076172,79.57231903076172,0.2898272368027944,0.0011,9.207162687533291,6.447149076730511,15.654311764263802,1.4280983079427167,High
2020-09-24,79.50367736816406,79.50367736816406,0.2885677466432294,0.001,9.156183186447386,6.417780858025935,15.573964044473321,1.4266899087083762,High
2020-09-25,80.19866943359375,80.19866943359375,0.2891762975171396,0.001,9.255481772000465,6.487571750955972,15.743053522956437,1.426648078402621,High
2020-09-28,82.5067367553711,82.5067367553711,0.28332691879764,0.0011,9.335041221661925,6.534469477008415,15.86951069867034,1.42858440987556,High
2020-09-29,81.811767578125,81.811767578125,0.2827189942100777,0.0009,9.229500476881391,6.474267592348227,15.703768069229618,1.4255667293995546,High
2020-09-30,82.60112762451172,82.60112762451172,0.274518689301385,0.001,9.054744302437058,6.342239643063905,15.396983945500963,1.4276887680110988,High
2020-10-01,83.20175170898438,83.20175170898438,0.2763216944652376,0.0009,9.176125840950228,6.434916183042205,15.611042023992432,1.4259899554141626,High
2020-10-02,83.9911117553711,83.9911117553711,0.272806372852497,0.0009,9.146550377365813,6.413105750780716,15.559656128146528,1.4262279046704218,High
2020-10-05,85.766357421875,85.766357421875,0.283815516645707,0.001,9.716572185219498,6.80899267086572,16.525564856085218,1.427020508744959,High
2020-10-06,84.88307189941406,84.88307189941406,0.2738940557818121,0.001,9.283947515326432,6.5025716464144026,15.786519161740834,1.4277347517494428,High
2020-10-07,86.36388397216797,86.36388397216797,0.2533843332663515,0.001,8.745733870224846,6.1187596273282026,14.864493497553049,1.4293311721486484,High
2020-10-08,88.13915252685547,88.13915252685547,0.2610076515686817,0.0009,9.187262136282065,6.43790719836322,15.625169334645285,1.42705724907278,High
2020-10-09,87.63687896728516,87.63687896728516,0.2589758676824701,0.001,9.068441029976356,6.346546150245047,15.414987180221402,1.4288781354920446,High
2020-10-12,88.71068572998047,88.71068572998047,0.2588855283103611,0.001,9.176386959108356,6.42205969252803,15.598446651636387,1.4288853418452252,High
2020-10-13,87.27313995361328,87.27313995361328,0.261298046692266,0.0011,9.114851549027094,6.372444237602551,15.487295786629645,1.4303540696742598,High
2020-10-14,86.78820037841797,86.78820037841797,0.2364087715876721,0.0012,8.213523178975748,5.725785712954689,13.939308891930438,1.4344796663264066,High
2020-10-15,88.08717346191406,88.08717346191406,0.2411213367072641,0.0011,8.496793410372831,5.9327718177896,14.429565228162431,1.4321793710142252,High
2020-10-16,87.90533447265625,87.90533447265625,0.2369428527909911,0.0011,8.333841922182827,5.817336548602853,14.15117847078568,1.4325872076602415,High
2020-10-19,86.42450714111328,86.42450714111328,0.245518601469269,0.0011,8.486822846366344,5.9275373532698055,14.41436019963615,1.4317620186205593,High
2020-10-20,86.9181137084961,86.9181137084961,0.2153566539616638,0.001,7.492945940038801,5.229303765810172,12.722249705848974,1.4328763972421334,High
2020-10-21,86.05213165283203,86.05213165283203,0.2146027227469855,0.001,7.392572164381811,5.158963927947099,12.55153609232891,1.432956746282878,High
2020-10-22,89.09172821044922,89.09172821044922,0.229135375280928,0.0009,8.162733651614431,5.7098369647834275,13.872570616397859,1.4295913704646455,High
2020-10-23,89.89708709716797,89.89708709716797,0.2282944744820255,0.001,8.210671697239242,5.73544817279415,13.946119870033392,1.4315658427856095,High
2020-10-26,87.6715087890625,87.6715087890625,0.2517478636568256,0.0011,8.825353195401632,6.166443176037156,14.991796371438788,1.4311902248117718,High
2020-10-27,86.01750946044922,86.01750946044922,0.2480416719561766,0.001,8.528846295136638,5.965154238423558,14.494000533560197,1.42977799973712,High
2020-10-28,83.6014175415039,83.6014175415039,0.2676032311404669,0.001,8.935975372573061,6.256783158154761,15.192758530727822,1.4282060200418458,High
2020-10-29,84.1469955444336,84.1469955444336,0.2665661921172744,0.0009,8.956034854167868,6.277622156713669,15.233657010881537,1.4266603867819192,High
2020-10-30,84.90038299560547,84.90038299560547,0.2671299462179344,0.0009,9.055137020778744,6.347262884116169,15.402399904894914,1.4266207633275985,High
2020-11-02,86.81419372558594,86.81419372558594,0.275835789977117,0.0009,9.557872006127987,6.702468760594108,16.260340766722095,1.4260226115967416,High
2020-11-03,89.55068969726562,89.55068969726562,0.2867857947521214,0.001,10.250291148341944,7.184046410387005,17.43433755872895,1.426813046964957,High
2020-11-04,86.81419372558594,86.81419372558594,0.3063437448361972,0.001,10.606681828500072,7.440616638651726,18.047298467151798,1.4255111294676313,High
2020-11-05,90.3647003173828,90.3647003173828,0.3307494994016454,0.001,11.90877304434514,8.362808243703,20.27158128804814,1.4240160359185765,High
2020-11-06,89.1610107421875,89.1610107421875,0.3280169908519156,0.001,11.65430602340303,8.183184243271207,19.837490266674237,1.424177395612964,High
2020-11-09,101.2327117919922,101.2327117919922,0.5458378952661268,0.0011,21.817306655343288,15.427297227624486,37.24460388296777,1.4142014854213543,High
2020-11-10,100.90364074707033,100.90364074707033,0.5465638317710884,0.001,21.770561685078697,15.403220452104016,37.17378213718271,1.413377270861882,High
2020-11-11,99.3968505859375,99.3968505859375,0.5459124843755613,0.001,21.420592511427316,15.155287859220707,36.57588037064802,1.4134071691943946,High
2020-11-12,98.17581939697266,98.17581939697266,0.5482574756067168,0.001,21.2458812682746,15.032822773731887,36.27870404200649,1.4132995238525203,High
2020-11-13,98.79064178466795,98.79064178466795,0.5472898788772471,0.0009,21.338343093068488,15.106196764595971,36.44453985766446,1.4125556171146034,High
2020-11-16,101.57909393310548,101.57909393310548,0.5518907731756227,0.0009,22.120094639159653,15.661896605309295,37.78199124446895,1.4123509557368081,High
2020-11-17,100.54859924316406,100.54859924316406,0.5486806982950243,0.0009,21.771764646896102,15.413706693556726,37.18547134045283,1.4124937680303198,High
2020-11-18,99.80384063720705,99.80384063720705,0.5510170150161198,0.0009,21.70003464818759,15.36405465370973,37.06408930189732,1.4123898370114172,High
2020-11-19,100.0722885131836,100.0722885131836,0.5479451775654383,0.0007000000000000001,21.632509098752898,15.331841253324242,36.96435035207714,1.4109531100227475,High
2020-11-20,99.2149887084961,99.2149887084961,0.5410301358481858,0.0007000000000000001,21.18353300358479,15.010577879744048,36.19411088332884,1.4112403381998242,High
2020-11-23,102.07270050048828,102.07270050048828,0.5469207715726981,0.0008,22.028774871252388,15.603506283422504,37.63228115467489,1.4117836383131543,High
2020-11-24,106.79227447509766,106.79227447509766,0.5507026710329131,0.0009,23.206619790311102,16.430584091528786,39.63720388183989,1.412403823323352,High
2020-11-25,105.6751708984375,105.6751708984375,0.5459238025423525,0.0009,22.76991583958837,16.118966641342368,38.88888248093074,1.4126163510499157,High
2020-11-27,104.97372436523438,104.97372436523438,0.5316827062274078,0.0009,22.043894500613312,15.598028367763277,37.64192286837659,1.413248776119155,Medium
2020-11-30,102.08136749267578,102.08136749267578,0.548349417928036,0.0008,22.08666316041166,15.645191182326563,37.731854342738224,1.411722164530763,Medium
2020-12-01,103.69207000732422,103.69207000732422,0.5488021587218106,0.0009,22.457256319212796,15.899073478994659,38.356329798207454,1.4124883659970875,Medium
2020-12-02,105.68383026123048,105.68383026123048,0.5479607267709523,0.0009,22.854472589990266,16.179862204346264,39.03433479433653,1.4125257867678906,High
2020-12-03,104.99104309082033,104.99104309082033,0.5447003599292072,0.0008,22.56902847654679,15.985099589394132,38.55412806594092,1.4118791284554144,High
2020-12-04,105.94361877441406,105.94361877441406,0.5262882512671857,0.0009,22.0275047148656,15.58379219218827,37.61129690705387,1.413488093476207,Medium
2020-12-07,105.54527282714844,105.54527282714844,0.5159833377937562,0.0008,21.521244769229504,15.229708375414916,36.75095314464442,1.4131094462695635,High
2020-12-08,105.64920806884766,105.64920806884766,0.511056412802276,0.0009,21.345812378234847,15.094301545700922,36.44011392393577,1.4141636374234519,Medium
2020-12-09,104.8265151977539,104.8265151977539,0.2744778039027895,0.0008,11.48004356265016,8.058780129498878,19.538823692149037,1.4245386247265723,High
2020-12-10,104.15104675292967,104.15104675292967,0.275425465512128,0.0008,11.445059323089204,8.03455211544727,19.479611438536473,1.4244800654270295,High
2020-12-11,103.53620147705078,103.53620147705078,0.2702810591060159,0.0008,11.167058449873345,7.837626770814985,19.00468522068833,1.424800998620677,High
2020-12-14,102.445068359375,102.445068359375,0.269170509719125,0.0009,11.008996630227948,7.717605543519085,18.726602173747033,1.4264782733645713,High
2020-12-15,104.19436645507812,104.19436645507812,0.2737868112915771,0.0008,11.382371173339685,7.989975531707302,19.372346705046986,1.424581480652857,High
2020-12-16,104.49744415283205,104.49744415283205,0.2579216603011785,0.0009,10.764869126176045,7.5422126880039855,18.30708181418003,1.4272826253358974,High
2020-12-17,103.63145446777344,103.63145446777344,0.2569441377483185,0.0008,10.630935164549989,7.456796114287037,18.087731278837026,1.4256706233634817,High
2020-12-18,103.12055206298828,103.12055206298828,0.256003068318442,0.0008,10.540142491892802,7.392782146084741,17.932924637977543,1.4257342207053836,High
2020-12-21,106.99147033691406,106.99147033691406,0.2837538675021204,0.0009,12.113830987680402,8.497955868451555,20.611786856131957,1.4254993995265015,High
2020-12-22,105.36341094970705,105.36341094970705,0.2881993164548753,0.0009,12.114373171975153,8.500040459774333,20.614413631749485,1.4252135891947009,High
2020-12-23,108.3077392578125,108.3077392578125,0.2872802257336616,0.0009,12.413617514143901,8.709646629885427,21.123264144029328,1.4252722345300477,High
2020-12-24,107.83146667480467,107.83146667480467,0.243074143225535,0.0009,10.474888074660115,7.3331836789662574,17.808071753626372,1.4284229787813982,High
2020-12-28,108.5415496826172,108.5415496826172,0.2405432784136465,0.0011,10.444964171244514,7.292771975295288,17.737736146539802,1.4322351235754347,High
2020-12-29,108.25579071044922,108.25579071044922,0.2392714613254429,0.001,10.358051867868056,7.240639440984914,17.59869130885297,1.4305438010401874,High
2020-12-30,108.55887603759766,108.55887603759766,0.2140350416993592,0.0008,9.291692782403523,6.5024028282043105,15.794095610607833,1.4289629584467771,High
2020-12-31,110.03970336914062,110.03970336914062,0.2125761515123604,0.0009,9.359832706244845,6.540159700416481,15.899992406661326,1.4311321336157594,High
2021-01-04,109.00054168701172,109.00054168701172,0.2081033785462512,0.0009,9.078106288719034,6.341310606290314,15.419416895009348,1.4315820265473094,High
2021-01-05,109.5936279296875,109.5936279296875,0.2064012502566279,0.0009,9.053514303782542,6.323357547843642,15.376871851626184,1.4317574540553892,High
2021-01-06,114.73968505859376,114.73968505859376,0.2557178599947139,0.0009,11.719975957939965,8.210452014531413,19.930427972471378,1.427445886925246,High
2021-01-07,118.50765991210938,118.50765991210938,0.2722749196512079,0.0009,12.88048655063772,9.030925908696638,21.911412459334358,1.4262642259343548,High
2021-01-08,118.63850402832033,118.63850402832033,0.2722502275062984,0.0008,12.888250736474227,9.04643534103382,21.934686077508047,1.4246772624366502,High
2021-01-11,120.40908813476562,120.40908813476562,0.2695530136603557,0.0008,12.952268415268613,9.090286964908167,22.04255538017678,1.4248470334621015,High
2021-01-12,122.30179595947266,122.30179595947266,0.2669014451834868,0.0009,13.033177980209764,9.135596312356817,22.16877429256658,1.4266368099673006,High
2021-01-13,122.41516876220705,122.41516876220705,0.263547528047625,0.0009,12.88297369421204,9.02880648244544,21.91178017665748,1.4268744954563148,High
2021-01-14,123.13037109375,123.13037109375,0.2549675739872983,0.0009,12.540494941811794,8.784923336494401,21.325418278306195,1.4275019213560995,High
2021-01-15,120.9237060546875,120.9237060546875,0.269275335207062,0.0009,12.99976511084774,9.113234814780306,22.112999925628046,1.4264709924695524,High
2021-01-19,120.4003677368164,120.4003677368164,0.2718500393153481,0.0009,13.065992158714153,9.16080295565122,22.226795114365373,1.426293330613978,High
2021-01-20,118.59487915039062,118.59487915039062,0.2775473450373243,0.0008,13.131674838600404,9.219416822605382,22.351091661205785,1.4243498359248095,High
2021-01-21,117.60054779052734,117.60054779052734,0.2795953138692073,0.0009,13.12192749872927,9.203385183416849,22.32531268214612,1.4257718477732586,High
2021-01-22,116.69345092773438,116.69345092773438,0.2601094416528334,0.0008,12.116960048588254,8.50039198789797,20.617352036486224,1.4254589748142439,High
2021-01-25,115.23685455322266,115.23685455322266,0.2576604261559331,0.0009,11.859291263608554,8.308887884519265,20.16817914812782,1.4273018758267562,High
2021-01-26,114.765869140625,114.765869140625,0.244602730788697,0.0007000000000000001,11.207560379167091,7.866261361630798,19.07382174079789,1.4247632851145935,High
2021-01-27,111.5212173461914,111.5212173461914,0.2669882701509271,0.0008,11.883171139139478,8.339006215159607,20.222177354299085,1.4250104667792283,High
2021-01-28,113.48370361328124,113.48370361328124,0.2721467384250297,0.0007000000000000001,12.318552038674838,8.65616160786692,20.97471364654176,1.4230963557195435,High
2021-01-29,112.22770690917967,112.22770690917967,0.2755856840796696,0.0006,12.329690243739861,8.674711748545654,21.004401992285516,1.4213371695960937,High
2021-02-01,113.05630493164062,113.05630493164062,0.2762627853623102,0.0007000000000000001,12.456002509599507,8.754170450693444,21.21017296029295,1.422864973872291,High
2021-02-02,116.53646087646484,116.53646087646484,0.2908684568212578,0.0007000000000000001,13.511436703831961,9.501219753501296,23.012656457333257,1.422073907810927,High
2021-02-03,117.8709487915039,117.8709487915039,0.2887996786268779,0.0004,13.554259425582138,9.560686915248908,23.114946340831047,1.4177076967099136,High
2021-02-04,120.58351135253906,120.58351135253906,0.2962263233717332,0.0004,14.21957657931815,10.031933321077162,24.251509900395313,1.417431328958569,High
2021-02-05,120.3479995727539,120.3479995727539,0.2556965840150673,0.0003,12.259340158865449,8.649635052233215,20.908975211098664,1.4173245558724767,Medium
2021-02-08,122.23200988769533,122.23200988769533,0.2367655818247293,0.0005,11.546308577975601,8.12184060171542,19.66814917969102,1.421636934802303,High
2021-02-09,121.7435531616211,121.7435531616211,0.2375260420234831,0.0004,11.531316041825455,8.121881637567348,19.653197679392804,1.419783808285009,High
2021-02-10,121.8133316040039,121.8133316040039,0.2323305510934356,0.0005,11.292763416834497,7.942182284888403,19.2349457017229,1.4218715979764462,High
2021-02-11,121.4731674194336,121.4731674194336,0.2259732381597103,0.0005,10.955240899240124,7.702927134034759,18.658168033274883,1.4222179060782336,High
2021-02-12,123.20016479492188,123.20016479492188,0.2314462145809216,0.0004,11.372568123017032,8.008525178425195,19.381093301442228,1.4200577346818488,Medium
2021-02-16,126.16564178466795,126.16564178466795,0.2448198926129151,0.0004,12.314554719327553,8.675491126360548,20.9900458456881,1.41946485103416,High
2021-02-17,126.55817413330078,126.55817413330078,0.2346255997460226,0.0004,11.841952043664854,8.339910746408677,20.18186279007353,1.4199135223076844,High
2021-02-18,126.9855499267578,126.9855499267578,0.2334489717156054,0.0003,11.816987237151217,8.332831195249796,20.149818432401013,1.4181239197414195,High
2021-02-19,129.1050567626953,129.1050567626953,0.229018979782797,0.0004,11.793481600780112,8.304278519012293,20.097760119792405,1.420169322811059,High
2021-02-22,130.3174285888672,130.3174285888672,0.2250722904560478,0.0003,11.694465349630867,8.24458427043988,19.939049620070747,1.4184420907140443,High
2021-02-23,131.36407470703125,131.36407470703125,0.2204992119792548,0.0004,11.556245765755818,8.134924001043018,19.691169766798836,1.4205720624155969,High
2021-02-24,133.6754608154297,133.6754608154297,0.2136856002928743,0.0003,11.392305046379619,8.029004016709187,19.421309063088806,1.4188939278982866,High
2021-02-25,131.8612823486328,131.8612823486328,0.2223785643786347,0.0004,11.698225158453049,8.235393260600041,19.93361841905309,1.4204816683642745,High
2021-02-26,128.36367797851562,128.36367797851562,0.2188457195026845,0.0004,11.208148826109195,7.889438064964949,19.097586891074144,1.4206523625404732,High
2021-03-01,131.26812744140625,131.26812744140625,0.2225315413548237,0.0005,11.659552647393014,8.197036953376184,19.856589600769198,1.422410648349059,High
2021-03-02,130.84072875976562,130.84072875976562,0.2160600250776612,0.0004,11.27991264361249,7.939187303033265,19.219099946645755,1.4207893343570395,High
2021-03-03,133.3701629638672,133.3701629638672,0.2199203552767966,0.0005,11.70820938396237,8.230382839601845,19.938592223564214,1.422559510552339,High
2021-03-04,131.3204803466797,131.3204803466797,0.2182417094445545,0.0004,11.434874775147478,8.048863676270095,19.483738451417572,1.420681879463324,High
2021-03-05,131.62574768066406,131.62574768066406,0.2175170707216701,0.0004,11.423637458969687,8.040752701414881,19.464390160384568,1.4207174232531166,High
2021-03-08,133.3701629638672,133.3701629638672,0.2102135681988016,0.0005,11.194848102240776,7.86633149997035,19.061179602211126,1.42313454528111,High
2021-03-09,132.42819213867188,132.42819213867188,0.2130248005626706,0.0005,11.26343516860834,7.915472697036627,19.178907865644966,1.422964313025186,High
2021-03-10,135.30650329589844,135.30650329589844,0.2178493346231897,0.0004,11.760911648170278,8.278244864505538,20.039156512675817,1.420701107622136,High
2021-03-11,134.5999755859375,134.5999755859375,0.218519793029868,0.0004,11.735281100239433,8.260394973879094,19.995676074118528,1.4206682776487778,High
2021-03-12,136.19615173339844,136.19615173339844,0.219251561262483,0.0004,11.913960692093113,8.386377177767088,20.3003378698602,1.4206325853883501,Medium
2021-03-15,135.5158233642578,135.5158233642578,0.2204130513678519,0.0004,11.916850822050534,8.388744356722128,20.305595178772663,1.4205762287297787,Medium
2021-03-16,133.89349365234375,133.89349365234375,0.2256592892500458,0.0002,12.040429615341154,8.500033433057276,20.54046304839843,1.4165155596347432,Medium
2021-03-17,135.27159118652344,135.27159118652344,0.2153086600557651,0.0002,11.609218498046737,8.193784186311042,19.80300268435778,1.4168323492632007,Medium
2021-03-18,137.5044403076172,137.5044403076172,0.2199966336801068,0.0001,12.050190280042635,8.517616539187983,20.56780681923062,1.4147373534135907,High
2021-03-19,135.31520080566406,135.31520080566406,0.2306680795093773,0.0001,12.43073860548553,8.788041742885525,21.218780348371055,1.4145060946654011,Medium
2021-03-22,131.6780548095703,131.6780548095703,0.2475837256011862,0.0003,12.99072468484092,9.163825358027253,22.154550042868173,1.4176093691551432,Medium
2021-03-23,130.36105346679688,130.36105346679688,0.248402223073851,0.0001,12.891276998448909,9.116085117854219,22.007362116303128,1.4141242465146386,Medium
2021-03-24,131.37278747558594,131.37278747558594,0.2482952579140921,0.0002,12.991685557332204,9.175863930168319,22.167549487500523,1.4158542079747132,High
2021-03-25,133.0561981201172,133.0561981201172,0.2446364031238622,0.0002,12.965431114346465,9.1566444811656,22.122075595512065,1.415958776276091,Medium
2021-03-26,135.27159118652344,135.27159118652344,0.2460727914083899,0.0002,13.258232929905745,9.363703515204506,22.62193644511025,1.4159176343395983,Medium
2021-03-29,133.16954040527344,133.16954040527344,0.2326306334363098,0.0003,12.349280185458696,8.707993333500774,21.05727351895947,1.4181545291208966,Medium
2021-03-30,134.73951721191406,134.73951721191406,0.2234767013228105,0.0002,11.999936322096225,8.471052736958427,20.470989059054652,1.4165814680555113,Medium
2021-03-31,132.7770538330078,132.7770538330078,0.2297813547248248,0.0003,12.162983910475681,8.575978855940349,20.73896276641603,1.418261881796818,Medium
2021-04-01,134.06793212890625,134.06793212890625,0.2224241924709732,0.0002,11.884185265717356,8.389152014962853,20.27333728068021,1.4166134127168966,Medium
2021-04-05,134.77859497070312,134.77859497070312,0.2154374919386107,0.0003,11.57996071962964,8.161668064967337,19.741628784596976,1.4188227979198003,Medium
2021-04-06,133.83108520507812,133.83108520507812,0.2172837642198718,0.0002,11.590419159003211,8.180869648289871,19.771288807293082,1.4167710350238953,Medium
2021-04-07,135.9279022216797,135.9279022216797,0.2191404175024529,0.0002,11.872087572909258,8.38001837944271,20.252105952351968,1.4167137869330997,Medium
2021-04-08,136.09461975097656,136.09461975097656,0.2172037515143758,0.0001,11.775914940463075,8.323388150278824,20.0993030907419,1.4147982441583715,Medium
2021-04-09,137.1123504638672,137.1123504638672,0.2058966396201601,0.0002,11.255256964446566,7.942284237272503,19.19754120171907,1.4171309699074415,Medium
2021-04-12,136.82281494140625,136.82281494140625,0.2050582080556014,0.0002,11.185969799197274,7.8932403776423286,19.079210176839602,1.4171581332910663,Medium
2021-04-13,135.19093322753906,135.19093322753906,0.2055232008821082,0.0003,11.083710690526004,7.8096427080260895,18.893353398552094,1.4192340296355819,Medium
2021-04-14,132.6642303466797,132.6642303466797,0.2148729594524917,0.0002,11.362526388249009,8.019592049117819,19.382118437366827,1.416845934139371,Medium
2021-04-15,133.50640869140625,133.50640869140625,0.2123997355310727,0.0002,11.303693203825183,7.977631442459106,19.28132464628429,1.4169234672416526,Medium
2021-04-16,134.4978485107422,134.4978485107422,0.2108731734209898,0.0002,11.30619116788511,7.979122830789258,19.28531399867437,1.4169716907048484,Medium
2021-04-19,133.92758178710938,133.92758178710938,0.2022886714472121,0.0002,10.80207508612662,7.621863433223751,18.423938519350372,1.4172485745467842,Medium
2021-04-20,130.9621124267578,130.9621124267578,0.209207211136383,0.0003,10.92842351129196,7.701069431338183,18.629492942630144,1.4190786888403593,Medium
2021-04-21,132.07635498046875,132.07635498046875,0.1896152306701748,0.0003,9.994363808588766,7.038556329876357,17.032920138465123,1.4199451336584432,Medium
2021-04-22,129.29513549804688,129.29513549804688,0.2008804209957529,0.0003,10.362128442939387,7.300180998770401,17.662309441709787,1.4194344557600316,Medium
2021-04-23,131.769287109375,131.769287109375,0.2101472871640536,0.0003,11.044919967735012,7.783377152145668,18.82829711988068,1.4190395443821227,Medium
2021-04-26,132.09390258789062,132.09390258789062,0.2053516524456534,0.0003,10.820807446983387,7.6243603794297385,18.445167826413126,1.419241340713321,Medium
2021-04-27,132.6992645263672,132.6992645263672,0.1969960063535002,0.0001,10.418116698734067,7.361344632219982,17.77946133095405,1.4152464283678354,Medium
2021-04-28,133.55905151367188,133.55905151367188,0.1909409877232339,0.0001,10.164522229517324,7.181456885721552,17.345979115238876,1.4153844256486197,Medium
2021-04-29,136.156005859375,136.156005859375,0.1983429358759786,0.0001,10.762305709745412,7.604708829690196,18.36701453943561,1.4152160129691451,Medium
2021-04-30,134.94532775878906,134.94532775878906,0.1937547314449655,0.0001,10.42079740208844,7.362855885271053,17.783653287359492,1.4153200285957808,Medium
2021-05-03,134.55047607421875,134.55047607421875,0.1913616883360965,0.0004,10.281113368399609,7.229460323525288,17.510573691924897,1.4221135338337745,Medium
2021-05-04,136.4104461669922,136.4104461669922,0.1963742704754137,0.0002,10.682099045546217,7.536161372779489,18.218260418325706,1.417445635403962,Medium
2021-05-05,138.2002716064453,138.2002716064453,0.1988578962310958,0.0002,10.958509153292127,7.7316222435344315,18.69013139682656,1.4173622052546837,Medium
2021-05-06,140.9814453125,140.9814453125,0.2032755354810142,0.0002,11.426226669285327,8.062444184638267,19.488670853923594,1.4172162197483766,Medium
2021-05-07,141.46401977539062,141.46401977539062,0.2033476483044821,0.0002,11.46938661290082,8.092911682254822,19.562298295155642,1.4172138611186789,Medium
2021-05-10,141.44647216796875,141.44647216796875,0.2024064204035153,0.0002,11.41512925432049,8.05445185429275,19.46958110861324,1.4172447065080676,Medium
2021-05-11,139.09515380859375,139.09515380859375,0.2118277269485266,0.0001,11.738948738054972,8.29656917315566,20.035517911210633,1.414916032525524,High
2021-05-12,138.13880920410156,138.13880920410156,0.2086632237976384,0.0002,11.491149690839428,8.109251188639249,19.600400879478677,1.4170420207155614,High
2021-05-13,141.69212341308594,141.69212341308594,0.2118050120191249,0.0002,11.963333569226194,8.443063801874672,20.406397371100866,1.4169422202601254,High
2021-05-14,143.894287109375,143.894287109375,0.2158369837891833,0.0001,12.372802300757556,8.745092202773733,21.11789450353129,1.414828113171088,Medium
2021-05-17,144.47329711914062,144.47329711914062,0.2153981697151484,0.0002,12.404051911029896,8.754794685026553,21.15884659605645,1.4168295610912176,Medium
2021-05-18,142.43788146972656,142.43788146972656,0.222485106957449,0.0002,12.629562526332919,8.915332102533782,21.5448946288667,1.416611560969617,High
2021-05-19,141.34991455078125,141.34991455078125,0.2066510022715448,0.0001,11.638929440650415,8.225215559934497,19.864145000584912,1.4150303242317825,High
2021-05-20,141.1043243408203,141.1043243408203,0.2066666148117026,0.0001,11.619581379887961,8.211544320590605,19.831125700478566,1.4150299780702198,Medium
2021-05-21,142.70986938476562,142.70986938476562,0.1881303906441403,0.0001,10.701655160443806,7.560606685877147,18.262261846320953,1.4154492628791269,Medium
2021-05-24,143.48190307617188,143.48190307617188,0.1809108251633039,0.0002,10.354730659671276,7.302396422857953,17.65712708252923,1.4179907608492617,Medium
2021-05-25,141.99917602539062,141.99917602539062,0.1876856605163563,0.0002,10.629852178479837,7.49771238559066,18.127564564070497,1.417746057972112,Medium
2021-05-26,141.98165893554688,141.98165893554688,0.1880342933657998,0.0002,10.648199406640003,7.51071883218988,18.158918238829884,1.4177337275632427,Medium
2021-05-27,144.19256591796875,144.19256591796875,0.1925135914643834,0.0002,11.070490947004245,7.809443681509904,18.87993462851415,1.4175774099268283,Medium
2021-05-28,144.09605407714844,144.09605407714844,0.1843581860081006,0.0001,10.589703679975486,7.481049552152413,18.0707532321279,1.4155371657615428,Medium
2021-06-01,145.68408203125,145.68408203125,0.181400278891378,0.0002,10.54198393649935,7.434546251511222,17.97653018801057,1.417972742365612,Medium
2021-06-02,145.6928253173828,145.6928253173828,0.1803268826945293,0.0002,10.480488417478469,7.390971285265437,17.871459702743905,1.4180123305812677,Medium
2021-06-03,145.7893829345703,145.7893829345703,0.1768996362755953,0.0002,10.288913709357189,7.255214255991902,17.54412796534909,1.418140573982337,Medium
2021-06-04,146.0262451171875,146.0262451171875,0.1732573254541494,0.0002,10.094276115224034,7.1172654619658715,17.211541577189905,1.4182801202466147,Medium
2021-06-07,145.34190368652344,145.34190368652344,0.1629659318281451,0.0002,9.452408691375211,6.66274937302596,16.11515806440117,1.4186949203947465,Medium
2021-06-08,144.76283264160156,144.76283264160156,0.1638580780342269,0.0002,9.466094787954276,6.672571642091398,16.138666430045674,1.4186576474115304,Medium
2021-06-09,142.95547485351562,142.95547485351562,0.1705559933746215,0.0003,9.735197224481894,6.851394893042766,16.58659211752466,1.4209073300339874,Medium
2021-06-10,140.72702026367188,140.72702026367188,0.1692480084964974,0.0003,9.510283317717295,6.692768930054811,16.203052247772106,1.4209788828970389,Medium
2021-06-11,140.63055419921875,140.63055419921875,0.167155412398558,0.0003,9.386794457742837,6.605324816222051,15.992119273964889,1.4210950587455988,Low
2021-06-14,138.24412536621094,138.24412536621094,0.1527481798033212,0.0003,8.435584866193096,5.932367739190511,14.367952605383607,1.4219591969098255,Medium
2021-06-15,136.1472625732422,136.1472625732422,0.1476651737211878,0.0003,8.032371864724567,5.647471618322598,13.679843483047165,1.4222952159094389,Medium
2021-06-16,137.10360717773438,137.10360717773438,0.1497063685530164,0.0004,8.206571637293806,5.758841916733346,13.965413554027151,1.425038533085644,Medium
2021-06-17,133.14669799804688,133.14669799804688,0.1720357399341038,0.0004,9.151735269484902,6.429798266348314,15.581533535833216,1.423331633495006,Medium
2021-06-18,129.77769470214844,129.77769470214844,0.1883721969273288,0.0005,9.768382461923785,6.857028133421451,16.625410595345237,1.4245796096872152,Medium
2021-06-21,131.9798583984375,131.9798583984375,0.2017659571656622,0.0005,10.63582705165026,7.47073144989443,18.10655850154469,1.4236660925350966,Medium
2021-06-22,131.78683471679688,131.78683471679688,0.1949373221131364,0.0004,10.257018938475888,7.213561008708197,17.470579947184085,1.4219078380419372,Medium
2021-06-23,132.58517456054688,132.58517456054688,0.1953322969927761,0.0005,10.3460652180174,7.265020044303128,17.61108526232053,1.4240931415089868,Medium
2021-06-24,133.80471801757812,133.80471801757812,0.1986822476251161,0.0005,10.619141321028629,7.457952309318706,18.077093630347335,1.4238682255664223,Medium
2021-06-25,135.15589904785156,135.15589904785156,0.2034940872058054,0.0006,10.990674303766504,7.709092929463992,18.699767233230496,1.425676717653821,Low
2021-06-28,135.40151977539062,135.40151977539062,0.1937143887153628,0.0005,10.478873311793969,7.357706075655834,17.836579387449802,1.4242038488687423,Medium
2021-06-29,135.23483276367188,135.23483276367188,0.1936391019296045,0.0004,10.455681581061349,7.352893580015227,17.808575161076575,1.421981899680873,Medium
2021-06-30,136.46307373046875,136.46307373046875,0.1920002501572108,0.0005,10.468165307998923,7.349574275859652,17.817739583858575,1.424322677081116,Medium
2021-07-01,137.814208984375,137.814208984375,0.1969719407525495,0.0005,10.843796521856333,7.615120071146023,18.458916593002357,1.423982343094482,Low
2021-07-02,137.681884765625,137.681884765625,0.1967083530059595,0.0005,10.818980183286435,7.5975981138607835,18.41657829714722,1.4240000617496045,Low
2021-07-06,135.3699493408203,135.3699493408203,0.2019740468766609,0.0005,10.92020135631077,7.6705519560964035,18.590753312407173,1.4236526157197344,Medium
2021-07-07,135.52879333496094,135.52879333496094,0.2025979049203465,0.0005,10.966565470512109,7.703336939023217,18.669902409535325,1.4236123328525558,Medium
2021-07-08,133.1904296875,133.1904296875,0.2083955667630851,0.0006,11.08983085978295,7.78060124414997,18.87043210393292,1.4253179814504826,Medium
2021-07-09,137.45248413085938,137.45248413085938,0.2391263433680316,0.0006,13.118804632990077,9.217059013706773,22.33586364669685,1.4233178515490659,Medium
2021-07-12,139.4202423095703,139.4202423095703,0.2397693916918829,0.0005,13.335797908355879,9.381622271085206,22.717420179441085,1.4214810107477585,Medium
2021-07-13,137.3465576171875,137.3465576171875,0.2450104629026878,0.0005,13.422448795090332,9.444351748463689,22.86680054355402,1.4212144096892367,Medium
2021-07-14,136.8788604736328,136.8788604736328,0.2382472235361697,0.0006,13.016405788461114,9.144779640840241,22.161185429301355,1.4233700865060035,Medium
2021-07-15,137.17889404296875,137.17889404296875,0.2321716528892049,0.0005,12.708599941787043,8.937884335123165,21.646484276910208,1.4218801077841332,Medium
2021-07-16,134.04638671875,134.04638671875,0.2444153012569875,0.0005,13.068351426909658,9.19500678456798,22.263358211477637,1.4212443484916542,Medium
2021-07-19,129.68727111816406,129.68727111816406,0.2501864765086946,0.0005,12.939614594777133,9.106264480552724,22.045879075329857,1.4209574762967718,High
2021-07-20,132.1050567626953,132.1050567626953,0.2425750456844508,0.0005,12.782843429250299,8.993531671335788,21.776375100586087,1.4213374563400736,Medium
2021-07-21,134.88462829589844,134.88462829589844,0.2462588258991227,0.0005,13.248506499879511,9.322371986366882,22.570878486246393,1.4211518827240794,Medium
2021-07-22,133.18161010742188,133.18161010742188,0.2507359209258864,0.0005,13.317221717978079,9.372183383511093,22.68940510148917,1.4209305530030143,Medium
2021-07-23,132.92568969726562,132.92568969726562,0.2500361468864647,0.0005,13.254821639226485,9.328043267029273,22.582864906255757,1.420964854019999,Medium
2021-07-26,133.81689453125,133.81689453125,0.2490548183200051,0.0005,13.291719919340458,9.35369250238945,22.645412421729908,1.4210131363571146,Medium
2021-07-27,133.6404266357422,133.6404266357422,0.246377670836334,0.0005,13.132586475737085,9.240842916168837,22.373429391905923,1.4211459490084835,Medium
2021-07-28,133.86106872558594,133.86106872558594,0.2463583673003125,0.0005,13.153245733450206,9.255373682367889,22.408619415818094,1.4211469125777196,Medium
2021-07-29,135.0081787109375,135.0081787109375,0.2483296232454669,0.0006,13.377390472442386,9.402254799922687,22.779645272365073,1.4227853591621857,Medium
2021-07-30,133.93165588378906,133.93165588378906,0.2474600899178645,0.0006,13.224631814182551,9.294567212776741,22.519199026959292,1.4228345991197269,Medium
2021-08-02,133.3933563232422,133.3933563232422,0.2445205938891229,0.0005,13.010246842862777,9.154158043657546,22.164404886520323,1.4212390457773363,Medium
2021-08-03,134.91107177734375,134.91107177734375,0.2485583787230634,0.0005,13.37389539313525,9.411358989306251,22.7852543824415,1.421037642739106,Medium
2021-08-04,133.4551544189453,133.4551544189453,0.2444943971137684,0.0005,13.014890186088593,9.157416653803324,22.172306839891917,1.421240364844943,Medium
2021-08-05,135.14048767089844,135.14048767089844,0.2487194150452017,0.0005,13.40525065249497,9.433476845980529,22.8387274984755,1.421029687289343,Medium
2021-08-06,138.97900390625,138.97900390625,0.2585493325829954,0.0006,14.332768492509324,10.077730355371926,24.41049884788125,1.4222218681281993,Medium
2021-08-09,138.8289794921875,138.8289794921875,0.2353460386343316,0.0006,13.04234036021468,9.16187898101036,22.20421934122504,1.4235442737507527,Medium
2021-08-10,140.5320281982422,140.5320281982422,0.2339589066636858,0.0005,13.118740510032957,9.22695225302678,22.345692763059738,1.421784805023731,Medium
2021-08-11,142.20863342285156,142.20863342285156,0.2301983775935204,0.0005,13.063391314506518,9.186720312304047,22.250111626810565,1.421986396713344,Medium
2021-08-12,142.76454162597656,142.76454162597656,0.2295629157638742,0.0006,13.085008116681848,9.189554416960164,22.274562533642012,1.4239001721924915,Low
2021-08-13,141.16738891601562,141.16738891601562,0.2341028205892807,0.0006,13.192509620073565,9.266877113012072,22.459386733085637,1.4236197868157032,Low
2021-08-16,140.24082946777344,140.24082946777344,0.218850256008781,0.0006,12.258282525784438,8.604760248142426,20.863042773926864,1.4245931521951147,Medium
2021-08-17,138.54661560058594,138.54661560058594,0.1859837563063991,0.0007000000000000001,10.309872226468741,7.212707247537892,17.522579474006633,1.4294039495347723,Medium
2021-08-18,137.28477478027344,137.28477478027344,0.1818739840480321,0.0007000000000000001,9.991916046789441,6.988249678766223,16.980165725555665,1.4298166931770984,High
2021-08-19,136.1376495361328,136.1376495361328,0.1712848806879957,0.0006,9.329404086811138,6.531238452173497,15.860642538984635,1.428428031701469,High
2021-08-20,136.52590942382812,136.52590942382812,0.1645865889102601,0.0005,8.986184546296116,6.299540695696578,15.285725241992694,1.4264824977533477,Medium
2021-08-23,138.2730712890625,138.2730712890625,0.1688646336603823,0.0005,9.336294589973392,6.546694840902333,15.882989430875725,1.4261081075052167,Medium
2021-08-24,139.12899780273438,139.12899780273438,0.1686906102523931,0.0005,9.384465056087791,6.580403567111119,15.96486862319891,1.426123027315738,Medium
2021-08-25,141.996826171875,141.996826171875,0.1799497649243417,0.0006,10.21974320441366,7.158642961495019,17.37838616590868,1.4276090118453622,Medium
2021-08-26,142.72923278808594,142.72923278808594,0.1800539240753492,0.0005,10.271722617732479,7.207220610967411,17.47894322869989,1.4251988626658294,Medium
2021-08-27,143.87637329101562,143.87637329101562,0.1798607478935384,0.0005,10.343237898792765,7.257323809866563,17.600561708659328,1.425213779868938,Medium
2021-08-30,141.57325744628906,141.57325744628906,0.188160983476,0.0005,10.644362372008118,7.471852597900153,18.11621496990827,1.4245948019637793,Medium
2021-08-31,141.14089965820312,141.14089965820312,0.1877578377096926,0.0004,10.582721097183637,7.440430323031222,18.02315142021486,1.4223264835134224,Medium
2021-09-01,140.93797302246094,140.93797302246094,0.1855605363444522,0.0005,10.451058369462245,7.335187683277468,17.786246052739713,1.4247840438068466,Medium
2021-09-02,141.5909423828125,141.5909423828125,0.1796202232712031,0.0005,10.16541058935016,7.132458303977103,17.297868893327262,1.4252323891864693,Medium
2021-09-03,140.73500061035156,140.73500061035156,0.1784831040059526,0.0005,10.040386680403145,7.044299008416218,17.084685688819363,1.425320911052659,Medium
2021-09-07,140.48794555664062,140.48794555664062,0.1514211543648829,0.0005,8.511577543854827,5.961547007355136,14.473124551209963,1.4277464445643986,Medium
2021-09-08,139.86138916015625,139.86138916015625,0.1523234738563912,0.0005,8.523805720924457,5.970499060772525,14.494304781696982,1.427653808192972,Medium
2021-09-09,140.47024536132812,140.47024536132812,0.1469690331007803,0.0004,8.255141083071038,5.7919548387727104,14.047095921843749,1.4252771841053005,Medium
2021-09-10,138.85546875,138.85546875,0.1455009461991642,0.0005,8.085706803585126,5.660756374826107,13.746463178411233,1.4283792249995055,Medium
2021-09-13,141.0614471435547,141.0614471435547,0.1560906556253648,0.0006,8.814889655081188,6.164041219699172,14.97893087478036,1.4300504070138889,Medium
2021-09-14,138.59957885742188,138.59957885742188,0.1629711656841357,0.0004,9.027181690482166,6.3394089393352,15.366590629817367,1.4239784460771554,Medium
2021-09-15,139.56141662597656,139.56141662597656,0.1637188797300505,0.0004,9.13131091137005,6.412784519250138,15.544095430620189,1.4239229283253378,Medium
2021-09-16,139.49961853027344,139.49961853027344,0.1578953301295508,0.0004,8.804285256275804,6.181193217164065,14.98547847343987,1.4243666144957066,Medium
2021-09-17,139.13780212402344,139.13780212402344,0.1545363575993908,0.0004,8.595605819976214,6.0335495114882605,14.629155331464474,1.4246350019353675,Medium
2021-09-20,134.97286987304688,134.97286987304688,0.1862671515176575,0.0004,10.04034150088691,7.058651849902262,17.098993350789172,1.4224163075879617,High
2021-09-21,134.9905242919922,134.9905242919922,0.1859059643912328,0.0003,10.016033973165882,7.052940060741811,17.068974033907693,1.420121805503111,High
2021-09-22,137.5760040283203,137.5760040283203,0.1926660646658672,0.0003,10.577184833112447,7.449754459295477,18.026939292407924,1.4198031479970055,Medium
2021-09-23,142.22625732421875,142.22625732421875,0.2242515476408847,0.0003,12.716874337228631,8.965180524287632,21.682054861516264,1.418473872642861,Medium
2021-09-24,143.8675079345703,143.8675079345703,0.216541730853106,0.0003,12.423865131814793,8.75673479143397,21.180599923248764,1.4187782806860942,Medium
2021-09-27,147.34422302246094,147.34422302246094,0.2307302543407905,0.0004,13.559501434314797,9.548336049309725,23.10783748362452,1.4200905125553316,Medium
2021-09-28,146.55003356933594,146.55003356933594,0.2306539655065717,0.0004,13.481985583307775,9.493727507030655,22.97571309033843,1.4200940118961265,High
2021-09-29,146.43531799316406,146.43531799316406,0.2223671843466758,0.0004,12.990516891766873,9.145145763219148,22.13566265498602,1.4204822129805104,High
2021-09-30,144.4410858154297,144.4410858154297,0.2281708619918453,0.0004,13.145852659903042,9.256282767218792,22.402135427121834,1.4202086291550207,High
2021-10-01,147.4765625,147.4765625,0.237849588592704,0.0004,13.987595352942861,9.852018869618206,23.839614222561067,1.4197694440149728,High
2021-10-04,147.3177032470703,147.3177032470703,0.2379255183147489,0.0004,13.976958290061646,9.844550117137118,23.821508407198763,1.419766076027278,High
2021-10-05,149.72348022460938,149.72348022460938,0.2410288464900861,0.0004,14.389213333733366,10.135894268188949,24.525107601922315,1.4196293837528742,High
2021-10-06,150.0430450439453,150.0430450439453,0.2404480702778214,0.0004,14.38541867712155,10.13303968594299,24.51845836306454,1.419654824512101,High
2021-10-07,150.99290466308594,150.99290466308594,0.2390488515182998,0.0005,14.399661175528522,10.129776168865746,24.529437344394267,1.4215181989693346,Medium
2021-10-08,151.10830688476562,151.10830688476562,0.2392388924453367,0.0005,14.422038535211783,10.145588138245486,24.56762667345727,1.4215083777002049,Medium
2021-10-11,147.93023681640625,147.93023681640625,0.2490714877927284,0.0005,14.69454119479083,10.340896447953256,25.035437642744085,1.4210123144303681,Medium
2021-10-12,146.7939910888672,146.7939910888672,0.2472002714518691,0.0006,14.479584832787523,10.176470751753115,24.65605558454064,1.4228493537696363,Medium
2021-10-13,142.92347717285156,142.92347717285156,0.2580394511025278,0.0005,14.704314706416582,10.350933125472238,25.05524783188882,1.4205786597375714,Medium
2021-10-14,145.11619567871094,145.11619567871094,0.2618297511672406,0.0005,15.147438418307061,10.664204818837163,25.811643237144224,1.4204001775688657,Medium
2021-10-15,147.9036407470703,147.9036407470703,0.2682801218760061,0.0005,15.81557730884876,11.136927493847494,26.952504802696254,1.42010238619098,Medium
2021-10-18,147.85040283203125,147.85040283203125,0.2678261282991114,0.0006,15.78996572236639,11.106144499539951,26.89611022190634,1.421732422355972,Medium
2021-10-19,149.64358520507812,149.64358520507812,0.2403119268339021,0.0005,14.345827454789372,10.09236779096129,24.438195245750663,1.4214530972243673,Medium
2021-10-20,151.65872192382812,151.65872192382812,0.2413685338935938,0.0005,14.602461979661328,10.273302931735316,24.875764911396644,1.4213989480007236,Low
2021-10-21,150.4691619873047,150.4691619873047,0.2404647569424156,0.0006,14.440891904443674,10.146499569874308,24.587391474317982,1.4232388031947223,Low
2021-10-22,152.4931640625,152.4931640625,0.2192006242474849,0.0006,13.350425505919702,9.371549296063904,22.721974801983606,1.4245697359269023,Low
2021-10-25,151.74749755859375,151.74749755859375,0.2188645896730474,0.0006,13.26492886485319,9.311386745199698,22.576315610052887,1.4245921931759158,Low
2021-10-26,152.1558074951172,152.1558074951172,0.2046823442882935,0.0006,12.444813727589121,8.729597107822542,21.174410835411663,1.4255885551049539,Medium
2021-10-27,148.9866943359375,148.9866943359375,0.2180946055059029,0.0006,12.97811513521438,9.109726084944157,22.087841220158538,1.4246438382668383,Medium
2021-10-28,151.23260498046875,151.23260498046875,0.2234231442871753,0.0006,13.493192218920683,9.473616009438246,22.96680822835893,1.4242916543670199,Medium
2021-10-29,150.81536865234375,150.81536865234375,0.2171393962453891,0.0005,13.073394197709973,9.189009835249038,22.26240403295901,1.4227206665467305,Medium
2021-11-01,150.73548889160156,150.73548889160156,0.2062410649289134,0.0005,12.414927673137498,8.722141812489767,21.137069485627265,1.4233806260017243,Medium
2021-11-02,151.33029174804688,151.33029174804688,0.2063237839952129,0.0005,12.468883199618531,8.76008037433931,21.22896357395784,1.4233754334199178,Medium
2021-11-03,151.38352966308594,151.38352966308594,0.1990608829278653,0.0005,12.036996721679614,8.453878258862616,20.49087498054223,1.4238431585007318,Low
2021-11-04,149.39503479003906,149.39503479003906,0.2045301574914121,0.0004,12.196245316232336,8.58056075572803,20.776806071960365,1.4213809171027223,Low
2021-11-05,149.18197631835938,149.18197631835938,0.2031756717845481,0.0005,12.105538939574302,8.5036175490647,20.609156488639,1.4235751866458026,Medium
2021-11-08,150.07855224609375,150.07855224609375,0.2044130178759306,0.0006,12.25887885532552,8.599050243877045,20.857929099202565,1.425608469267226,Medium
2021-11-09,148.94227600097656,148.94227600097656,0.191884587457828,0.0004,11.411724526923564,8.024653702637593,19.436378229561157,1.4220831140878625,Medium
2021-11-10,148.80026245117188,148.80026245117188,0.1897350125491204,0.0005,11.280732782862586,7.919181216254543,19.19991399911713,1.4244822128464845,Medium
2021-11-11,148.79136657714844,148.79136657714844,0.1616855175295966,0.0005,9.62191181649699,6.743956477426877,16.365868293923867,1.426745835134479,Medium
2021-11-12,148.12557983398438,148.12557983398438,0.1555420977091716,0.0005,9.217053050256979,6.457544148643734,15.674597198900713,1.4273310159548533,Medium
2021-11-15,147.8592529296875,147.8592529296875,0.1411584824978413,0.0005,8.35457922711008,5.846970218052846,14.201549445162925,1.4288732310137053,Medium
2021-11-16,146.7939910888672,146.7939910888672,0.1433598341859054,0.0005,8.4229457347015,5.895863796774634,14.318809531476134,1.4286194567977164,Medium
2021-11-17,146.00393676757812,146.00393676757812,0.1369484853850406,0.0005,8.005181643301896,5.600461323208066,13.605642966509961,1.4293789710016878,Medium
2021-11-18,144.7433319091797,144.7433319091797,0.128470781296861,0.0005,7.447728450151075,5.2064229504373,12.654151400588376,1.430488556356245,Medium
2021-11-19,142.85250854492188,142.85250854492188,0.1326270389358039,0.0005,7.586736449843784,5.30567601805879,12.892412467902574,1.4299283303430153,Medium
2021-11-22,145.89735412597656,145.89735412597656,0.1462567215826703,0.0005,8.53962507733769,5.978890601047212,14.518515678384901,1.428295924304412,Medium
2021-11-23,149.38612365722656,149.38612365722656,0.1707335160249841,0.0006,10.204581956471202,7.143651963683865,17.348233920155067,1.4284825196339583,Medium
2021-11-24,148.21435546875,148.21435546875,0.1719726842527617,0.0006,10.197518317856279,7.139317052982435,17.336835370838713,1.428360477925026,Medium
2021-11-26,143.74911499023438,143.74911499023438,0.1882229116188981,0.0006,10.818153353948233,7.581652495783274,18.399805849731507,1.4268859407583003,High
2021-11-29,143.12767028808594,143.12767028808594,0.1783023139108762,0.0006,10.207468140313026,7.14929059726515,17.356758737578176,1.4277595799809473,High
2021-11-30,140.99713134765625,140.99713134765625,0.1833877885337711,0.0005,10.333778381103429,7.252052332864039,17.585830713967468,1.4249453681234439,High
2021-12-01,140.1627197265625,140.1627197265625,0.1833500430151797,0.0006,10.277031905024643,7.200303617090356,17.477335522115,1.4273053542674905,High
2021-12-02,143.10992431640625,143.10992431640625,0.200447721654559,0.0005,11.457899806296624,8.047679844362506,19.50557965065913,1.4237519419119309,High
2021-12-03,140.51779174804688,140.51779174804688,0.2071972560840878,0.0006,11.633135226101459,8.16128700926022,19.79442223536168,1.425404499670444,High
2021-12-06,142.1778564453125,142.1778564453125,0.2105310393963113,0.0005,11.95205315867905,8.398514381991802,20.350567540670852,1.4231151624038163,High
2021-12-07,144.31723022460938,144.31723022460938,0.2189058046033428,0.0006,12.61777392970319,8.857130068348212,21.474903998051403,1.4245894361192677,High
2021-12-08,142.6660919189453,142.6660919189453,0.2196721237654151,0.0007000000000000001,12.523276390074642,8.77898788601955,21.302264276094192,1.4265057148578406,Medium
2021-12-09,142.44412231445312,142.44412231445312,0.2188698358302222,0.0006,12.451975392310473,8.740731922994058,21.19270731530453,1.4245918421949684,High
2021-12-10,141.8759765625,141.8759765625,0.2189186203693496,0.0006,12.40505394293433,8.707815102621026,21.112869045555357,1.4245885789651695,Medium
2021-12-13,140.18931579589844,140.18931579589844,0.2212737708555991,0.0005,12.382059586890975,8.70454532346865,21.086604910359625,1.4224820627341948,Medium
2021-12-14,141.26345825195312,141.26345825195312,0.2240995143180889,0.0005,12.635155441122805,8.883468187768813,21.518623628891618,1.4223223603726636,High
2021-12-15,140.2070770263672,140.2070770263672,0.2248229214922886,0.0005,12.580867836263515,8.845551536858437,21.426419373121952,1.422281898855083,Medium
2021-12-16,142.3997344970703,142.3997344970703,0.2325097519157597,0.0005,13.211344993434082,9.291580269252222,22.502925262686304,1.4218620095392362,Medium
2021-12-17,139.15953063964844,139.15953063964844,0.2440087277138817,0.0005,13.544439983594614,9.5298494106205,23.074289394215114,1.4212648490017137,High
2021-12-20,136.65618896484375,136.65618896484375,0.2492881650809759,0.0007000000000000001,13.598689172204487,9.546535629155358,23.145224801359845,1.4244632503830763,High
2021-12-21,138.56480407714844,138.56480407714844,0.252618293723421,0.0007000000000000001,13.971195155765336,9.809479461217734,23.78067461698307,1.424254488834107,High
2021-12-22,139.10629272460938,139.10629272460938,0.2399938620968745,0.0008,13.33703816250192,9.347072237972057,22.684110400473976,1.4268679884938522,Medium
2021-12-23,139.60340881347656,139.60340881347656,0.222108233830109,0.0007000000000000001,12.389236197908126,8.686135898957772,21.075372096865898,1.4263230902701718,Medium
2021-12-27,140.40240478515625,140.40240478515625,0.2235045104029857,0.0006,12.53143384139186,8.798394842038036,21.329828683429895,1.4242863688632905,Medium
2021-12-28,140.82850646972656,140.82850646972656,0.1994638575330392,0.0006,11.226748690779573,7.872996227119728,19.0997449178993,1.4259817186381134,Medium
2021-12-29,140.75746154785156,140.75746154785156,0.1990930118721596,0.0005,11.193878293278388,7.861747217955198,19.055625511233586,1.4238410346892152,Medium
2021-12-30,140.68646240234375,140.68646240234375,0.1922799382131488,0.0005,10.807765496614351,7.588107404974025,18.395872901588376,1.4243031786199853,Medium
2021-12-31,140.57107543945312,140.57107543945312,0.1911386841021476,0.0006,10.741715438190255,7.529363169136602,18.271078607326857,1.4266432893317347,Medium
2022-01-03,143.544921875,143.544921875,0.1913105062157234,0.0008,10.99204616458131,7.680531057055532,18.672577221636843,1.4311570492881136,Medium
2022-01-04,148.9866943359375,148.9866943359375,0.2185982031613203,0.0008,13.021490898365698,9.115070236080868,22.136561134446566,1.4285672585189473,Medium
2022-01-05,146.26287841796875,146.26287841796875,0.2278386048910968,0.0009,13.325709832148334,9.320597054430692,22.646306886579026,1.4297056030132478,Medium
2022-01-06,147.81675720214844,147.81675720214844,0.2250424024581503,0.001,13.310263011856108,9.295631119646572,22.60589413150268,1.4318837355458847,Medium
2022-01-07,149.28140258789062,149.28140258789062,0.2220638800053767,0.001,13.265957692465022,9.262763185551094,22.528720878016117,1.4321814588932251,Medium
2022-01-10,149.42425537109375,149.42425537109375,0.2217043938842006,0.0013,13.277869036587092,9.232872533445871,22.510741570032962,1.438108128157116,Medium
2022-01-11,149.5760498046875,149.5760498046875,0.2205941658918806,0.0011,13.21186341823119,9.211358085688886,22.423221503920075,1.4343013587494378,Medium
2022-01-12,150.42445373535156,150.42445373535156,0.2143811929859754,0.0012,12.923267104150852,8.99297286847326,21.916239972624112,1.4370405974931892,Medium
2022-01-13,150.23690795898438,150.23690795898438,0.2143558673966445,0.0012,12.905646381910842,8.98069106382708,21.886337445737922,1.437043796539546,Medium
2022-01-14,141.0028076171875,141.0028076171875,0.3133612343251403,0.0013,17.635672545393653,12.33939486303754,29.975067408431194,1.4292169706166895,Medium
2022-01-18,135.09088134765625,135.09088134765625,0.3415119668136586,0.0016,18.40975453259602,12.864851717381129,31.274606249977147,1.431011793763889,High
2022-01-19,133.001220703125,133.001220703125,0.3368290403364088,0.0017000000000000001,17.886029856899867,12.484322677918883,30.37035253481875,1.4326792344557888,High
2022-01-20,131.86700439453125,131.86700439453125,0.3327035383535726,0.0017000000000000001,17.519672342899035,12.225598117012652,29.745270459911687,1.4330319200104706,High
2022-01-21,129.56292724609375,129.56292724609375,0.3320228336291584,0.0017000000000000001,17.178883836776272,11.987297206884215,29.166181043660487,1.4330906742606306,High
2022-01-24,129.4468536376953,129.4468536376953,0.3311452648029727,0.0019,17.13010886978573,11.930712782431584,29.060821652217314,1.4357992839296616,High
2022-01-25,130.85781860351562,130.85781860351562,0.3340271074141909,0.0019,17.465062895056775,12.166301570188168,29.631364465244943,1.4355276987258385,High
2022-01-26,132.09922790527344,132.09922790527344,0.3355124715531885,0.0019,17.707863918854592,12.336630710602016,30.044494629456608,1.4353889918773832,High
2022-01-27,129.7683563232422,129.7683563232422,0.3386175429061377,0.002,17.559375741379647,12.224653828418617,29.784029569798264,1.436390427723967,High
2022-01-28,130.9293212890625,130.9293212890625,0.3413630723225492,0.0019,17.851999015080644,12.44171113441925,30.293710149499894,1.4348507871794383,High
2022-01-31,132.7064666748047,132.7064666748047,0.3462849003121395,0.0022,18.368039480341892,12.771634303956134,31.139673784298026,1.4381902145954977,High
2022-02-01,134.98374938964844,134.98374938964844,0.3530033556478649,0.0019,19.02168117557172,13.266471259009386,32.28815243458111,1.4338161824798676,High
2022-02-02,133.90313720703125,133.90313720703125,0.3434959823509157,0.0019,18.369647000704212,12.804201974709514,31.173848975413726,1.4346577035404005,High
2022-02-03,132.79576110839844,132.79576110839844,0.3104403631693199,0.002,16.497293098088917,11.462318788791308,27.959611886880225,1.4392631545216816,High
2022-02-04,136.24288940429688,136.24288940429688,0.3244654414349514,0.0023,17.695397054874753,12.272845575515916,29.96824263039067,1.4418332689019342,High
2022-02-07,136.69837951660156,136.69837951660156,0.3215026299912403,0.0027,17.619216754891475,12.171001907319578,29.790218662211053,1.4476389773873397,High
2022-02-08,139.27037048339844,139.27037048339844,0.3275586866958758,0.0025,18.270172392940545,12.65107891259266,30.921251305533204,1.4441592309375875,High
2022-02-09,139.85081481933594,139.85081481933594,0.3282708367509565,0.0026,18.391577992558112,12.72411756356668,31.11569555612479,1.4454108821832352,Medium
2022-02-10,139.27037048339844,139.27037048339844,0.3279321616675372,0.004,18.381986797834635,12.553068211495209,30.935055009329844,1.4643421423458622,High
2022-02-11,137.45745849609375,137.45745849609375,0.3278436899059642,0.0036,18.11385633789203,12.415820257971404,30.529676595863435,1.4589335188113957,High
2022-02-14,136.18038940429688,136.18038940429688,0.3280939623828852,0.0043,18.000696468443294,12.258782698042332,30.259479166485626,1.4683918388828214,High
2022-02-15,138.17185974121094,138.17185974121094,0.2552335435560319,0.004,14.280536426033485,9.641702750301924,23.92223917633541,1.481121830434598,High
2022-02-16,138.4219512939453,138.4219512939453,0.2048423459636284,0.0038,11.53515434405982,7.716801960940039,19.251956304999858,1.4948102079653007,High
2022-02-17,135.23377990722656,135.23377990722656,0.2143112970416122,0.0036,11.763974273379702,7.91252789527443,19.67650216865413,1.4867529605052587,High
2022-02-18,135.86782836914062,135.86782836914062,0.2119223432176548,0.0034999999999999996,11.684335469602395,7.865558865971636,19.54989433557403,1.485506073847052,High
2022-02-22,135.62672424316406,135.62672424316406,0.2007897186663059,0.0037,11.078203456151499,7.413662702023963,18.491866158175462,1.4942955865967709,High
2022-02-23,132.7868194580078,132.7868194580078,0.2163669629135035,0.0034000000000000002,11.646909361859827,7.859774142544083,19.50668350440391,1.4818376648784857,High
2022-02-24,129.08966064453125,129.08966064453125,0.2359216796863194,0.0032,12.309646438831159,8.362910324826998,20.672556763658157,1.4719333295117936,High
2022-02-25,132.14382934570312,132.14382934570312,0.2480652758382796,0.0033,13.241329495324912,9.004045712159375,22.245375207484287,1.4705977644519688,High
2022-02-28,126.6337661743164,126.6337661743164,0.2829162249411936,0.0034999999999999996,14.44269645763626,9.852399484502904,24.295095942139163,1.4659065012897166,High
2022-03-01,121.85595703125,121.85595703125,0.3081285295027567,0.0032,15.091778170430594,10.360572867188282,25.452351037618875,1.456654797364144,High
2022-03-02,124.38327026367188,124.38327026367188,0.3139108694861327,0.0034000000000000002,15.6987511110134,10.763429575005546,26.462180686018947,1.4585268572266672,High
2022-03-03,123.49917602539062,123.49917602539062,0.3054613549818343,0.0038,15.198404789029937,10.368446347569737,25.566851136599674,1.4658324188167589,High
2022-03-04,120.02523040771484,120.02523040771484,0.3167198033086338,0.0034000000000000002,15.28131702728205,10.480654875111625,25.761971902393675,1.4580498269788982,High
2022-03-07,115.39032745361328,115.39032745361328,0.3381183259148164,0.0038,15.68155472718599,10.741665202421991,26.42321992960798,1.4598811666230456,High
2022-03-08,114.57764434814452,114.57764434814452,0.3170569780271023,0.0036,14.613015962992435,10.003484214816062,24.616500177808497,1.4607926247686023,High
2022-03-09,119.16790008544922,119.16790008544922,0.3556978038653349,0.0038,17.016582298984915,11.678668953467898,28.695251252452813,1.4570652158037205,High
2022-03-10,117.75690460205078,117.75690460205078,0.3440042842748689,0.0039000000000000003,16.28027465806926,11.149324529568688,27.429599187637947,1.4602027786430452,High
2022-03-11,115.10454559326172,115.10454559326172,0.3446742029291809,0.004,15.948826418298324,10.913529107845925,26.86235552614425,1.4613812141511986,High
2022-03-14,116.24764251708984,116.24764251708984,0.3506788227150809,0.0045000000000000005,16.406128517046845,11.185520067887964,27.59164858493481,1.4667291656957915,High
2022-03-15,118.3105697631836,118.3105697631836,0.3616644792923418,0.0046,17.211540392411088,11.74048602287234,28.952026415283427,1.4659989679200898,High
2022-03-16,123.59739685058594,123.59739685058594,0.4020498751586783,0.0044,19.920902962718458,13.670553201986003,33.59145616470446,1.4572126429985606,High
2022-03-17,125.16024017333984,125.16024017333984,0.400934362295091,0.004,20.09715925171676,13.831956998878056,33.92911625059482,1.4529512529099744,High
2022-03-18,125.11558532714844,125.11558532714844,0.4005608239412311,0.0042,20.082334448504746,13.80027619839813,33.882610646902876,1.455212501532093,High
2022-03-21,124.7137451171875,124.7137451171875,0.3948820920258951,0.0054,19.804949206775845,13.476845642085252,33.2817948488611,1.4695537615218583,High
2022-03-22,127.36605072021484,127.36605072021484,0.4033186967199104,0.0051,20.629038614496118,14.083597403651844,34.71263601814796,1.4647563419518834,High
2022-03-23,124.8297882080078,124.8297882080078,0.4075539097263054,0.005,20.41906250082708,13.957198259495321,34.3762607603224,1.4629771764498396,High
2022-03-24,125.64244842529295,125.64244842529295,0.4040818642923309,0.0052,20.392567457114957,13.912840439034142,34.3054078961491,1.4657371761341533,High
2022-03-25,126.74090576171876,126.74090576171876,0.3947440525648211,0.0055000000000000005,20.125427759423786,13.684126969802996,33.80955472922678,1.470713316518834,Medium
2022-03-28,125.80320739746094,125.80320739746094,0.3852007349144667,0.0059,19.529410436473974,13.221085491063931,32.750495927537905,1.4771412263897552,Medium
2022-03-29,126.0800552368164,126.0800552368164,0.3564022737411565,0.0055000000000000005,18.13109028606977,12.26507288729335,30.39616317336312,1.4782700806330822,Medium
2022-03-30,125.50852966308594,125.50852966308594,0.3288369439015673,0.0055000000000000005,16.69271251483041,11.243563911188225,27.936276426018637,1.4846460292025252,Medium
2022-03-31,121.73988342285156,121.73988342285156,0.3387946272185746,0.0052,16.65108628887385,11.264097387132594,27.915183676006443,1.4782441696478066,Medium
2022-04-01,120.83790588378906,120.83790588378906,0.3388652049024722,0.0053,16.53633719805915,11.17654396281204,27.71288116087119,1.4795572990256083,Medium
2022-04-04,121.37374114990234,121.37374114990234,0.3240808848227003,0.0066,15.97498168127727,10.640866384432222,26.615848065709493,1.5012858073896083,Medium
2022-04-05,119.96127319335938,119.96127319335938,0.2939097542492688,0.006500000000000001,14.361958363068084,9.512218717900936,23.87417708096902,1.5098431595186597,High
2022-04-06,118.296875,118.296875,0.2975001866066386,0.0067,14.340281510765315,9.486517501001927,23.826799011767243,1.51164866445993,High
2022-04-07,117.93701171875,117.93701171875,0.2640633137299413,0.0068000000000000005,12.74991011262776,8.348916116534426,21.098826229162185,1.52713357454598,High
2022-04-08,120.09620666503906,120.09620666503906,0.268182072693603,0.006999999999999999,13.189102682987688,8.627644840179471,21.81674752316716,1.5287025517746429,High
2022-04-11,119.6553726196289,119.6553726196289,0.2547208141142616,0.0077,12.544341282807096,8.102237992814786,20.646579275621882,1.5482563328714425,High
2022-04-12,118.34185028076172,118.34185028076172,0.2567066529874803,0.0074,12.482998050660754,8.097314702956702,20.580312753617456,1.5416219461129055,High
2022-04-13,114.52728271484376,114.52728271484376,0.2740133329129015,0.0075,12.866422380393153,8.384554228734252,21.250976609127406,1.5345386325130241,High
2022-04-14,113.4656753540039,113.4656753540039,0.2198648426529872,0.0079,10.346153357905209,6.565306010601141,16.91145936850635,1.5758828821077118,High
2022-04-18,115.57088470458984,115.57088470458984,0.2262439138309272,0.008100000000000001,10.839823000211261,6.88162570758049,17.72144870779175,1.575183461121781,High
2022-04-19,117.9639892578125,117.9639892578125,0.2412698311979954,0.008100000000000001,11.763339243910494,7.5198245322966955,19.28316377620719,1.5643103364165531,High
2022-04-20,118.37781524658205,118.37781524658205,0.2422451827995547,0.008199999999999999,11.85558366766788,7.572439959565983,19.428023627233863,1.565622669967975,Medium
2022-04-21,117.46017456054688,117.46017456054688,0.2270762671992186,0.0083,11.06653060278942,7.009546630212398,18.07607723300182,1.5787797965549863,High
2022-04-22,114.08646392822266,114.08646392822266,0.2371518272644117,0.0083,11.201999142353479,7.129640937873049,18.331640080226528,1.5711869980503277,High
2022-04-25,114.05046081542967,114.05046081542967,0.2344121261993553,0.0091,11.117599189676376,6.993702862375649,18.111302052052025,1.5896584982879736,High
2022-04-26,110.6767120361328,110.6767120361328,0.2448589997011837,0.0083,11.203439055776812,7.15503433848594,18.358473394262752,1.565812059840868,High
2022-04-27,109.23726654052734,109.23726654052734,0.2459264962967122,0.008199999999999999,11.098652151566576,7.1001632613235515,18.198815412890127,1.5631544998442275,High
2022-04-28,110.96459197998048,110.96459197998048,0.2563141382634564,0.008199999999999999,11.728275640221014,7.5346465233430635,19.262922163564077,1.5565794100473966,High
2022-04-29,107.38394927978516,107.38394927978516,0.2723662941014901,0.0085,12.043031025303591,7.756562416992772,19.799593442296363,1.5526247811685487,High
2022-05-02,108.36458587646484,108.36458587646484,0.2645388379771024,0.009000000000000001,11.843975916966684,7.562584446243562,19.406560363210247,1.56612808771342,High
2022-05-03,110.68572235107422,110.68572235107422,0.2800896248676342,0.0091,12.779601478815302,8.1994691946026,20.9790706734179,1.5585888763662445,High
2022-05-04,114.34735107421876,114.34735107421876,0.3066541556257116,0.0089,14.384980357374417,9.330254997587609,23.715235354962026,1.5417564001298718,High
2022-05-05,111.48639678955078,111.48639678955078,0.3151392322113771,0.0085,14.376299328177474,9.384044846670932,23.760344174848406,1.5319938856939272,High
2022-05-06,111.30647277832033,111.30647277832033,0.3128590360933955,0.0085,14.25354698194463,9.298097948495062,23.551644930439693,1.5329529825238752,High
2022-05-09,109.63312530517578,109.63312530517578,0.3157255461835496,0.0092,14.196632703540878,9.205766024634094,23.402398728174973,1.542145723186046,High
2022-05-10,106.96110534667967,106.96110534667967,0.3136163353961778,0.0089,13.747896299187211,8.935282559472718,22.68317885865993,1.5386078960214205,High
2022-05-11,106.28634643554688,106.28634643554688,0.3135550018554897,0.0091,13.66807185000382,8.865973192425308,22.534045042429128,1.5416324359835885,High
2022-05-12,106.19638061523438,106.19638061523438,0.3133324109564115,0.0096,13.670881081362737,8.824136734164952,22.49501781552769,1.54925988719467,High
2022-05-13,107.14102172851562,107.14102172851562,0.3000136693530295,0.0103,13.266500170399226,8.46587108778644,21.732371258185665,1.567056719011298,High
2022-05-16,106.3943328857422,106.3943328857422,0.2995229952222089,0.010700000000000001,13.172700505560684,8.370316414517895,21.54301692007858,1.573739850827299,High
2022-05-17,109.92098236083984,109.92098236083984,0.3159609577470882,0.0106,14.312560749989409,9.15687132084851,23.469432070837918,1.5630405024260137,High
2022-05-18,108.04070281982422,108.04070281982422,0.3084866512395081,0.0103,13.736841858955593,8.792096295601944,22.528938154557537,1.562408030702206,High
2022-05-19,106.43929290771484,106.43929290771484,0.3093080833460685,0.0105,13.577020465944656,8.675089010303864,22.25210947624852,1.5650583469309085,High
2022-05-20,105.56661987304688,105.56661987304688,0.3093619386401162,0.0103,13.458492768018203,8.616510419154977,22.07500318717318,1.561942377287589,High
2022-05-23,112.09820556640624,112.09820556640624,0.370224935601055,0.010700000000000001,16.978333501791823,11.025017290779225,28.003350792571048,1.5399824829292246,High
2022-05-24,113.68160247802734,113.68160247802734,0.3737957797434484,0.0106,17.371492069641434,11.299610126961895,28.67110219660333,1.537353224974681,High
2022-05-25,114.4732894897461,114.4732894897461,0.3581801931868795,0.0106,16.79517445742293,10.881303056695948,27.67647751411888,1.5434892650184764,High
2022-05-26,116.45254516601562,116.45254516601562,0.3578606000425524,0.010700000000000001,17.076114661664818,11.052942434986505,28.129057096651323,1.5449383512224604,High
2022-05-27,118.09894561767578,118.09894561767578,0.3571711006664972,0.0108,17.290902371610017,11.180330763681553,28.47123313529157,1.5465465858826097,High
2022-05-31,118.9626235961914,118.9626235961914,0.3327500419227305,0.0116,16.324262132304412,10.404121509593026,26.728383641897437,1.569018789068618,High
2022-06-01,116.87539672851562,116.87539672851562,0.3413072767304436,0.0115,16.42356339762501,10.505876453246351,26.92943985087136,1.5632739896298775,High
2022-06-02,118.75570678710938,118.75570678710938,0.3383771562879522,0.011699999999999999,16.562299914239873,10.565707737500432,27.128007651740305,1.5675523425142628,High
2022-06-03,117.10033416748048,117.10033416748048,0.325986833509144,0.0121,15.785028743324787,9.990502976832481,25.775531720157268,1.5800034072287998,High
2022-06-06,116.71346282958984,116.71346282958984,0.3120830837543766,0.0126,15.124139562827843,9.475953274092532,24.600092836920375,1.59605467918226,High
2022-06-07,117.01934814453124,117.01934814453124,0.3117784976969084,0.0126,15.14982946890484,9.490873427770936,24.640702896675776,1.5962523980749146,High
2022-06-08,115.15704345703124,115.15704345703124,0.3124270842856471,0.0128,14.948279182220652,9.348756342893907,24.29703552511456,1.598959116480023,High
2022-06-09,112.73694610595705,112.73694610595705,0.3088915164464743,0.013000000000000001,14.488289904150314,9.029849697080508,23.51813960123082,1.6044884898620855,High
2022-06-10,107.5548858642578,107.5548858642578,0.3526812984598865,0.0139,15.704770420854793,9.873299254559285,25.578069675414078,1.5906304484392748,High
2022-06-13,104.35208129882812,104.35208129882812,0.3684975535294186,0.0173,16.034907364415567,9.852768751398315,25.887676115813882,1.6274519141779182,High
2022-06-14,102.61572265625,102.61572265625,0.3706973704642085,0.0183,15.900665148159987,9.698340343092134,25.59900549125212,1.6395243501106456,High
2022-06-15,103.83026123046876,103.83026123046876,0.3732358750252096,0.0174,16.15031407902513,9.934243442477538,26.084557521502667,1.6257215934500335,High
2022-06-16,102.04893493652344,102.04893493652344,0.3559826613761543,0.0159,15.121757831292292,9.355479503880638,24.47723733517293,1.6163530501050012,High
2022-06-17,101.6890640258789,101.6890640258789,0.352477734563547,0.0163,14.947638652507038,9.202749322381763,24.1503879748888,1.6242579395434886,High
2022-06-21,104.20813751220705,104.20813751220705,0.3618134150772489,0.017,15.728426227793776,9.66254061939459,25.390966847188366,1.627773361824092,High
2022-06-22,103.62335205078124,103.62335205078124,0.3612702010886514,0.0161,15.577335607901468,9.640902246880152,25.21823785478162,1.6157549583019968,High
2022-06-23,102.48977661132812,102.48977661132812,0.2863904754668429,0.0165,12.432086206962843,7.386813203195281,19.818899410158124,1.683010774062237,High
2022-06-24,105.5486297607422,105.5486297607422,0.3032329502303795,0.0173,13.536149213335683,8.057940065985647,21.59408927932133,1.67985230747431,High
2022-06-27,104.70294189453124,104.70294189453124,0.3011466512730282,0.0179,13.371016229407594,7.901383891934898,21.272400121342493,1.6922372602419253,High
2022-06-28,104.19913482666016,104.19913482666016,0.2909273611909809,0.0179,12.891001103553087,7.5683617281104105,20.459362831663498,1.7032749710777337,High
2022-06-29,103.7313232421875,103.7313232421875,0.2823666523610687,0.0178,12.481502991485414,7.293481388927212,19.774984380412626,1.7113230741130745,High
2022-06-30,101.31121826171876,101.31121826171876,0.2840812909218442,0.0172,12.230219394986058,7.201639919682577,19.431859314668635,1.6982547768821414,High
2022-07-01,102.60671997070312,102.60671997070312,0.2899902172982604,0.0173,12.628233247176695,7.456705717598936,20.08493896477563,1.693540515803404,High
2022-07-05,102.21644592285156,102.21644592285156,0.2788262970161694,0.019,12.214507583437673,7.026224640644472,19.240732224082144,1.7384168893178615,High
2022-07-06,101.55387878417967,101.55387878417967,0.277697769053436,0.019,12.090584752812106,6.948959298755852,19.039544051567958,1.7399130190583811,High
2022-07-07,104.1224594116211,104.1224594116211,0.2986543421815605,0.0195,13.271714007951786,7.702821980791242,20.97453598874303,1.7229677696106513,High
2022-07-08,103.79571533203124,103.79571533203124,0.2973610050983981,0.019799999999999998,13.191989937821795,7.626106416481036,20.81809635430283,1.7298460337915216,High
2022-07-11,102.43426513671876,102.43426513671876,0.2962787036881478,0.0218,13.069831733922427,7.394654708990252,20.46448644291268,1.767470186002387,High
2022-07-12,102.53411102294922,102.53411102294922,0.2914338284380677,0.0222,12.90811421530644,7.244748659296192,20.152862874602633,1.7817200875206662,High
2022-07-13,101.5720443725586,101.5720443725586,0.248168647060931,0.0239,11.157036550938585,5.8832120711505596,17.040248622089145,1.896419237655773,High
2022-07-14,98.02322387695312,98.02322387695312,0.2561749893397838,0.024,11.077422859371332,5.888976081527744,16.966398940899076,1.8810439550125628,High
2022-07-15,102.51595306396484,102.51595306396484,0.2995509395158412,0.023700000000000002,13.30041756651137,7.398055522746155,20.698473089257526,1.7978261349374491,High
2022-07-18,101.46311950683594,101.46311950683594,0.2983463145015795,0.025,13.177219194148194,7.224553083921066,20.40177227806926,1.8239493905132147,High
2022-07-19,103.97723388671876,103.97723388671876,0.3047865707420044,0.0252,13.773258043109749,7.57772525155012,21.35098329465987,1.817597971144738,High
2022-07-20,103.9590835571289,103.9590835571289,0.3043941366878144,0.025099999999999997,13.750233765392082,7.570212253407341,21.320446018799423,1.8163604011503274,High
2022-07-21,104.6670379638672,104.6670379638672,0.2932100124780786,0.0248,13.374854361700763,7.314865921853894,20.689720283554657,1.828448327636744,High
2022-07-22,104.15876770019533,104.15876770019533,0.2930312388058795,0.024900000000000002,13.30750250713806,7.269206980136701,20.576709487274762,1.8306677115538408,High
2022-07-25,104.57626342773438,104.57626342773438,0.2903733184042978,0.0262,13.31611666680908,7.15676545362485,20.47288212043393,1.860633375942838,High
2022-07-26,102.94254302978516,102.94254302978516,0.2764267888720997,0.0255,12.516962102652194,6.684762723168966,19.20172482582116,1.8724616895180428,High
2022-07-27,104.59441375732422,104.59441375732422,0.2813606559475645,0.024399999999999998,12.864495006087274,6.988822782245464,19.85331778833274,1.8407241687067066,High
2022-07-28,104.20413970947266,104.20413970947266,0.2811537034081574,0.0242,12.798378769439672,6.96679514080536,19.765173910245032,1.83705398404469,High
2022-07-29,104.7033233642578,104.7033233642578,0.2811189555840452,0.0241,12.853386478529742,7.004187770152555,19.857574248682297,1.835100214375005,High
2022-08-01,103.6595687866211,103.6595687866211,0.2701996916837081,0.0256,12.358238568375008,6.549029655583809,18.907268223958816,1.8870335329506676,High
2022-08-02,102.04402160644533,102.04402160644533,0.2727258759285451,0.0256,12.265788740480701,6.5177936573764015,18.783582397857103,1.8818927669793757,High
2022-08-03,103.11500549316406,103.11500549316406,0.2748492020934924,0.0252,12.460197371880327,6.665932957875874,19.1261303297562,1.8692353269407644,High
2022-08-04,101.98046112060548,101.98046112060548,0.2767434739752469,0.025,12.38860237893551,6.655405417296052,19.04400779623156,1.8614346688392625,High
2022-08-05,105.06637573242188,105.06637573242188,0.2826392702902488,0.0258,13.043487355740929,6.987076880859824,20.030564236600753,1.866801751025789,High
2022-08-08,103.78663635253906,103.78663635253906,0.2858351028657557,0.0265,13.047332886013983,6.958532044923025,20.00586493093701,1.875012258588846,High
2022-08-09,104.72146606445312,104.72146606445312,0.2832413579308062,0.026699999999999998,13.069262579853373,6.936694786066774,20.005957365920146,1.8840763480187472,High
2022-08-10,107.45342254638672,107.45342254638672,0.2958807823262209,0.0265,13.927049858497973,7.500817795878994,21.427867654376968,1.8567375234937182,Medium
2022-08-11,109.04177856445312,109.04177856445312,0.2956937949808234,0.0262,14.109824064559895,7.621751383174789,21.731575447734684,1.8512574545146792,Medium
2022-08-12,110.84793853759766,110.84793853759766,0.2623922634507999,0.0263,12.915759034426145,6.7290387558932,19.644797790319345,1.919406248494958,Medium
2022-08-15,111.14744567871094,111.14744567871094,0.220877087794587,0.027200000000000002,11.206948706049467,5.437348524418489,16.644297230467956,2.0611054553005728,Medium
2022-08-16,112.20936584472656,112.20936584472656,0.2154609293338385,0.027000000000000003,11.06702373154394,5.333312129141717,16.400335860685658,2.0750751997192673,Medium
2022-08-17,111.26544189453124,111.26544189453124,0.2076076275432821,0.0268,10.623644474736565,5.0597413448744035,15.683385819610969,2.0996418098522924,Medium
2022-08-18,110.40320587158205,110.40320587158205,0.2108237747929791,0.0271,10.695596100300818,5.102732193275621,15.79832829357644,2.0960527997913494,Medium
2022-08-19,107.67124938964844,107.67124938964844,0.2312287080192604,0.0274,11.299647709867834,5.562259081032607,16.86190679090044,2.0314853273195803,Medium
2022-08-22,105.89232635498048,105.89232635498048,0.2387095752770609,0.0282,11.461543850738906,5.648500019284377,17.110043870023283,2.029130532284392,High
2022-08-23,104.84854888916016,104.84854888916016,0.2411979431751348,0.027999999999999997,11.439596977586788,5.673687475357141,17.11328445294393,2.016254336755956,High
2022-08-24,105.1026840209961,105.1026840209961,0.234247202843484,0.0282,11.19417087200874,5.478217729447437,16.672388601456177,2.0433964885761937,High
2022-08-25,107.59864807128906,107.59864807128906,0.2416547881138727,0.0288,11.800441775655138,5.796804726493946,17.597246502149083,2.0356804019500485,High
2022-08-26,104.07705688476562,104.07705688476562,0.2695431827863724,0.028900000000000002,12.544084094312375,6.395875018660931,18.939959112973305,1.9612772384877935,High
2022-08-29,103.82294464111328,103.82294464111328,0.2690709350840031,0.0297,12.533965815173538,6.328406451922426,18.862372267095964,1.9805879901038916,High
2022-08-30,103.8411102294922,103.8411102294922,0.2667878888561382,0.0297,12.444372208613196,6.264718236668841,18.709090445282037,1.986421693440802,High
2022-08-31,103.22390747070312,103.22390747070312,0.2616051002565907,0.0296,12.158322451674394,6.086036004985772,18.244358456660166,1.9977408023406555,High
2022-09-01,103.93185424804688,103.93185424804688,0.2601813132022518,0.0297,12.189384323358503,6.082577856444779,18.271962179803282,2.003983279958065,High
2022-09-02,103.20574951171876,103.20574951171876,0.2583081504270713,0.0294,12.014513233496558,6.001460522131765,18.015973755628323,2.001931561357486,High
2022-09-06,103.23297882080078,103.23297882080078,0.2354272939074734,0.0304,11.153153829158235,5.311922069234811,16.465075898393046,2.0996456054493398,High
2022-09-07,105.19344329833984,105.19344329833984,0.2409774861178968,0.030699999999999998,11.606278067930702,5.55767084593306,17.163948913863763,2.0883349139727905,High
2022-09-08,107.64404296875,107.64404296875,0.2517804060382496,0.030600000000000002,12.321346392598876,6.008875627869237,18.330222020468113,2.050524450107159,High
2022-09-09,108.16136169433594,108.16136169433594,0.2361248682952134,0.0308,11.735980486847204,5.566748658644109,17.302729145491313,2.108228915387341,High
2022-09-12,109.44113159179688,109.44113159179688,0.2341007352435039,0.0317,11.837513632465097,5.528631519639944,17.36614515210504,2.1411290642925724,High
2022-09-13,105.63819885253906,105.63819885253906,0.2564767704387443,0.032799999999999996,12.395861460812554,5.927171433568461,18.323032894381015,2.0913620602584144,High
2022-09-14,105.39312744140624,105.39312744140624,0.2558347009667101,0.032400000000000005,12.320584406217172,5.913966513066271,18.234550919283443,2.0833030384930606,High
2022-09-15,106.9814682006836,106.9814682006836,0.2597328759557588,0.0322,12.657017674771772,6.126223788203092,18.783241462974864,2.066039066209864,High
2022-09-16,106.26443481445312,106.26443481445312,0.2592849124181845,0.032,12.543553758058948,6.081812569042832,18.62536632710178,2.0624696364217416,High
2022-09-19,107.24468994140624,107.24468994140624,0.2613272165656937,0.0337,12.831751764388123,6.115345441584168,18.94709720597229,2.0982873145861216,High
2022-09-20,105.12991333007812,105.12991333007812,0.2560122511072619,0.0335,12.35300199175952,5.852405984256983,18.205407976016502,2.1107561616520094,High
2022-09-21,102.09844970703124,102.09844970703124,0.2690273586537969,0.0331,12.48986797733857,6.0632525256393635,18.553120502977933,2.059928713924302,High
2022-09-22,100.93668365478516,100.93668365478516,0.2696678602673606,0.0329,12.363028545630094,6.021009836521593,18.384038382151687,2.0533147895955537,High
2022-09-23,99.0579071044922,99.0579071044922,0.2754220191449,0.032400000000000005,12.329316507735193,6.0867232418658475,18.41603974960104,2.0256081996518898,High
2022-09-26,96.9250030517578,96.9250030517578,0.2654113307418944,0.0339,11.759026744859732,5.625717919340758,17.38474466420049,2.0902268676559768,High
2022-09-27,96.07184600830078,96.07184600830078,0.2453178141982763,0.0335,10.892291204461394,5.069284222490438,15.961575426951832,2.1486842572638842,High
2022-09-28,98.01416015625,98.01416015625,0.258858802195388,0.034,11.648231947409649,5.510129989297496,17.158361936707145,2.1139668156712066,High
2022-09-29,96.35320281982422,96.35320281982422,0.2632799266705405,0.0336,11.596522238591376,5.549734536350066,17.146256774941442,2.089563412922836,High
2022-09-30,94.8465576171875,94.8465576171875,0.2665718394852726,0.0333,11.521960447874676,5.560656621555339,17.082617069430015,2.0720503408196307,High
2022-10-03,97.77818298339844,97.77818298339844,0.2901914855423005,0.0346,12.829139736057158,6.302739785437531,19.13187952149469,2.035486181057143,High
2022-10-04,102.35260009765624,102.35260009765624,0.3348523816974537,0.0345,15.184334679341767,7.84667378526585,23.031008464607616,1.9351301067025706,High
2022-10-05,101.08887481689452,101.08887481689452,0.3374122810993785,0.0346,15.101004670807967,7.815509000708126,22.916513671516093,1.9321844129972516,High
2022-10-06,99.0284423828125,99.0284423828125,0.3358673404180463,0.0346,14.734376969163343,7.614533936822447,22.34891090598579,1.9350333311813979,High
2022-10-07,97.0504379272461,97.0504379272461,0.3271127211554338,0.0345,14.108786538690701,7.235581802534796,21.344368341225497,1.9499173561617476,High
2022-10-10,96.1438446044922,96.1438446044922,0.3254835599553141,0.0345,13.916720441201932,7.125328592564927,21.042049033766858,1.9531338464479555,High
2022-10-11,93.36915588378906,93.36915588378906,0.3289215980834442,0.036699999999999997,13.733268065778297,6.910921011191512,20.64418907696981,1.987183480109049,High
2022-10-12,94.880126953125,94.880126953125,0.3223198846841809,0.037000000000000005,13.72813599512859,6.839402011885497,20.567538007014086,2.007212907103847,High
2022-10-13,100.1548080444336,100.1548080444336,0.382185761092581,0.0379,16.830637813807186,8.805662964082877,25.636300777890064,1.9113424943081638,High
2022-10-14,101.82147979736328,101.82147979736328,0.3831081941375001,0.0381,17.15572005974944,8.967942518608908,26.12366257835835,1.9130051317958947,High
2022-10-17,106.09797668457033,106.09797668457033,0.4110891616920683,0.0397,19.084762887578762,10.06833826226513,29.15310114984389,1.8955226165876908,High
2022-10-18,108.82688903808594,108.82688903808594,0.4194410714872651,0.0404,19.955211583813174,10.536724415186328,30.4919359989995,1.8938724026085572,High
2022-10-19,106.69322204589844,106.69322204589844,0.4193698105019682,0.0407,19.57505944548528,10.312571680263027,29.887631125748307,1.898174388736565,High
2022-10-20,106.34524536132812,106.34524536132812,0.4054044655205744,0.0409,18.955016564630427,9.866485821508135,28.82150238613856,1.9211517563132796,High
2022-10-21,111.93128967285156,111.93128967285156,0.4362431016060932,0.0409,21.264094863269108,11.319385334104325,32.58348019737343,1.8785556137224375,High
2022-10-24,112.06861114501952,112.06861114501952,0.4279664969379352,0.0416,20.971697430612863,11.044057734894352,32.015755165507215,1.8989123322265464,High
2022-10-25,112.36165618896484,112.36165618896484,0.4162986159008643,0.0414,20.518143519818857,10.72902433264052,31.247167852459377,1.9123960281642065,High
2022-10-26,113.6528549194336,113.6528549194336,0.4124608019471971,0.041100000000000005,20.572956578270542,10.750680706859399,31.32363728512994,1.9136422278027574,High
2022-10-27,114.10157775878906,114.10157775878906,0.4103149886927665,0.041299999999999996,20.57099759136012,10.715863477876368,31.286861069236487,1.9196770875095923,High
2022-10-28,115.4568862915039,115.4568862915039,0.4008279272933782,0.0418,20.42372850365883,10.519076328394931,30.94280483205376,1.9415895337243183,High
2022-10-31,115.27371215820312,115.27371215820312,0.3928975294027355,0.042199999999999994,20.063598752638015,10.23318278464879,30.296781537286805,1.960641100121482,High
2022-11-01,117.35243225097656,117.35243225097656,0.3867354159678751,0.042300000000000004,20.15511842068276,10.216630353469064,30.371748774151826,1.9727755359025079,High
2022-11-02,116.27188110351562,116.27188110351562,0.3667783705057091,0.042199999999999994,19.079457333474046,9.500722165958848,28.580179499432894,2.0082112707006496,High
2022-11-03,116.48251342773438,116.48251342773438,0.3610034082383156,0.0425,18.873212171234627,9.319891554812912,28.19310372604754,2.025046328086109,High
2022-11-04,119.6692886352539,119.6692886352539,0.3531392291089297,0.0421,19.008463822796344,9.342788869019039,28.351252691815382,2.0345599252305666,High
2022-11-07,120.30115509033205,120.30115509033205,0.3372815469656568,0.0429,18.424634956422494,8.832864153728742,27.257499110151237,2.0859185237944184,High
2022-11-08,120.37442016601562,120.37442016601562,0.3316896061555757,0.042800000000000005,18.173191852987053,8.66215955964504,26.835351412632093,2.0979978177326206,High
2022-11-09,118.80850219726562,118.80850219726562,0.3112054648179454,0.0429,17.012533720103512,7.888244478992675,24.900778199096187,2.156694530121359,High
2022-11-10,123.69854736328124,123.69854736328124,0.3266892784792236,0.042800000000000005,18.438763539661934,8.73457001237903,27.173333552040965,2.1110098738151595,High
2022-11-11,123.9000244140625,123.9000244140625,0.2914228723145088,0.042800000000000005,16.79893730451343,7.572322993238011,24.37126029775144,2.2184654985682295,High
2022-11-14,122.6271514892578,122.6271514892578,0.2987592056250316,0.0434,17.005310889270376,7.703971686230169,24.709282575500545,2.20734337843753,High
2022-11-15,121.7388687133789,121.7388687133789,0.2792681264767945,0.0431,15.958043146801792,7.026944033853795,22.984987180655587,2.270979115518856,High
2022-11-16,121.90369415283205,121.90369415283205,0.2711240686358925,0.0432,15.6063082879473,6.765035753164803,22.371344041112103,2.3069069931591115,High
2022-11-17,121.37257385253906,121.37257385253906,0.2579995712808267,0.0432,14.929984211545637,6.309246319875967,21.239230531421605,2.3663657201830635,High
2022-11-18,122.5630340576172,122.5630340576172,0.2559544474185543,0.0434,14.992850323262736,6.293787646059947,21.286637969322683,2.3821665372915146,High
2022-11-21,121.839599609375,121.839599609375,0.2017473095569911,0.0441,12.433847382438643,4.471347464607462,16.905194847046104,2.780783081801988,High
2022-11-22,123.66193389892578,123.66193389892578,0.2048476229462985,0.044000000000000004,12.758754031106577,4.643727576940655,17.402481608047232,2.7475242291263346,High
2022-11-23,124.98060607910156,124.98060607910156,0.2056973017986602,0.044000000000000004,12.935096520284105,4.721161254493296,17.6562577747774,2.7398124789686684,Medium
2022-11-25,125.21867370605467,125.21867370605467,0.2046312297059594,0.0441,12.915620428896531,4.690173082617477,17.60579351151401,2.753762004383988,Medium
2022-11-28,123.03006744384766,123.03006744384766,0.2186903667360618,0.0441,13.346678988438526,5.063917935461269,18.410596923899796,2.635642828051238,High
2022-11-29,125.05386352539062,125.05386352539062,0.2213664413162676,0.0438,13.674244790628194,5.250728874502599,18.924973665130793,2.604256497994015,High
2022-11-30,126.53736877441406,126.53736877441406,0.2221129676614071,0.0437,13.865926021215046,5.3431096557366615,19.209035676951707,2.5951041462021673,Medium
2022-12-01,124.76080322265624,124.76080322265624,0.2253773183568529,0.0433,13.80081769057012,5.396180374697202,19.196998065267323,2.5575160080419903,Medium
2022-12-02,123.77183532714844,123.77183532714844,0.2245415457744157,0.0434,13.658333886127757,5.320958348216315,18.979292234344072,2.566893591773047,Medium
2022-12-05,120.30115509033205,120.30115509033205,0.2495799868514654,0.0436,14.435496677530907,5.9628545914517375,20.398351268982644,2.4209036890192537,Medium
2022-12-06,120.50263214111328,120.50263214111328,0.2318225490608212,0.0437,13.650058916974238,5.398457840340498,19.048516757314736,2.5285107933923006,High
2022-12-07,120.42019653320312,120.42019653320312,0.2311416595205098,0.0429,13.560726907199346,5.412422021614276,18.97314892881362,2.505482176564422,High
2022-12-08,121.68392181396484,121.68392181396484,0.2339345203924621,0.042800000000000005,13.826484270849022,5.56462304520916,19.391107316058182,2.484711751095679,High
2022-12-09,121.02457427978516,121.02457427978516,0.2297875186230993,0.0431,13.578570027513535,5.386116458347857,18.964686485861392,2.5210316435821443,High
2022-12-12,122.90186309814452,122.90186309814452,0.188331760436968,0.0438,11.898461649743794,4.0930626651270785,15.991524314870873,2.906982527074107,High
2022-12-13,122.78282165527344,122.78282165527344,0.188210346656373,0.0435,11.86173550886079,4.099203757866356,15.960939266727145,2.8936681876567287,High
2022-12-14,122.16927337646484,122.16927337646484,0.1855708544920653,0.0433,11.66747242893807,4.003841356018718,15.671313784956787,2.9140696125232597,High
2022-12-15,119.1381607055664,119.1381607055664,0.2035984303712138,0.0434,12.198275565137209,4.462695093785541,16.66097065892275,2.733387629848101,High
2022-12-16,118.39639282226562,118.39639282226562,0.2041793274291199,0.0431,12.129945096786308,4.466955248263034,16.59690034504934,2.715483908530987,High
2022-12-19,119.1015396118164,119.1015396118164,0.205403370245468,0.0437,12.294742365508391,4.5038728557537695,16.79861522126216,2.7298155963265396,High
2022-12-20,119.67845916748048,119.67845916748048,0.2028746108531213,0.0435,12.226954986551839,4.455464346115228,16.682419332667067,2.744260538682722,High
2022-12-21,121.02457427978516,121.02457427978516,0.2064125483169848,0.0433,12.514460164240035,4.627780343965938,17.142240508205973,2.704203577976074,Medium
2022-12-22,119.6509780883789,119.6509780883789,0.2021025520911473,0.0435,12.18908968203948,4.4301550491421295,16.61924473118161,2.7513912147160218,High
2022-12-23,120.21875,120.21875,0.1986381579494911,0.0434,12.082630318877783,4.34645213799584,16.429082456873623,2.7798834394732608,Medium
2022-12-27,120.63998413085938,120.63998413085938,0.1990940813593268,0.0446,12.221793923553918,4.320108005831557,16.541901929385475,2.8290482337608602,High
2022-12-28,121.29933166503906,121.29933166503906,0.1918524828451643,0.0446,11.956287266303733,4.11423673307209,16.070523999375823,2.906076641189289,High
2022-12-29,121.99529266357422,121.99529266357422,0.1833525275079389,0.044500000000000005,11.626794501979916,3.872648243629648,15.499442745609564,3.00228519879272,High
2022-12-30,122.80113220214844,122.80113220214844,0.1795573920724335,0.044199999999999996,11.508050099152797,3.79106373357299,15.299113832725787,3.0355728386308938,High
2023-01-03,123.73519134521484,123.73519134521484,0.1759074021236054,0.0453,11.499065270075349,3.653136610187609,15.152201880262957,3.1477238595478663,High
2023-01-04,124.8890609741211,124.8890609741211,0.1767013786728238,0.0455,11.657101922055048,3.703640192848816,15.360742114903864,3.1474714915782576,High
2023-01-05,124.8613510131836,124.8613510131836,0.142300498303667,0.0466,10.13078299099432,2.568833659700111,12.69961665069443,3.943728685093997,High
2023-01-06,127.25066375732422,127.25066375732422,0.1542415059040603,0.0467,10.893899576458324,2.9924900770335725,13.886389653491896,3.640412932382167,High
2023-01-09,126.7248306274414,126.7248306274414,0.1556258966829616,0.047,10.93536738151812,3.011312838659329,13.946680220177448,3.6314285387853196,High
2023-01-10,127.85951232910156,127.85951232910156,0.154723710466539,0.0473,11.012061955413998,2.996390932055455,14.008452887469453,3.675108557300291,Medium
2023-01-11,128.8096923828125,128.8096923828125,0.1529597907241565,0.0472,11.002436394589779,2.966104179623258,13.968540574213037,3.7093897342430036,High
2023-01-12,128.68052673339844,128.68052673339844,0.1465924438929444,0.0466,10.644464162002578,2.7843905202183805,13.428854682220958,3.822906336129793,Medium
2023-01-13,131.92774963378906,131.92774963378906,0.165751350004616,0.0467,11.859580920588527,3.4861151589886035,15.34569607957713,3.4019475489814988,Medium
2023-01-17,129.88902282714844,129.88902282714844,0.1762304563469932,0.0471,12.213774136461865,3.7610490658631974,15.974823202325062,3.2474381276540685,Medium
2023-01-18,125.98680877685548,125.98680877685548,0.1876321319780732,0.046900000000000004,12.372350185422945,4.026694415582504,16.39904460100545,3.072582348822999,Medium
2023-01-19,124.30786895751952,124.30786895751952,0.1934741239523279,0.0471,12.494021661784203,4.151663372752573,16.645685034536776,3.009401423001356,Medium
2023-01-20,124.6122589111328,124.6122589111328,0.1930289708593598,0.0472,12.510372686086313,4.142814728381566,16.65318741446788,3.0197760475215896,Medium
2023-01-23,126.6325912475586,126.6325912475586,0.1988428819891085,0.0473,12.997229358686383,4.39615390226934,17.393383260955723,2.9565000788478035,Medium
2023-01-24,127.72109985351562,127.72109985351562,0.19763367954053,0.0472,13.04398259753539,4.398650147567729,17.44263274510312,2.96545125434633,Medium
2023-01-25,128.33917236328125,128.33917236328125,0.1910577328585274,0.0472,12.789333388092942,4.2012535471450505,16.990586935237992,3.0441708039220567,Medium
2023-01-26,129.13253784179688,129.13253784179688,0.191253278330797,0.0471,12.870996213436314,4.2385516273901445,17.10954784082646,3.0366496258443667,Medium
2023-01-27,129.4462127685547,129.4462127685547,0.1912828249275491,0.0473,12.917531249176236,4.240224802587591,17.157756051763826,3.046426038849009,Medium
2023-01-30,128.34844970703125,128.34844970703125,0.1954290684037353,0.0472,13.001452001948905,4.3468433712113494,17.348295373160255,2.991010002351602,Medium
2023-01-31,129.11410522460938,129.11410522460938,0.1954749188068535,0.047,13.067521033399558,4.38398934537949,17.451510378779048,2.9807374069401162,Medium
2023-02-01,128.77279663085938,128.77279663085938,0.1957796097450293,0.0466,13.020425129561971,4.401948817341989,17.42237394690396,2.9578774469767786,Medium
2023-02-02,128.17315673828125,128.17315673828125,0.1961846822480634,0.0466,12.979372139533382,4.3949407378891365,17.37431287742252,2.9532530501804435,Medium
2023-02-03,130.15652465820312,130.15652465820312,0.2002371286127771,0.047,13.406690869318695,4.580408211299215,17.98709908061791,2.9269642029385716,Medium
2023-02-06,130.92222595214844,130.92222595214844,0.2005088113254131,0.0471,13.505891307704658,4.61164785884413,18.117539166548788,2.92864757264658,Medium
2023-02-07,132.51817321777344,132.51817321777344,0.1946468583402133,0.0471,13.377750940229006,4.466148182274289,17.843899122503295,2.995366565158767,Medium
2023-02-08,131.58641052246094,131.58641052246094,0.1960496713375995,0.0472,13.360210718225986,4.477682708353221,17.837893426579207,2.983733236234493,Medium
2023-02-09,129.53843688964844,129.53843688964844,0.2031815913027528,0.04769999999999999,13.534705406686271,4.623500773006327,18.1582061796926,2.9273717192190785,Medium
2023-02-10,130.11044311523438,130.11044311523438,0.2021835448810355,0.0479,13.55925934636916,4.600330557609887,18.159589903979047,2.9474532702741056,Medium
2023-02-13,131.52186584472656,131.52186584472656,0.2051991091738273,0.0481,13.869684712577097,4.743343283963853,18.61302799654095,2.924031401958044,Medium
2023-02-14,132.10301208496094,132.10301208496094,0.1865771645930099,0.048,12.998736529477426,4.132907421022701,17.131643950500127,3.145179701668916,Medium
2023-02-15,132.656494140625,132.656494140625,0.1780717382156706,0.0479,12.623256159619459,3.865649344663467,16.488905504282926,3.265494366954384,Medium
2023-02-16,130.8300018310547,130.8300018310547,0.1477186706366801,0.0484,11.010991804620446,2.7904104869644115,13.801402291584857,3.9460114761104244,Medium
2023-02-17,131.21742248535156,131.21742248535156,0.1369714168217351,0.0484,10.526647474291252,2.4532534587544745,12.979900933045727,4.290892747639565,Medium
2023-02-21,128.8096923828125,128.8096923828125,0.1552562201650134,0.048600000000000004,11.213728889896814,2.9797811980993885,14.193510087996202,3.7632725842586474,High
2023-02-22,127.82258605957033,127.82258605957033,0.1489867829163798,0.0484,10.81756383004759,2.7663374179971996,13.58390124804479,3.9104281927688334,High
2023-02-23,128.84657287597656,128.84657287597656,0.1486018564584016,0.0484,10.885956099955365,2.7762302886085877,13.662186388563953,3.92112864146125,High
2023-02-24,130.0089569091797,130.0089569091797,0.1508346213554169,0.048600000000000004,11.105937238932086,2.8646491781770465,13.970586417109132,3.8768926134262207,High
2023-02-27,131.1436309814453,131.1436309814453,0.1522529695082924,0.0489,11.293811416223093,2.9228655468143288,14.216676963037422,3.8639517402818524,Medium
2023-02-28,132.24143981933594,132.24143981933594,0.1544404280287653,0.048799999999999996,11.48758429403054,3.023532213958319,14.51111650798886,3.7993920623691104,Medium
2023-03-01,131.50338745117188,131.50338745117188,0.1524881473543596,0.049,11.343667077182843,2.9342382478304003,14.277905325013243,3.8659666049852777,Medium
2023-03-02,130.13809204101562,130.13809204101562,0.1565109496695961,0.049100000000000005,11.426466146204874,3.0295708099062324,14.456036956111106,3.771645181172884,Medium
2023-03-03,132.5274200439453,132.5274200439453,0.1676897728188382,0.049100000000000005,12.185261417282362,3.456584511298594,15.641845928580956,3.5252317359671665,Medium
2023-03-06,131.7524871826172,131.7524871826172,0.1682829055263773,0.0493,12.157666922314291,3.447013802161962,15.604680724476253,3.5270142854342565,Medium
2023-03-07,127.87794494628906,127.87794494628906,0.1919430026882334,0.0504,13.005328686424804,4.065293598856719,17.070622285281523,3.1991117911095737,Medium
2023-03-08,127.12149047851562,127.12149047851562,0.1910982443042173,0.0506,12.90193308320599,4.004566492202372,16.90649957540836,3.221805183739221,Medium
2023-03-09,120.23960876464844,120.23960876464844,0.2618160388980981,0.050499999999999996,15.400660454518722,6.00766519488927,21.408325649407992,2.563501785622156,High
2023-03-10,123.2930908203125,123.2930908203125,0.2810236396493706,0.0501,16.664665712508167,6.8071206082573,23.471786320765467,2.448122586853138,High
2023-03-13,121.07908630371094,121.07908630371094,0.2825199040416831,0.0487,16.351278396170805,6.804152390497741,23.155430786668546,2.4031323018288053,High
2023-03-14,124.18791961669922,124.18791961669922,0.2985053102113049,0.048799999999999996,17.531228861150367,7.5021216048882735,25.03335046603864,2.3368361357575536,High
2023-03-15,118.32077026367188,118.32077026367188,0.3342754701764337,0.0475,18.238989002627086,8.346553136851028,26.585542139478115,2.185212111344475,High
2023-03-16,120.61780548095705,120.61780548095705,0.3433694019189523,0.047400000000000005,19.00459296016429,8.808166609195268,27.812759569359557,2.1576105225262747,High
2023-03-17,116.06063079833984,116.06063079833984,0.3614120257791817,0.0452,18.96581206479246,9.154227965075712,28.12004002986817,2.071809019520697,High
2023-03-20,117.28756713867188,117.28756713867188,0.3648884544415767,0.0481,19.47678076757561,9.205204968509456,28.681985736085068,2.115844333092495,High
2023-03-21,120.43333435058594,120.43333435058594,0.3802779453143322,0.0478,20.68635060927391,9.966349860660245,30.652700469934153,2.0756195496335397,High
2023-03-22,117.32447052001952,117.32447052001952,0.3848213169739776,0.0479,20.359926538844363,9.846892479454027,30.20681901829839,2.0676499292874624,High
2023-03-23,117.01080322265624,117.01080322265624,0.3846805330257631,0.0473,20.267603317872243,9.848571164276741,30.116174482148985,2.0579232235624154,High
2023-03-24,115.23038482666016,115.23038482666016,0.3838499307839761,0.047400000000000005,19.92807693972962,9.667658237578003,29.595735177307624,2.061313758720759,High
2023-03-27,118.53295135498048,118.53295135498048,0.3984294555379731,0.049100000000000005,21.244953332023698,10.315736873525736,31.560690205549434,2.0594702630062867,Medium
2023-03-28,118.89273071289062,118.89273071289062,0.39656464897794,0.048,21.166937637335486,10.348191290658924,31.51512892799441,2.045472203093346,Medium
2023-03-29,119.13257598876952,119.13257598876952,0.3945519478652782,0.048,21.118729585351936,10.304629310149991,31.423358895501927,2.0494409793615893,Medium
2023-03-30,118.77279663085938,118.77279663085938,0.3946011625775509,0.049699999999999994,21.1476775659729,10.181663901726381,31.32934146769928,2.0770355189574805,Medium
2023-03-31,120.21192169189452,120.21192169189452,0.3982572955620505,0.048499999999999995,21.505792194528333,10.489755625311027,31.99554781983936,2.05017094417685,Medium
2023-04-03,120.07352447509766,120.07352447509766,0.390369825715648,0.049,21.14906826180176,10.19560429204514,31.344672553846898,2.0743320019101548,Medium
2023-04-04,118.46836853027344,118.46836853027344,0.3915399854758941,0.048799999999999996,20.90823138831825,10.10745368821754,31.01568507653579,2.0685953191842366,Medium
2023-04-05,118.64502716064452,118.64502716064452,0.3814617582998584,0.048600000000000004,20.47538872461707,9.812453549554121,30.28784227417119,2.0866736969723005,Medium
2023-04-06,118.51486206054688,118.51486206054688,0.3814518719907312,0.049100000000000005,20.47928719377446,9.774198437266591,30.253485631041052,2.0952395559815957,Medium
2023-04-10,118.90534973144533,118.90534973144533,0.3308855922284555,0.0508,18.36006441738124,8.106812898850364,26.466877316231603,2.264769724731762,Medium
2023-04-11,119.49109649658205,119.49109649658205,0.3183574231457561,0.0504,17.860169948149853,7.768332569129001,25.628502517278854,2.2990995544044233,Medium
2023-04-12,119.47249603271484,119.47249603271484,0.3125638241551832,0.050199999999999995,17.583421705676272,7.592975240389386,25.17639694606566,2.31574858984718,Medium
2023-04-13,119.9280776977539,119.9280776977539,0.2985908007510905,0.051,17.061059096807824,7.135077610560856,24.19613670736868,2.391152560352701,Medium
2023-04-14,128.98379516601562,128.98379516601562,0.3502514183445754,0.051399999999999994,20.89910512650333,9.426582205308357,30.325687331811686,2.2170395029000534,Medium
2023-04-17,130.0065460205078,130.0065460205078,0.3462656662006766,0.0521,20.910916258065583,9.322840061179242,30.233756319244826,2.2429770457116014,Medium
2023-04-18,131.46621704101562,131.46621704101562,0.3111769087863436,0.052000000000000005,19.39262459204477,8.205155780091232,27.597780372136,2.3634681792512104,Medium
2023-04-19,131.2989044189453,131.2989044189453,0.3116697067115336,0.0516,19.367307419996855,8.23436071365932,27.601668133656176,2.352011053859953,Medium
2023-04-20,130.9176788330078,130.9176788330078,0.3031138209898171,0.0512,18.861500785245383,7.9350886531269325,26.796589438372315,2.3769741725333775,Medium
2023-04-21,130.6666717529297,130.6666717529297,0.2837718253704058,0.051399999999999994,17.88058037520271,7.238538982829617,25.11911935803233,2.4701919016554106,Medium
2023-04-24,130.8433074951172,130.8433074951172,0.2827168213296534,0.052000000000000005,17.890991325085807,7.1792086270938,25.070199952179607,2.4920561937100607,Medium
2023-04-25,127.998291015625,127.998291015625,0.2896913981049272,0.0512,17.78991019295198,7.3021438784932045,25.092054071445183,2.43625851379731,Medium
2023-04-26,125.72969818115234,125.72969818115234,0.287106937235746,0.0516,17.376075590350595,7.065590038105718,24.441665628456313,2.4592532961350693,Medium
2023-04-27,127.42183685302734,127.42183685302734,0.2894325966240724,0.0518,17.73456838883007,7.228517018655218,24.963085407485288,2.453417255996083,Medium
2023-04-28,128.52822875976562,128.52822875976562,0.2899728116525274,0.051,17.864749472226706,7.352753697937814,25.21750317016452,2.429667877660193,Medium
2023-05-01,131.2802734375,131.2802734375,0.2950716798310861,0.0527,18.60926734875573,7.593997931113648,26.203265279869377,2.4505230996325422,Medium
2023-05-02,129.16046142578125,129.16046142578125,0.3024901383914797,0.0524,18.6525661483943,7.741510218664665,26.394076367058965,2.4094221439407577,Medium
2023-05-03,126.42700958251952,126.42700958251952,0.3142397838767409,0.0526,18.83219974966144,7.961108413405583,26.793308163067024,2.3655248455039506,Medium
2023-05-04,124.69767761230467,124.69767761230467,0.3144423795321304,0.0526,18.584165124236357,7.85892078533179,26.443085909568147,2.3647222859050316,Medium
2023-05-05,127.13360595703124,127.13360595703124,0.3198008406412091,0.0526,19.205043195414,8.193407283869426,27.398450479283426,2.3439629607115307,Medium
2023-05-08,127.44043731689452,127.44043731689452,0.3194249704541015,0.053099999999999994,19.263621814816247,8.173144747340046,27.436766562156294,2.356941227681744,Medium
2023-05-09,126.8268051147461,126.8268051147461,0.3207135371491636,0.0529,19.220615809078666,8.188062609933027,27.408678419011693,2.3473948264345132,Medium
2023-05-10,126.8918685913086,126.8918685913086,0.320757265090226,0.0524,19.20238937809897,8.220988776254146,27.423378154353117,2.335776133591615,Medium
2023-05-11,126.49210357666016,126.49210357666016,0.3212807018865698,0.052000000000000005,19.14291222805368,8.234482403500657,27.37739463155434,2.3247256220883554,Medium
2023-05-12,124.6790771484375,124.6790771484375,0.3266727226317719,0.0525,19.152644842221818,8.268381303518701,27.42102614574052,2.3163717466768494,Medium
2023-05-15,125.72969818115234,125.72969818115234,0.203342425490277,0.0521,13.437588969225189,4.286720322402317,17.724309291627506,3.1347015803668388,Medium
2023-05-16,124.88362884521484,124.88362884521484,0.2013916886714136,0.052300000000000006,13.269374900266897,4.1862727523778815,17.455647652644778,3.1697349134094623,Medium
2023-05-17,128.7234649658203,128.7234649658203,0.2263773867515575,0.0526,14.903537533301687,5.1302760054373095,20.033813538738997,2.9050167120650454,Medium
2023-05-18,129.69972229003906,129.69972229003906,0.2283028161773464,0.053099999999999994,15.144066202624856,5.20925281009044,20.353319012715296,2.9071474844320204,Medium
2023-05-19,129.40219116210938,129.40219116210938,0.2282342358066545,0.0529,15.092565917855353,5.204872129113134,20.297438046968487,2.899699655143497,Medium
2023-05-22,128.3330078125,128.3330078125,0.2297787885028627,0.054000000000000006,15.11553927430549,5.159506393791872,20.275045668097363,2.929648326920017,Medium
2023-05-23,126.99413299560548,126.99413299560548,0.2319936908636791,0.053399999999999996,15.023988307840256,5.207666433347654,20.23165474118791,2.884975161164913,Medium
2023-05-24,125.83196258544922,125.83196258544922,0.2217134920611711,0.0537,14.420653690728884,4.810775684462023,19.231429375190906,2.9975734967866225,Medium
2023-05-25,126.13877868652344,126.13877868652344,0.2130041953520812,0.0538,14.051092819990771,4.534868004705203,18.585960824695974,3.0984568471258487,Medium
2023-05-26,127.319580078125,127.319580078125,0.2102824390385013,0.053399999999999996,14.026047805396459,4.507062466819306,18.533110272215765,3.1120153999762126,Medium
2023-05-30,127.80303192138672,127.80303192138672,0.20842048401026,0.0555,14.133261466196927,4.365578377461965,18.498839843658892,3.2374316171168234,Medium
2023-05-31,126.1759796142578,126.1759796142578,0.1973011046790941,0.0552,13.411146254913845,3.9670691427119777,17.378215397625823,3.38061822782995,Medium
2023-06-01,127.91461944580078,127.91461944580078,0.1970678658534672,0.055,13.57102040267911,4.023195875159182,17.594216277838292,3.3731940536308485,Low
2023-06-02,130.60159301757812,130.60159301757812,0.1947793076761235,0.055,13.745103956596878,4.032076955969629,17.777180912566507,3.408938893452115,Low
2023-06-05,129.3185272216797,129.3185272216797,0.1913526652310148,0.0546,13.417500620299109,3.898609528437099,17.316110148736207,3.441611816323141,Low
2023-06-06,129.55093383789062,129.55093383789062,0.1803387028160863,0.054400000000000004,12.899079811647525,3.5559185709640744,16.4549983826116,3.6274958366525105,Low
2023-06-07,130.80612182617188,130.80612182617188,0.1828262325266111,0.0542,13.12993399911376,3.6808094531185347,16.810743452232295,3.5671322208731926,Low
2023-06-08,130.8433074951172,130.8433074951172,0.1815416304217449,0.0538,13.042635493555068,3.6575927624972735,16.70022825605234,3.56590696134526,Low
2023-06-09,131.10362243652344,131.10362243652344,0.1815140377939042,0.0537,13.060022127937202,3.668452298407807,16.72847442634501,3.5600904865535674,Low
2023-06-12,131.09434509277344,131.09434509277344,0.1808186385794657,0.054000000000000006,13.047047924556367,3.6318772549089786,16.678925179465345,3.5923702836932327,Low
2023-06-13,132.04269409179688,132.04269409179688,0.1717980496587859,0.0536,12.672302540793055,3.3785547478963878,16.050857288689443,3.7508057398458012,Low
2023-06-14,131.54989624023438,131.54989624023438,0.171902613214815,0.0536,12.63007818801897,3.369366794921909,15.99944498294088,3.748502005496761,Low
2023-06-15,133.03750610351562,133.03750610351562,0.1714575971523565,0.0533,12.728783835594228,3.4060595829265097,16.134843418520738,3.7370995796431634,Low
2023-06-16,133.19557189941406,133.19557189941406,0.139857465920807,0.053399999999999996,11.215455564953814,2.380679771886122,13.596135336839936,4.711030730549802,Low
2023-06-20,132.51686096191406,132.51686096191406,0.1399730062597118,0.053899999999999997,11.202943264883132,2.352639594703554,13.555582859586686,4.761861226047573,Low
2023-06-21,132.32162475585938,132.32162475585938,0.1397560919929482,0.054000000000000006,11.183938777054976,2.338504400378987,13.522443177433964,4.782517738791709,Low
2023-06-22,129.7740936279297,129.7740936279297,0.1537859344152197,0.054000000000000006,11.627483460109147,2.729409180258834,14.356892640367981,4.260073404972755,Low
2023-06-23,129.0953826904297,129.0953826904297,0.1500797077861888,0.0541,11.400244267294141,2.5955551477947836,13.995799415088925,4.392218087517783,Low
2023-06-26,129.4114990234375,129.4114990234375,0.1456840295178797,0.055,11.29035644203293,2.430593032881262,13.720949474914192,4.645103597885808,Low
2023-06-27,129.42079162597656,129.42079162597656,0.1456893166390144,0.054400000000000004,11.245912415894367,2.4541477556331657,13.700060171527532,4.582410488562023,Low
2023-06-28,128.85365295410156,128.85365295410156,0.1438203897053873,0.054400000000000004,11.1097394250326,2.386065708185207,13.495805133217807,4.6560911490918,Low
2023-06-29,133.35360717773438,133.35360717773438,0.1853430768570531,0.0546,13.53918384400616,3.8184568585864227,17.357640702592583,3.545721307171796,Low
2023-06-30,135.22244262695312,135.22244262695312,0.1814706529145034,0.054299999999999994,13.512882796979184,3.7545050809788663,17.26738787795805,3.5991116020693026,Low
2023-07-03,136.31021118164062,136.31021118164062,0.1784171424767227,0.054400000000000004,13.475355168755229,3.675991839589905,17.151347008345134,3.6657739616360367,Low
2023-07-05,135.4021759033203,135.4021759033203,0.1690953527770322,0.054400000000000004,12.920770505738304,3.33796692707417,16.258737432812474,3.8708503673113843,Low
2023-07-06,134.06350708007812,134.06350708007812,0.1691498658135262,0.0546,12.810792288940647,3.297983788289706,16.108776077230353,3.884431553129061,Low
2023-07-07,135.12130737304688,135.12130737304688,0.170484815979926,0.0546,12.978129760459012,3.3685764502931193,16.34670621075213,3.8527045331952348,Low
2023-07-10,135.87960815429688,135.87960815429688,0.1687685587939985,0.0548,12.980614588044887,3.320992936192674,16.30160752423756,3.908654681730943,Low
2023-07-11,138.00462341308594,138.00462341308594,0.1751602143680345,0.054900000000000004,13.51554528851598,3.586650519718397,17.102195808234377,3.7682916733066993,Low
2023-07-12,138.68801879882812,138.68801879882812,0.1753418820626758,0.0547,13.576284131139275,3.6199104263167783,17.196194557456053,3.750447533850445,Low
2023-07-13,139.36204528808594,139.36204528808594,0.1751981616642747,0.0547,13.634888181912643,3.6325253652955425,17.267413547208186,3.753556220743226,Low
2023-07-14,140.20452880859375,140.20452880859375,0.1748807829237579,0.054900000000000004,13.716572960285177,3.6340983307146715,17.35067129099985,3.774408866253136,Low
2023-07-17,143.58396911621094,143.58396911621094,0.1873925272998863,0.054900000000000004,14.710416018816176,4.170507881655993,18.88092390047217,3.5272481041266075,Low
2023-07-18,143.8460693359375,143.8460693359375,0.1857443923443382,0.054900000000000004,14.649530834421583,4.11858016639102,18.768111000812603,3.556937158578729,Low
2023-07-19,144.3983917236328,144.3983917236328,0.1855158984247228,0.054900000000000004,14.693574624126228,4.126114977718871,18.8196896018451,3.5611161355105025,Low
2023-07-20,146.1770477294922,146.1770477294922,0.1846988332016882,0.054900000000000004,14.830391982314666,4.146983640903379,18.977375623218045,3.576187722574187,Low
2023-07-21,145.05368041992188,145.05368041992188,0.1885403832938608,0.055,14.93058252912995,4.250055406490183,19.180637935620133,3.5130324433723206,Low
2023-07-24,147.90890502929688,147.90890502929688,0.1742746404150642,0.055099999999999996,14.453847718755725,3.801742877177702,18.255590595933427,3.801900387720545,Low
2023-07-25,146.8042755126953,146.8042755126953,0.1763059742492842,0.055099999999999996,14.45563581209916,3.8473454878935556,18.302981299992716,3.7573011983422644,Low
2023-07-26,147.68418884277344,147.68418884277344,0.1758020312521598,0.055099999999999996,14.514882470984233,3.8519229921646385,18.36680546314887,3.768217199697288,Low
2023-07-27,146.0553436279297,146.0553436279297,0.1847985241136596,0.055099999999999996,14.83950055932246,4.137198413691358,18.976698973013818,3.5868476866407093,Low
2023-07-28,146.88851928710938,146.88851928710938,0.1810844731425185,0.0552,14.730786280148777,4.019392885380995,18.750179165529772,3.664928186972311,Low
2023-07-31,147.8714599609375,147.8714599609375,0.1496449621248122,0.0555,13.155466348905179,2.8946841690661103,16.05015051797129,4.544698343774557,Low
2023-08-01,147.1412811279297,147.1412811279297,0.1496264577825132,0.0554,13.080942915198193,2.8841774606397976,15.96512037583799,4.535415415213891,Low
2023-08-02,145.47496032714844,145.47496032714844,0.1579697468704229,0.0553,13.364525873419055,3.14811011652597,16.512635989945025,4.245253621613209,Medium
2023-08-03,146.3643035888672,146.3643035888672,0.1541551395349695,0.0554,13.25183026228477,3.0279336296473005,16.27976389193207,4.376526001934979,Medium
2023-08-04,146.0553436279297,146.0553436279297,0.1476776523485647,0.0554,12.881646944310319,2.795013587373923,15.676660531684242,4.608795822138873,Medium
2023-08-07,146.7480926513672,146.7480926513672,0.1470652042846063,0.0556,12.927534174696433,2.778142493561738,15.705676668258171,4.653301335210705,Medium
2023-08-08,145.92428588867188,145.92428588867188,0.1505630329418183,0.0557,13.047641975967437,2.8797614454045046,15.927403421371942,4.53080653496099,Medium
2023-08-09,143.9677734375,143.9677734375,0.1546253558467671,0.0555,13.06772476103201,2.9902287238332903,16.0579534848653,4.370142209148465,Medium
2023-08-10,143.7524871826172,143.7524871826172,0.1546985142494993,0.0554,13.04369327924043,2.9927178039349016,16.03641108317533,4.358477522367878,Medium
2023-08-11,144.58560180664062,144.58560180664062,0.1549698588496024,0.0554,13.133524958086653,3.019519208777808,16.15304416686446,4.34954178132307,Low
2023-08-14,144.8852081298828,144.8852081298828,0.154198819224245,0.0556,13.136966850092591,2.9899565986053815,16.126923448697973,4.393698174823047,Low
2023-08-15,141.1968231201172,141.1968231201172,0.1596448473090386,0.0556,13.081877069839436,3.099630055001718,16.181507124841154,4.220464003028318,Medium
2023-08-16,140.5977020263672,140.5977020263672,0.1597748529367542,0.0556,13.033022418952385,3.0909132449126986,16.123935663865083,4.21656040990581,Medium
2023-08-17,139.13735961914062,139.13735961914062,0.161873631018891,0.0556,13.004039529030521,3.12978636881644,16.13382589784696,4.15492880236044,Medium
2023-08-18,139.4556427001953,139.4556427001953,0.1545232167271986,0.0555,12.652999375222535,2.893080879670542,15.546080254893077,4.373538072901519,Medium
2023-08-21,139.93307495117188,139.93307495117188,0.1543669912217317,0.0557,12.70457476553824,2.8891279275977695,15.59370269313601,4.397373561821385,Medium
2023-08-22,137.03103637695312,137.03103637695312,0.1478147436110577,0.0557,12.11656368182824,2.6145062794199063,14.731069961248146,4.634360137974731,Medium
2023-08-23,137.95779418945312,137.95779418945312,0.1513175902859352,0.0557,12.372950220765247,2.7474330861545795,15.120383306919827,4.503458258225658,Medium
2023-08-24,137.82675170898438,137.82675170898438,0.1480306341968742,0.0558,12.205715224903116,2.632649889760728,14.838365114663844,4.636285011681689,Medium
2023-08-25,137.6582489013672,137.6582489013672,0.1454016789082117,0.056100000000000004,12.084846328917934,2.5314896877413773,14.61633601665931,4.773808239250686,Low
2023-08-28,138.1356658935547,138.1356658935547,0.1439577289471421,0.0558,12.030714818842284,2.505365313654899,14.536080132497183,4.801980275400051,Low
2023-08-29,139.259033203125,139.259033203125,0.1452382003081146,0.0556,12.176215230046765,2.576045977602682,14.752261207649447,4.726707262181005,Low
2023-08-30,138.69737243652344,138.69737243652344,0.1451072722132119,0.0556,12.120575579533579,2.561359426430606,14.681935005964185,4.732086974776618,Low
2023-08-31,136.98422241210938,136.98422241210938,0.1459235600408892,0.0556,12.011090978063947,2.556198500989737,14.567289479053684,4.69880996073402,Low
2023-09-01,137.4429473876953,137.4429473876953,0.1440949464499713,0.0553,11.936651489462449,2.5174376933499474,14.454089182812396,4.741587655175839,Low
2023-09-05,135.92640686035156,135.92640686035156,0.1467376836167976,0.0555,11.950208532254564,2.5667456364178918,14.516954168672456,4.655782155699729,Low
2023-09-06,135.70175170898438,135.70175170898438,0.1439064572315145,0.0555,11.792229281795358,2.4715161481437065,14.263745429939064,4.771253180219843,Low
2023-09-07,134.54090881347656,134.54090881347656,0.1447630705469716,0.0553,11.716948138879403,2.4855579503139467,14.20250608919335,4.714011249425689,Low
2023-09-08,134.6438751220703,134.6438751220703,0.1411949237649105,0.0555,11.569311712512274,2.366277234977588,13.935588947489862,4.889246087270857,Low
2023-09-11,135.23365783691406,135.23365783691406,0.1435244073997038,0.0555,11.732993664081363,2.450794777530632,14.183788441611995,4.78742397023682,Low
2023-09-12,136.99356079101562,136.99356079101562,0.150925510940322,0.0556,12.259082503417687,2.719529382198978,14.978611885616665,4.507795570682581,Low
2023-09-13,137.0591278076172,137.0591278076172,0.1504090138115495,0.0555,12.231381153213547,2.708047848256868,14.939429001470415,4.5166783744558705,Low
2023-09-14,139.71775817871094,139.71775817871094,0.1438002728027438,0.0555,12.135882781988755,2.541156008150125,14.67703879013888,4.775733069148818,Low
2023-09-15,139.3058319091797,139.3058319091797,0.1434432011993681,0.0556,12.09045713995826,2.5178443412761666,14.608301481234427,4.8019081012093965,Low
2023-09-18,139.59603881835938,139.59603881835938,0.1389300795030215,0.0555,11.881690051623764,2.3792578407743505,14.260947892398114,4.993863989014643,Low
2023-09-19,139.41818237304688,139.41818237304688,0.1387901962333107,0.0554,11.851281251481481,2.3756668699499386,14.22694812143142,4.988612419270392,Low
2023-09-20,138.8284149169922,138.8284149169922,0.1389400133448532,0.0556,11.825112881784094,2.3625198643144003,14.187632746098494,5.005296700527732,Low
2023-09-21,137.7424774169922,137.7424774169922,0.1207028081634869,0.0557,10.854143572983034,1.7678658523356034,12.622009425318637,6.139687329014902,Medium
2023-09-22,136.4225616455078,136.4225616455078,0.1229058143929951,0.0556,10.84655098695508,1.8213082169432937,12.667859203898374,5.955362681643678,Medium
2023-09-25,137.09658813476562,137.09658813476562,0.1243331509307715,0.0558,10.985493377180603,1.8669172415914517,12.852410618772055,5.884295850102081,Medium
2023-09-26,135.6736297607422,135.6736297607422,0.1292357456347093,0.0558,11.10522957273767,1.997719930723882,13.102949503461552,5.558952184410376,Medium
2023-09-27,136.46934509277344,136.46934509277344,0.1304602857935665,0.0558,11.229351717206669,2.047510161618888,13.276861878825557,5.484393644390048,Medium
2023-09-28,138.1637725830078,138.1637725830078,0.1347696702537028,0.0556,11.56313021323021,2.2173397208180745,13.780469934048284,5.214866312395315,Medium
2023-09-29,135.75790405273438,135.75790405273438,0.1469942786057842,0.0555,11.947945678458169,2.571838429284668,14.519784107742836,4.645682847884568,Medium
2023-10-02,134.58773803710938,134.58773803710938,0.1438529321004136,0.0562,11.748440649587536,2.4219803423594897,14.170420991947026,4.850758052867689,Medium
2023-10-03,133.59544372558594,133.59544372558594,0.1447275319500469,0.0562,11.70372322930885,2.4316240690215665,14.135347298330416,4.813130194922843,Medium
2023-10-04,134.19456481933594,134.19456481933594,0.1415352843017008,0.056100000000000004,11.594803430361608,2.345816049487304,13.940619479848912,4.942759016801739,Medium
2023-10-05,134.7603759765625,134.7603759765625,0.1424443690035034,0.056100000000000004,11.6875343988428,2.384417089648821,14.07195148849162,4.901631702599544,Medium
2023-10-06,136.8350830078125,136.8350830078125,0.1488593367151266,0.056299999999999996,12.198797976648677,2.620260087572646,14.819058064221323,4.65556760357686,Medium
2023-10-09,136.52386474609375,136.52386474609375,0.1492421674410761,0.056299999999999996,12.189877003600472,2.6267119034057345,14.816588907006206,4.64073619485843,Medium
2023-10-10,137.35374450683594,137.35374450683594,0.1498847913094376,0.056100000000000004,12.279733147725878,2.671880990274353,14.951614138000231,4.595913213359467,Medium
2023-10-11,137.8252716064453,137.8252716064453,0.143632030287758,0.056100000000000004,12.011993178520612,2.4770945919203626,14.489087770440975,4.849226677778315,Medium
2023-10-12,137.50460815429688,137.50460815429688,0.1439142189122406,0.056299999999999996,12.014206413621238,2.472450906026161,14.4866573196474,4.859229513653331,Medium
2023-10-13,139.56991577148438,139.56991577148438,0.1373561706693372,0.0562,11.859444265900308,2.29993464991945,14.159378915819758,5.156426625563321,Medium
2023-10-16,139.42845153808594,139.42845153808594,0.1370037814642276,0.056100000000000004,11.821589467075569,2.290146452429788,14.111735919505357,5.161936021398613,Medium
2023-10-17,139.1266632080078,139.1266632080078,0.1369973855763782,0.0562,11.80401889143944,2.2810684743848526,14.085087365824293,5.174776217370104,Medium
2023-10-18,137.5989532470703,137.5989532470703,0.1420817028980502,0.056100000000000004,11.915855072114283,2.4229404196056876,14.33879549171997,4.917931524727085,Medium
2023-10-19,137.0142364501953,137.0142364501953,0.1420879050899038,0.055999999999999994,11.857403529178,2.416805722035008,14.274209251213009,4.906229499983882,High
2023-10-20,134.80751037597656,134.80751037597656,0.1501974522105181,0.0558,12.043705182474753,2.6445441934862686,14.688249375961021,4.554170511553331,High
2023-10-23,132.9686279296875,132.9686279296875,0.1537912712222955,0.0558,12.052231520537674,2.722867978706333,14.775099499244007,4.426300362261351,Medium
2023-10-24,133.12892150878906,133.12892150878906,0.1524502208264019,0.0558,12.002135542201984,2.683326738058078,14.685462280260062,4.4728565373622455,Medium
2023-10-25,132.4027862548828,132.4027862548828,0.1496881119271927,0.0559,11.812250980462451,2.577309724411556,14.389560704874008,4.583170919886003,Medium
2023-10-26,132.7422637939453,132.7422637939453,0.1481739855916573,0.0559,11.770069347724984,2.5360944853877,14.306163833112684,4.641021624210369,Medium
2023-10-27,127.96109008789062,127.96109008789062,0.184177250311181,0.0559,13.028154278244514,3.569974037526059,16.598128315770573,3.6493694747631387,High
2023-10-30,129.59249877929688,129.59249877929688,0.1851760780017817,0.055999999999999994,13.24916096604963,3.6434228364660513,16.89258380251568,3.6364598787278535,Medium
2023-10-31,131.1391143798828,131.1391143798828,0.1897662375132572,0.0559,13.622442483184358,3.8420988344573104,17.464541317641668,3.5455731541868323,Medium
2023-11-01,131.02597045898438,131.02597045898438,0.1884372298418047,0.0557,13.531936805333629,3.8040906669168564,17.336027472250485,3.5572066993610876,Medium
2023-11-02,133.3646697998047,133.3646697998047,0.1985025838815417,0.0554,14.24916112965677,4.224252348644249,18.47341347830102,3.3731794300191273,Low
2023-11-03,134.8546905517578,134.8546905517578,0.2018871499226561,0.0553,14.570710066808616,4.391957768982536,18.96266783579115,3.3175888369673787,Low
2023-11-06,135.8731689453125,135.8731689453125,0.1962167506813801,0.0556,14.41661495505285,4.21561269830309,18.63222765335594,3.419814861278876,Low
2023-11-07,135.80715942382812,135.80715942382812,0.1960915568837399,0.0555,14.395936923564264,4.214026445815179,18.609963369379443,3.416195201589309,Low
2023-11-08,136.47669982910156,136.47669982910156,0.1956678192991557,0.0554,14.438050481671695,4.224972418253472,18.663022899925167,3.4173123638142298,Low
2023-11-09,136.07119750976562,136.07119750976562,0.1953859359121522,0.0554,14.380921759880863,4.202729670925152,18.583651430806015,3.421805085244794,Low
2023-11-10,138.0893096923828,138.0893096923828,0.2023016695890198,0.0553,14.941490325456641,4.511839770149983,19.453330095606624,3.3116181173605717,Low
2023-11-13,137.476318359375,137.476318359375,0.1955727153554356,0.0555,14.54641191758779,4.247802572217701,18.79421448980549,3.4244557439479517,Low
2023-11-14,139.9848175048828,139.9848175048828,0.2061142626815824,0.0552,15.337712154829944,4.714541293319257,20.0522534481492,3.253277721114513,Low
2023-11-15,141.21078491210938,141.21078491210938,0.2079875495119003,0.0553,15.578121550512506,4.818165261347893,20.3962868118604,3.2332061491295736,Low
2023-11-16,142.82334899902344,142.82334899902344,0.2065107551798721,0.055099999999999996,15.662175405405819,4.82970806650836,20.49188347191418,3.242882424719471,Low
2023-11-17,144.11537170410156,144.11537170410156,0.2067398404873762,0.055,15.808457446386186,4.887008316708858,20.695465763095044,3.2347924173438583,Low
2023-11-20,144.55856323242188,144.55856323242188,0.1953047443278815,0.0554,15.273569704602295,4.461908091876992,19.735477796479287,3.4231027152729085,Low
2023-11-21,144.25680541992188,144.25680541992188,0.1864532269373645,0.0553,14.76087760043967,4.136218484155442,18.897096084595113,3.5686890470085104,Low
2023-11-22,144.59628295898438,144.59628295898438,0.1862882570230807,0.0554,14.794740481981222,4.135024923663288,18.92976540564451,3.5779084177500713,Low
2023-11-24,144.79434204101562,144.79434204101562,0.1834228422319843,0.0554,14.661734537475283,4.036848086679612,18.698582624154895,3.631975794643997,Low
2023-11-27,144.46426391601562,144.46426391601562,0.1847506601977138,0.054900000000000004,14.659390184717424,4.100269829119341,18.759660013836765,3.5752257279775117,Low
2023-11-28,144.79434204101562,144.79434204101562,0.1112447336879719,0.0547,10.84542047242229,1.5951889812468352,12.440609453669126,6.7988311102458026,Low
2023-11-29,145.52993774414062,145.52993774414062,0.1084866160087116,0.0545,10.744524567713341,1.5242741659725851,12.268798733685927,7.048944873285078,Low
2023-11-30,147.1896514892578,147.1896514892578,0.1081154722750873,0.0545,10.84840365829163,1.5300252021919007,12.378428860483531,7.090343115100524,Low
2023-12-01,147.90635681152344,147.90635681152344,0.1056626946739951,0.054299999999999994,10.758741493897219,1.4676027482267386,12.226344242123957,7.330826756011932,Low
2023-12-04,148.9908905029297,148.9908905029297,0.0966383819418228,0.0546,10.415843224655688,1.192528362933924,11.608371587589613,8.734251987961155,Low
2023-12-05,148.9720001220703,148.9720001220703,0.0959275725917431,0.0545,10.369705872111268,1.1744272757759475,11.544133147887216,8.829585352792469,Low
2023-12-06,147.4065399169922,147.4065399169922,0.1089020773053913,0.0545,10.904010502733726,1.5569943838243319,12.461004886558058,7.0032433103265275,Low
2023-12-07,147.8592071533203,147.8592071533203,0.1077974754729882,0.054400000000000004,10.87226734948338,1.5304819055210501,12.40274925500443,7.103819594509962,Low
2023-12-08,149.49066162109375,149.49066162109375,0.1104216924643927,0.054400000000000004,11.126530917038224,1.6312959557167943,12.757826872755018,6.8206697123510045,Low
2023-12-11,150.03762817382812,150.03762817382812,0.1072319744523097,0.0547,11.032298567527874,1.5244516671980506,12.556750234725925,7.236896259102325,Low
2023-12-12,151.37677001953125,151.37677001953125,0.1021098481069057,0.0546,10.8587486512275,1.3796013383366272,12.238349989564128,7.870932239250938,Low
2023-12-13,151.88597106933594,151.88597106933594,0.0970661915722729,0.054400000000000004,10.619708194874619,1.23510858753,11.854816782404619,8.598198006308229,Low
2023-12-14,154.6491241455078,154.6491241455078,0.096973691484338,0.054299999999999994,10.797975374166313,1.2579947967499443,12.055970170916257,8.583481745761674,Low
2023-12-15,155.81846618652344,155.81846618652344,0.0964462959151105,0.054400000000000004,10.86268378585656,1.2477681503206632,12.110451936177224,8.705690863374711,Low
2023-12-18,156.76150512695312,156.76150512695312,0.0935287763794514,0.0546,10.798797933168416,1.1585627219670585,11.957360655135474,9.32085741101159,Low
2023-12-19,158.8550567626953,158.8550567626953,0.0972439037957404,0.054299999999999994,11.105880740436774,1.3008231748023533,12.406703915239127,8.537579092657385,Low
2023-12-20,157.06329345703125,157.06329345703125,0.1118860734435329,0.054400000000000004,11.769252507724289,1.7635845341091567,13.532837041833446,6.673483623890656,Low
2023-12-21,157.95916748046875,157.95916748046875,0.1098203307427068,0.0542,11.704201541908475,1.7109073074350363,13.415108849343511,6.84093258065232,Low
2023-12-22,157.86483764648438,157.86483764648438,0.1109556967020143,0.054400000000000004,11.77877842518663,1.7408406338745266,13.519619059061156,6.76614400881201,Low
2023-12-26,158.7984619140625,158.7984619140625,0.1106180230480836,0.0545,11.840072959215746,1.7357346394336517,13.575807598649398,6.821361220905871,Low
2023-12-27,159.75091552734375,159.75091552734375,0.1080046374221342,0.054400000000000004,11.757977698177086,1.6606131927148056,13.418590890891892,7.080503605391027,Low
2023-12-28,160.59970092773438,160.59970092773438,0.1076270866109377,0.0545,11.810010019223057,1.6527532317884521,13.46276325101151,7.145658403247162,Low
2023-12-29,160.41107177734375,160.41107177734375,0.1096820253879228,0.054000000000000006,11.85791848738242,1.740446134235782,13.598364621618202,6.81314879795987,Low
2024-01-02,162.2782745361328,162.2782745361328,0.1098641335073909,0.0546,12.06786646606217,1.7435924802649012,13.811458946327072,6.9212654921686285,Low
2024-01-03,161.57101440429688,161.57101440429688,0.1142038359892684,0.0548,12.276893455685908,1.8796243516162576,14.156517807302166,6.531567568343756,Low
2024-01-04,162.6432342529297,162.6432342529297,0.1139924056378141,0.0548,12.346491028255045,1.8846099800919447,14.23110100834699,6.551218108084462,Low
2024-01-05,163.459228515625,163.459228515625,0.1129335147229968,0.0547,12.338438918075909,1.8604847722568323,14.198923690332741,6.631840852483278,Low
2024-01-08,163.22201538085938,163.22201538085938,0.1015374490383584,0.054900000000000004,11.70894092096998,1.4574959124314333,13.166436833401413,8.033601206768953,Low
2024-01-09,161.93157958984375,161.93157958984375,0.1107173396293659,0.0547,12.099723684818798,1.7656171132533771,13.865340798072175,6.852971459097096,Low
2024-01-10,162.27317810058594,162.27317810058594,0.1082457257066182,0.0546,11.977680755789592,1.6874738560190536,13.665154611808646,7.097994859633754,Low
2024-01-11,161.5900115966797,161.5900115966797,0.1118531335242757,0.0546,12.127029847183195,1.8053643784053435,13.932394225588538,6.717220076035207,Low
2024-01-12,160.4039306640625,160.4039306640625,0.1161392555205247,0.0545,12.265569483737579,1.9460634467779911,14.21163293051557,6.302759298030661,Low
2024-01-16,159.3981475830078,159.3981475830078,0.1202477653274712,0.0545,12.416853170442877,2.07906713052828,14.495920300971157,5.972319502395202,Low
2024-01-17,158.5441436767578,158.5441436767578,0.1084192708208345,0.0547,11.721938648063968,1.6507972171128955,13.372735865176864,7.100774417686895,Low
2024-01-18,158.85728454589844,158.85728454589844,0.1060011011367282,0.0545,11.593966595464664,1.58020749717042,13.174174092635084,7.336989994178147,Low
2024-01-19,161.59947204589844,161.59947204589844,0.1189019893655279,0.0545,12.512369868227665,2.059321705921569,14.571691574149234,6.075966582709448,Low
2024-01-22,161.40972900390625,161.40972900390625,0.1110812497656203,0.0546,12.07066885513683,1.7764670139846999,13.84713586912153,6.794761039813369,Low
2024-01-23,160.34701538085938,160.34701538085938,0.1056571337333673,0.0545,11.683965909155589,1.583421036459761,13.26738694561535,7.37893815992163,Low
2024-01-24,161.77976989746094,161.77976989746094,0.1080141884105491,0.054400000000000004,11.907832978265759,1.6820320687814174,13.589865047047176,7.079432788039905,Low
2024-01-25,164.09498596191406,164.09498596191406,0.1168350572882439,0.054400000000000004,12.577246902341784,2.020174434089107,14.597421336430891,6.22582223104553,Low
2024-01-26,163.46873474121094,163.46873474121094,0.1174365221859685,0.054400000000000004,12.563457855571329,2.0342008589498732,14.597658714521202,6.1761147136950045,Low
2024-01-29,163.8957061767578,163.8957061767578,0.1163483841240748,0.0542,12.513800642222975,2.0084432210068215,14.522243863229797,6.230597166670152,Low
2024-01-30,167.25465393066406,167.25465393066406,0.1333171266975378,0.0542,13.770742306667245,2.693815109255425,16.46455741592267,5.11198495373853,Low
2024-01-31,165.4423370361328,165.4423370361328,0.140244501259042,0.0542,14.031942213902056,2.933223318727663,16.96516553262972,4.783796080002752,Low
2024-02-01,164.8445587158203,164.8445587158203,0.1362740519650043,0.0542,13.746473239300371,2.768714747478519,16.51518798677889,4.964929396146478,Low
2024-02-02,165.7934112548828,165.7934112548828,0.1359915646670422,0.054299999999999994,13.818726274361097,2.768934002128823,16.58766027648992,4.990630424465491,Low
2024-02-05,165.5751953125,165.5751953125,0.1348039908559004,0.0542,13.72035526342394,2.7241000151596424,16.444455278583582,5.036656211985622,Low
2024-02-06,166.1444854736328,166.1444854736328,0.1343026794994191,0.054400000000000004,13.757668101808662,2.7046028035162593,16.46227090532492,5.0867610149343525,Low
2024-02-07,166.45758056640625,166.45758056640625,0.1341022564372777,0.054299999999999994,13.761720117105227,2.706659542837457,16.468379659942684,5.084392735511346,Low
2024-02-08,165.85983276367188,165.85983276367188,0.1312978099621747,0.054400000000000004,13.55657037074893,2.5844147500690724,16.140985120818,5.245508821827692,Low
2024-02-09,166.05909729003906,166.05909729003906,0.1312513251810294,0.054400000000000004,13.570112890384891,2.5857368511882655,16.155849741573157,5.248064157862312,Low
2024-02-12,166.7991943359375,166.7991943359375,0.130257163065277,0.054299999999999994,13.561603714716782,2.563646355656779,16.12525007037356,5.289966646449737,Low
2024-02-13,165.34742736816406,165.34742736816406,0.1315186215740189,0.0545,13.537633094267363,2.5802474968694753,16.11788059113684,5.246641305026786,Medium
2024-02-14,167.02691650390625,167.02691650390625,0.1316320203778343,0.054299999999999994,13.661756378307771,2.6201737315916063,16.281930109899378,5.214065087969962,Low
2024-02-15,170.67050170898438,170.67050170898438,0.1445102233342922,0.054299999999999994,14.747626373412373,3.193507303112675,17.941133676525048,4.618003021016433,Low
2024-02-16,169.8734893798828,169.8734893798828,0.14721461595303,0.054400000000000004,14.854653905473,3.283114798255916,18.137768703728916,4.5245612225817435,Low
2024-02-20,170.53768920898438,170.53768920898438,0.1383171043879289,0.054400000000000004,14.366321409565913,2.93619793281907,17.302519342384983,4.892831388847372,Low
2024-02-21,171.64785766601562,171.64785766601562,0.1382548720845096,0.054400000000000004,14.456014266117322,2.952802985610809,17.40881725172813,4.895692105623833,Low
2024-02-22,173.70687866210938,173.70687866210938,0.1370498398688868,0.0545,14.564783355224534,2.9341287592199876,17.498912114444522,4.963920996806035,Low
2024-02-23,174.57980346679688,174.57980346679688,0.1358898131417125,0.0546,14.575974246959717,2.8965443006753375,17.472518547635055,5.0321944820803495,Low
2024-02-26,173.98204040527344,173.98204040527344,0.1322698930961565,0.0547,14.312012466100498,2.735466414448304,17.047478880548802,5.2320190774438675,Low
2024-02-27,174.06744384765625,174.06744384765625,0.1303842842899435,0.0545,14.181430368046193,2.6707900574738446,16.852220425520038,5.309825955193063,Low
2024-02-28,174.9498748779297,174.9498748779297,0.1305693572533642,0.0545,14.264818152637602,2.691786887004824,16.956605039642426,5.299386151817612,Low
2024-02-29,176.54391479492188,176.54391479492188,0.11705633193307,0.0545,13.55599574662807,2.1775694702307646,15.733565216858835,6.225287382079018,Low
2024-03-01,175.81332397460938,175.81332397460938,0.1093538928672849,0.0542,12.998996732298238,1.8866753625303687,14.885672094828607,6.889895840301991,Low
2024-03-04,177.13223266601562,177.13223266601562,0.1077671401662371,0.0548,13.068174856385554,1.815654069917656,14.88382892630321,7.197502582074032,Low
2024-03-05,178.90658569335938,178.90658569335938,0.1098862538366788,0.0547,13.317155411125327,1.9188138540233197,15.235969265148647,6.940306055849168,Low
2024-03-06,179.83645629882812,179.83645629882812,0.1085013530995583,0.0547,13.301221103308507,1.8756370659367292,15.176858169245236,7.0915750946015885,Low
2024-03-07,178.2613525390625,178.2613525390625,0.1171408761485782,0.0547,13.715330303755294,2.1930221217079975,15.908352425463292,6.254077497892883,Low
2024-03-08,178.5934600830078,178.5934600830078,0.1171442813408782,0.0546,13.729961522881794,2.2017766323576424,15.931738155239437,6.235855772608448,Low
2024-03-11,178.65988159179688,178.65988159179688,0.1149644096965872,0.0548,13.622350188694057,2.108072868204104,15.730423056898161,6.461992084884201,Low
2024-03-12,180.13059997558594,180.13059997558594,0.1157233223011692,0.0548,13.781809445809557,2.1553410101221218,15.937150455931679,6.394259368279119,Low
2024-03-13,181.59185791015625,181.59185791015625,0.1166308157422965,0.0548,13.950745489540964,2.209003158804407,16.15974864834537,6.315403141882158,Low
2024-03-14,178.35626220703125,178.35626220703125,0.1326771139629706,0.0548,14.708405005469203,2.816039596831196,17.5244446023004,5.223081742891728,Low
2024-03-15,180.56710815429688,180.56710815429688,0.1342555049774486,0.0548,14.992183919871778,2.9169620442559108,17.90914596412769,5.139656839002902,Low
2024-03-18,182.80638122558597,182.80638122558597,0.12200476403241,0.0548,14.386579171633826,2.4419224898414242,16.82850166147525,5.891497060812965,Low
2024-03-19,183.8785858154297,183.8785858154297,0.1187669589369725,0.0548,14.262988991569145,2.3235422682728455,16.58653125984199,6.1384676260575315,Low
2024-03-20,186.28868103027344,186.28868103027344,0.1230179708878331,0.0547,14.715344319176324,2.535730700633117,17.25107501980944,5.803196812462073,Low
2024-03-21,188.8790435791016,188.8790435791016,0.1272693755433558,0.0548,15.214209178714427,2.7477575926010047,17.96196677131543,5.536954649741421,Low
2024-03-22,186.5638427734375,186.5638427734375,0.1369456102404173,0.0546,15.646957779366403,3.141389582268566,18.78834736163497,4.980903313516083,Low
2024-03-25,184.85589599609372,184.85589599609372,0.1435257917662995,0.0546,15.940352919944061,3.3991866741143397,19.3395395940584,4.689460876430781,Low
2024-03-26,185.7193756103516,185.7193756103516,0.1418821516322187,0.0546,15.904956052897361,3.3427757232384323,19.247731776135794,4.758008723806595,Low
2024-03-27,189.31553649902344,189.31553649902344,0.1519484888291038,0.0545,16.890484957844336,3.8682765669510104,20.758761524795347,4.366410897853014,Low
2024-03-28,190.0556182861328,190.0556182861328,0.1518998279544111,0.0546,16.96416166270403,3.8753233703546925,20.839485033058722,4.37748286826226,Low
2024-04-01,188.76516723632807,188.76516723632807,0.1550772626525653,0.054400000000000004,17.045161562325433,4.005634691948494,21.050796254273926,4.255296069955399,Low
2024-04-02,188.68930053710935,188.68930053710935,0.1533789702760999,0.0542,16.899974943385118,3.938171347152945,20.838146290538063,4.291325453780155,Low
2024-04-03,188.15792846679688,188.15792846679688,0.1540487237196888,0.0542,16.898228152148988,3.9575898498903683,20.855818002039356,4.269828050174804,Low
2024-04-04,186.726318359375,186.726318359375,0.1558973321566533,0.0541,16.884631777372604,4.017073754554858,20.901705531927462,4.203216771468921,Medium
2024-04-05,188.4442596435547,188.4442596435547,0.1575076829863386,0.054299999999999994,17.17223657112075,4.115979601529283,21.28821617265003,4.17208981423048,Medium
2024-04-08,189.42727661132807,189.42727661132807,0.1525502424611696,0.054299999999999994,16.919939826450076,3.909752262498401,20.829692088948477,4.327624537427324,Low
2024-04-09,188.15792846679688,188.15792846679688,0.1561383326211982,0.054299999999999994,17.052218030591817,4.047077849540415,21.09929588013223,4.213464298080716,Low
2024-04-10,186.55453491210935,186.55453491210935,0.1606594524961887,0.0545,17.235987437169257,4.206255819675562,21.44224325684482,4.097703082286305,Medium
2024-04-11,186.5163726806641,186.5163726806641,0.1592443525121276,0.0545,17.13608301265249,4.140985897880505,21.277068910532996,4.138165025247566,Low
2024-04-12,174.452880859375,174.452880859375,0.2839575193490676,0.0545,24.1501606489484,9.449551137217234,33.599711786165635,2.5556939476027107,Medium
2024-04-15,174.54832458496094,174.54832458496094,0.2779363721915051,0.0545,23.766900838729384,9.178238164176626,32.94513900290601,2.589483996121765,Medium
2024-04-16,172.55364990234375,172.55364990234375,0.2757604890870314,0.0545,23.353702703112248,8.974677125466933,32.32837982857918,2.602177479660273,Medium
2024-04-17,171.8665008544922,171.8665008544922,0.2707064305006186,0.0545,22.933200747563376,8.710858768518804,31.64405951608218,2.6327141051172087,Medium
2024-04-18,172.98312377929688,172.98312377929688,0.2709718373626004,0.0546,23.1081252055576,8.772538202281417,31.880663407839016,2.634143582247156,Medium
2024-04-19,177.32559204101562,177.32559204101562,0.282514280271267,0.0545,24.451282292442087,9.537794991380458,33.989077283822546,2.5636200311014568,Medium
2024-04-22,180.77096557617188,180.77096557617188,0.2870212482807757,0.0542,25.207161749673958,9.959918191979199,35.16707994165316,2.5308603207176428,Medium
2024-04-23,183.3764190673828,183.3764190673828,0.2898649840311048,0.0545,25.79428322326342,10.218274092168897,36.01255731543232,2.524328765366717,Medium
2024-04-24,184.2735595703125,184.2735595703125,0.2888395302816217,0.0546,25.85819240783252,10.210880549046578,36.0690729568791,2.532415523188838,Medium
2024-04-25,184.55032348632807,184.55032348632807,0.2883835298247441,0.0547,25.87432477496995,10.196459359796009,36.07078413476596,2.5375793559272903,Low
2024-04-26,184.6648712158203,184.6648712158203,0.2796216533243083,0.0546,25.27090690637462,9.784509319960307,35.05541622633493,2.582746469955546,Low
2024-04-29,184.4644470214844,184.4644470214844,0.2790117068018979,0.0545,25.19192061975191,9.751808340103949,34.94372895985586,2.583307602155292,Low
2024-04-30,182.99468994140625,182.99468994140625,0.2793306902527847,0.0546,25.022265176142042,9.682014681762027,34.70427985790407,2.584406861443454,Low
2024-05-01,183.10919189453125,183.10919189453125,0.279403249236837,0.0546,25.04293289818547,9.691566108360462,34.73449900654593,2.5839923721494404,Low
2024-05-02,182.91831970214844,182.91831970214844,0.2793596201562446,0.0546,25.013818329966767,9.679365370471118,34.693183700437885,2.584241566732932,Low
2024-05-03,181.8207855224609,181.8207855224609,0.2789560177567892,0.0545,24.827062104296544,9.60938732125399,34.436449425550535,2.5836259143581595,Low
2024-05-06,183.2428131103516,183.2428131103516,0.2783515381876671,0.0545,24.979456127922447,9.655418890793968,34.634875018716414,2.587091912888347,Low
2024-05-07,183.0042266845703,183.0042266845703,0.2773372785610794,0.0545,24.876925527419857,9.594053420445434,34.47097894786529,2.5929525756450156,Low
2024-05-08,186.726318359375,186.726318359375,0.2865894280650812,0.0545,26.03466031101982,10.243776382005066,36.27843669302489,2.541510019366893,Low
2024-05-09,188.491943359375,188.491943359375,0.286875640501837,0.0546,26.31045122148268,10.347111952613005,36.657563174095685,2.542782115625837,Low
2024-05-10,189.70404052734372,189.70404052734372,0.2875874546649849,0.0547,26.539905706772288,10.441427063224154,36.98133276999644,2.5417891200187315,Low
2024-05-13,189.66586303710935,189.66586303710935,0.1495074162570782,0.0545,16.753852260241956,3.7640743036028326,20.51792656384479,4.450988718316689,Low
2024-05-14,192.31903076171875,192.31903076171875,0.1527563299777922,0.054400000000000004,17.20375036563911,3.9730617833287027,21.176812148967812,4.330098876847945,Low
2024-05-15,192.89170837402344,192.89170837402344,0.1413249357091748,0.0545,16.469161599659387,3.4521370073414346,19.92129860700082,4.770714941103292,Low
2024-05-16,193.2352600097656,193.2352600097656,0.1379152598655357,0.0545,16.26205170544486,3.303172224228234,19.565223929673095,4.923161918765646,Low
2024-05-17,195.44944763183597,195.44944763183597,0.13936194539999,0.0546,16.56134327137198,3.4017644890071566,19.96310776037914,4.868456744989303,Low
2024-05-20,186.65953063964844,186.65953063964844,0.2138296509870277,0.0545,20.919460118128228,6.702148651928034,27.621608770056262,3.1213064950611384,Low
2024-05-21,190.4198455810547,190.4198455810547,0.2145370476797963,0.0545,21.391227765562306,6.87172533617489,28.262953101737196,3.112934047720484,Low
2024-05-22,189.26499938964844,189.26499938964844,0.2119792684366798,0.0545,21.0806293648877,6.705915044906462,27.78654440979416,3.143587299230652,Low
2024-05-23,187.9384307861328,187.9384307861328,0.2136005182812469,0.0546,21.05664833973198,6.730125819191912,27.78677415892389,3.1287154067292393,Low
2024-05-24,191.55555725097656,191.55555725097656,0.2226560983212328,0.0546,22.110650994336254,7.305554417309594,29.416205411645848,3.0265534593716588,Low
2024-05-28,190.40074157714844,190.40074157714844,0.2242833142571702,0.0546,22.093363779687962,7.341379673123392,29.434743452811354,3.009429393846938,Low
2024-05-29,189.0741271972656,189.0741271972656,0.2260530226742519,0.0546,22.06476203628813,7.376558353987804,29.441320390275934,2.9912000932467118,Low
2024-05-30,190.23851013183597,190.23851013183597,0.2241201624481723,0.0546,22.062915570792,7.32712041517042,29.39003598596242,3.011130474273616,Low
2024-05-31,193.38796997070312,193.38796997070312,0.2296443526282394,0.0546,22.82846872102742,7.724280405028253,30.552749126055673,2.955416883385906,Low
2024-06-03,192.61489868164065,192.61489868164065,0.2304644859819296,0.0552,22.85649044471262,7.690583345291898,30.547073790004518,2.972009978762553,Low
2024-06-04,190.07623291015625,190.07623291015625,0.235145308953893,0.0552,22.888684962948176,7.819243099243707,30.707928062191883,2.927225138346449,Low
2024-06-05,188.26290893554688,188.26290893554688,0.2375522736977297,0.055099999999999996,22.83054914605468,7.869173666493069,30.699722812547748,2.90126385738151,Low
2024-06-06,187.9288787841797,187.9288787841797,0.2376228867251263,0.055099999999999996,22.7950197651749,7.85865047849898,30.65367024367388,2.9006277639578646,Low
2024-06-07,190.8302154541016,190.8302154541016,0.2333526125837225,0.0552,22.85123340659601,7.761757280944337,30.612990687540346,2.9440798751459805,Low
2024-06-10,190.50570678710935,190.50570678710935,0.2314946132828533,0.0552,22.679728077526704,7.657062990765169,30.336791068291873,2.96193568015304,Low
2024-06-11,185.4951629638672,185.4951629638672,0.2485735994164016,0.0552,23.271973069799344,8.277239063821199,31.549212133620543,2.811562272197537,Low
2024-06-12,182.7942352294922,182.7942352294922,0.2529506766197782,0.055099999999999996,23.224538111685632,8.372222009442147,31.59676012112778,2.7739993141000228,Low
2024-06-13,184.8271331787109,184.8271331787109,0.2509253360093351,0.055099999999999996,23.342096961646163,8.367788090268874,31.709885051915037,2.7895181749154614,Low
2024-06-14,184.94161987304688,184.94161987304688,0.2504823183718628,0.055099999999999996,23.32575926767845,8.351630950624582,31.67739021830303,2.792958573670454,Low
2024-06-17,186.0868988037109,186.0868988037109,0.2517777975566188,0.0552,23.570284121270944,8.458882692614708,32.02916681388565,2.7864535988718364,Low
2024-06-18,188.0147399902344,188.0147399902344,0.2510877399883144,0.055,23.746580762731142,8.527395446483155,32.2739762092143,2.7847401837714285,Low
2024-06-20,189.60861206054688,189.60861206054688,0.1949829135771211,0.055,19.969600635796468,5.86356760097388,25.833168236770348,3.405708264108649,Low
2024-06-21,187.34669494628903,187.34669494628903,0.1865725556844027,0.054900000000000004,19.137118761253646,5.403035317406889,24.540154078660535,3.541919983310092,Low
2024-06-24,189.8090362548828,189.8090362548828,0.191429516128807,0.055,19.74050045610204,5.699470340137793,25.439970796239834,3.463567538387222,Low
2024-06-25,189.0359649658203,189.0359649658203,0.1903059730429082,0.054900000000000004,19.57105847220855,5.62929287277646,25.20035134498501,3.4766459863644967,Low
2024-06-26,188.4251251220703,188.4251251220703,0.1778391377919883,0.055,18.649916454472844,5.016248150503301,23.666164604976146,3.7179014863133553,Low
2024-06-27,190.0857696533203,190.0857696533203,0.17971487127748,0.054900000000000004,18.935211523694235,5.1557032364974305,24.090914760191666,3.672672893515498,Low
2024-06-28,193.0348358154297,193.0348358154297,0.1855036909526801,0.0548,19.631204970118546,5.521905507223998,25.153110477342544,3.5551504719586644,Low
2024-07-01,196.0793609619141,196.0793609619141,0.1916544140182605,0.0547,20.376929418300847,5.919366359378095,26.296295777678942,3.4424173435417678,Low
2024-07-02,199.30519104003903,199.30519104003903,0.1915542780573371,0.0547,20.704759918285433,6.011712017766229,26.71647193605166,3.4440704839315806,Low
2024-07-03,199.1715850830078,199.1715850830078,0.1907072707113714,0.0547,20.628308616870427,5.965115431263094,26.59342404813352,3.4581574915981887,Low
2024-07-05,196.53245544433597,196.53245544433597,0.1907775953089756,0.0546,20.34938424450253,5.896404872737044,26.245789117239575,3.4511511138916378,Low
2024-07-08,196.8971405029297,196.8971405029297,0.1863989364126383,0.0546,20.067623437828033,5.690203124783949,25.75782656261198,3.5266972017962854,Low
2024-07-09,199.2579498291016,199.2579498291016,0.1887996391393884,0.0546,20.485451361336885,5.8788072879863265,26.36425864932321,3.484627128907603,Low
2024-07-10,199.4210968017578,199.4210968017578,0.1832724464037873,0.0546,20.094147343999936,5.606634384933358,25.700781728933293,3.5839945971862726,Low
2024-07-11,199.08518981933597,199.08518981933597,0.1832682430460062,0.054400000000000004,20.038065420622672,5.610592654470423,25.648658075093095,3.5714703694727663,Low
2024-07-12,196.67642211914065,196.67642211914065,0.1600375879002781,0.054299999999999994,18.104041649959186,4.417118043373243,22.52115969333243,4.098609426370136,Low
2024-07-15,201.5803680419922,201.5803680419922,0.163881899075314,0.054299999999999994,18.838947249398544,4.717071986749772,23.556019236148316,3.993779891915374,Low
2024-07-16,205.0064239501953,205.0064239501953,0.1679124167917287,0.054299999999999994,19.462164053384797,5.000690440646871,24.462854494031667,3.8918953861233696,Low
2024-07-17,208.1253662109375,208.1253662109375,0.170692971421679,0.054299999999999994,19.970916548396872,5.219859051868333,25.190775600265205,3.825949388661888,Low
2024-07-18,201.5131683349609,201.5131683349609,0.2152971313931078,0.054299999999999994,22.67338449356606,7.326224389313282,29.999608882879343,3.0948252863561736,Medium
2024-07-19,201.3212738037109,201.3212738037109,0.2145363003484336,0.054299999999999994,22.59452328165149,7.279910534502449,29.87443381615394,3.103681449733054,Medium
2024-07-22,201.8011016845703,201.8011016845703,0.213716293198122,0.054299999999999994,22.586515358084696,7.254782627022024,29.84129798510672,3.113327651466259,Low
2024-07-23,201.8490753173828,201.8490753173828,0.2070156399941983,0.0541,22.065246411176133,6.924740318637191,28.989986729813324,3.1864366598397784,Low
2024-07-24,200.1792449951172,200.1792449951172,0.2078805194926259,0.054000000000000006,21.93667939168118,6.919033553831753,28.855712945512934,3.1704831637263378,Medium
2024-07-25,200.25601196289065,200.25601196289065,0.2066623842544387,0.053899999999999997,21.84334213484533,6.866547256850737,28.709889391696066,3.1811245619918047,Medium
2024-07-26,203.6820831298828,203.6820831298828,0.2110941098957976,0.0538,22.543461810198792,7.222765400466585,29.766227210665377,3.121167663668337,Medium
2024-07-29,202.3480987548828,202.3480987548828,0.2131362943596552,0.0541,22.58245462493096,7.259209942645867,29.841664567576828,3.1108694752393418,Medium
2024-07-30,206.51312255859372,206.51312255859372,0.2174460895995043,0.054000000000000006,23.369327248767902,7.645048127942886,31.014375376710788,3.0567926921679267,Medium
2024-07-31,204.219482421875,204.219482421875,0.2179666200394173,0.0541,23.16031054518095,7.579916202048253,30.7402267472292,3.055483718793955,Medium
2024-08-01,199.5746612548828,199.5746612548828,0.2276300947012133,0.0537,23.314622147051395,7.935388108185492,31.250010255236887,2.9380569455704317,Medium
2024-08-02,191.11029052734372,191.11029052734372,0.2728579514842865,0.0529,25.504158375829675,9.918119268757025,35.4222776445867,2.5714712320681694,High
2024-08-05,187.04122924804688,187.04122924804688,0.2785673014570964,0.0535,25.42001361614828,9.942425148586267,35.36243876473455,2.556721648516791,High
2024-08-06,192.26190185546875,192.26190185546875,0.2970440124014557,0.053399999999999996,27.462343114820882,11.16558149296361,38.62792460778449,2.4595533275295387,High
2024-08-07,192.3194732666016,192.3194732666016,0.2933141428172214,0.053399999999999996,27.19942609716206,10.979281700706707,38.17870779786877,2.477341126552141,High
2024-08-08,195.83189392089844,195.83189392089844,0.3011773815567593,0.053399999999999996,28.27827591259046,11.58705710972285,39.86533302231331,2.4405054402348454,High
2024-08-09,197.50173950195312,197.50173950195312,0.3028861807761416,0.0533,28.63745214506463,11.783496483488705,40.42094862855333,2.430301751707743,Medium
2024-08-12,197.8760223388672,197.8760223388672,0.2998903043770337,0.0533,28.467576848715936,11.648903155736306,40.11648000445224,2.443798911204576,Medium
2024-08-13,199.5554656982422,199.5554656982422,0.2883620171968603,0.053200000000000004,27.829796402943387,11.14785265416323,38.97764905710662,2.4964266452293113,Medium
2024-08-14,201.76271057128903,201.76271057128903,0.2846173634598095,0.053200000000000004,27.852076785943595,11.071680703347155,38.92375748929075,2.515614163035197,Medium
2024-08-15,203.0198974609375,203.0198974609375,0.2800054657730935,0.053399999999999996,27.691861151986146,10.877034549946345,38.56889570193249,2.545901736804058,Low
2024-08-16,205.34231567382807,205.34231567382807,0.2589532075843039,0.0533,26.36673403416063,9.873268618127085,36.240002652287714,2.670517237397141,Low
2024-08-19,206.7626190185547,206.7626190185547,0.2596725502709159,0.053099999999999994,26.58442307895318,9.997087886851574,36.58151096580475,2.659216701887526,Low
2024-08-20,205.87014770507807,205.87014770507807,0.2603494566923581,0.0529,26.50158171449948,10.006991884340522,36.50857359884,2.648306506171008,Medium
2024-08-21,205.9469146728516,205.9469146728516,0.2603452153319837,0.0526,26.48013717567035,10.035279666602861,36.51541684227321,2.6387044562191457,Medium
2024-08-22,207.89505004882807,207.89505004882807,0.259636586847299,0.0528,26.69588082504434,10.074846006055395,36.770726831099736,2.649755719243651,Medium
2024-08-23,209.5073089599609,209.5073089599609,0.2603761130887541,0.0525,26.929860865585866,10.218884305420488,37.148745171006354,2.63530343046366,Medium
2024-08-26,210.3326416015625,210.3326416015625,0.2548901075953284,0.0524,26.589782818634546,9.964616665560996,36.55439948419554,2.6684200417395156,Medium
2024-08-27,211.30191040039065,211.30191040039065,0.2533492316933765,0.052300000000000006,26.57877530430963,9.933550254641517,36.51232555895115,2.6756572044209994,Low
2024-08-28,212.3671417236328,212.3671417236328,0.2448060224885251,0.0521,26.006740407879533,9.525117408302606,35.53185781618214,2.730332792035787,Medium
2024-08-29,213.25006103515625,213.25006103515625,0.2406669776681932,0.052199999999999996,25.792961715137523,9.325556125921466,35.11851784105899,2.765836306903241,Low
2024-08-30,215.7356109619141,215.7356109619141,0.2245635295927648,0.0521,24.774613988403786,8.537710643634185,33.31232463203797,2.9017865587745146,Low
2024-09-03,211.4170684814453,211.4170684814453,0.1715671111263198,0.0519,20.071589087466208,5.518095789157584,25.589684876623792,3.6374122259538413,Medium
2024-09-04,210.4862060546875,210.4862060546875,0.1469546814082602,0.0518,18.06800121289956,4.222627216379543,22.290628429279103,4.278853018995829,High
2024-09-05,208.8547515869141,208.8547515869141,0.1306334956463227,0.051500000000000004,16.657792306583104,3.3941511959118884,20.051943502494993,4.907793243461491,Medium
2024-09-06,203.8932037353516,203.8932037353516,0.1625114319058815,0.0513,18.60683632418923,4.902136719386576,23.508973043575807,3.7956583810901097,High
2024-09-09,208.0677947998047,208.0677947998047,0.1652378159258822,0.051100000000000007,19.173804333475445,5.157598486926133,24.33140282040158,3.7175837518330748,Medium
2024-09-10,197.2714080810547,197.2714080810547,0.2537150299600847,0.0506,24.672261341448817,9.427276448462038,34.099537789910855,2.617114441941908,Medium
2024-09-11,198.87405395507807,198.87405395507807,0.2552188877387923,0.051,25.025795389249467,9.550545801338941,34.57634119058841,2.620352376692541,Medium
2024-09-12,198.26947021484372,198.26947021484372,0.2536603862718605,0.0506,24.792988446899514,9.472120006488808,34.26510845338832,2.6174698409559056,Medium
2024-09-13,196.0814208984375,196.0814208984375,0.2527967415143732,0.049699999999999994,24.366589742503777,9.394209881426434,33.76079962393021,2.5937880939491964,Medium
2024-09-16,199.47866821289065,199.47866821289065,0.259694971764406,0.0496,25.300018014339983,9.92829052581132,35.2283085401513,2.548275349977484,Medium
2024-09-17,200.8126373291016,200.8126373291016,0.2574068610448383,0.0495,25.285069683548116,9.881499461858738,35.166569145406854,2.558829232460629,Medium
2024-09-18,199.16197204589844,199.16197204589844,0.2568558603703239,0.0484,24.926173416514033,9.860806053884104,34.78697947039814,2.527802826696483,Medium
2024-09-19,201.9930419921875,201.9930419921875,0.2624389255514015,0.048,25.668349000885726,10.333026153751518,36.001375154637245,2.484107619486335,Medium
2024-09-20,202.57846069335935,202.57846069335935,0.2627387955286622,0.0475,25.71558673634702,10.421072762024622,36.13665949837164,2.467652546296103,Medium
2024-09-23,202.9143524169922,202.9143524169922,0.2603069987690166,0.0472,25.54051592117169,10.332612434258351,35.87312835543004,2.471835277251926,Medium
2024-09-24,203.0582733154297,203.0582733154297,0.2584190480145402,0.046900000000000004,25.38265756479403,10.26341280766863,35.64607037246266,2.4731205925799444,Low
2024-09-25,201.71473693847656,201.71473693847656,0.2582194712277317,0.046900000000000004,25.199409464738025,10.184816009268374,35.3842254740064,2.474213519596828,Low
2024-09-26,201.3212738037109,201.3212738037109,0.2571077621535672,0.046799999999999994,25.05516305514979,10.113866883082736,35.169029938232526,2.4773079717965305,Low
2024-09-27,202.01223754882807,202.01223754882807,0.2565913555484808,0.046799999999999994,25.101498401295174,10.120884678541003,35.22238307983618,2.480168404103754,Medium
2024-09-30,202.35769653320312,202.35769653320312,0.2559473885610652,0.0473,25.145301951845227,10.061833488224394,35.20713544006962,2.4990775271001433,Medium
2024-10-01,198.6917266845703,198.6917266845703,0.2561521674167498,0.0471,24.68541740332772,9.9067338810368,34.59215128436452,2.4917816204369707,Medium
2024-10-02,198.931640625,198.931640625,0.2496418450466095,0.046900000000000004,24.20326354855547,9.591696460161629,33.7949600087171,2.5233558681805515,Medium
2024-10-03,196.9547119140625,196.9547119140625,0.2508120472411362,0.046799999999999994,24.040445100246018,9.565542309580536,33.605987409826554,2.5132338891196886,Medium
2024-10-04,203.94537353515625,203.94537353515625,0.2824558345137122,0.0473,27.39791072689681,11.578297163942452,38.97620789083926,2.3663160773088783,Medium
2024-10-07,203.6653289794922,203.6653289794922,0.2699266221369491,0.04769999999999999,26.429969804128092,10.848853589605156,37.27882339373325,2.4361993261160797,High
2024-10-08,203.49154663085935,203.49154663085935,0.2596108133796059,0.0475,25.58965946095134,10.299126598858464,35.8887860598098,2.4846436457813468,High
2024-10-09,206.0695953369141,206.0695953369141,0.1810420395931735,0.0475,19.79352058957501,6.191382898037062,25.984903487612073,3.1969466136314098,Medium
2024-10-10,205.5095672607422,205.5095672607422,0.1803902334863928,0.0475,19.689520643776447,6.140189876324499,25.829710520100946,3.206663155433646,Medium
2024-10-11,214.6341094970703,214.6341094970703,0.2303808498204984,0.0473,24.5884196961144,9.222110121196877,33.81052981731128,2.6662465935641233,Medium
2024-10-14,213.85198974609372,213.85198974609372,0.2257203665173259,0.0473,24.121232935644443,8.926341831219545,33.04757476686399,2.7022528816095006,Medium
2024-10-15,214.73068237304688,214.73068237304688,0.2206865233584208,0.0473,23.81110684817297,8.679188080956578,32.49029492912955,2.743471696438755,Medium
2024-10-16,215.9376220703125,215.9376220703125,0.2205259718010375,0.0472,23.920669942385942,8.727341662806793,32.648011605192735,2.740888447661946,Medium
2024-10-17,216.6907501220703,216.6907501220703,0.2163810630000207,0.047400000000000005,23.686733372307387,8.505447508862375,32.19218088116976,2.784889724805973,Medium
2024-10-18,217.6080017089844,217.6080017089844,0.2132552116971852,0.0473,23.518521063977502,8.37190107761674,31.890422141594243,2.8092210892048195,Medium
2024-10-21,215.3196563720703,215.3196563720703,0.218803179466318,0.0473,23.722966122534643,8.59665190886939,32.31961803140403,2.7595587647394493,Medium
2024-10-22,216.40106201171875,216.40106201171875,0.2188705197085758,0.0472,23.836428527940825,8.652107116999801,32.488535644940626,2.7549853701078924,Medium
2024-10-23,215.71554565429688,215.71554565429688,0.2198079290427745,0.0473,23.848593296670884,8.669284865234317,32.5178781619052,2.750929709589869,Medium
2024-10-24,217.2314453125,217.2314453125,0.217431962260001,0.047,23.787150992050357,8.620352949945769,32.407503941996126,2.7594172918639024,Medium
2024-10-25,214.65342712402344,214.65342712402344,0.223277267803452,0.0473,24.01304727959814,8.822024151874729,32.83507143147287,2.7219430446124133,Medium
2024-10-28,217.73355102539065,217.73355102539065,0.2266264284427211,0.047,24.600264476872397,9.166093978394969,33.766358455267365,2.6838328883444453,Medium
2024-10-29,215.2230987548828,215.2230987548828,0.2326105893302683,0.047,24.804866516012225,9.39960615461247,34.204472670624696,2.6389261537133932,Medium
2024-10-30,216.68109130859372,216.68109130859372,0.2196425662091931,0.0467,23.87461638344972,8.749673378871293,32.62428976232101,2.728629441311733,Medium
2024-10-31,214.27685546875,214.27685546875,0.2258039205597324,0.0464,24.07699172046854,9.025230970787462,33.102222691256,2.6677424432017385,High
2024-11-01,215.26171875,215.26171875,0.2203829272195808,0.0461,23.712009507576354,8.785140355917974,32.49714986349433,2.699104231340268,High
2024-11-04,212.21055603027344,212.21055603027344,0.1990011702491627,0.04650000000000001,21.703613603319823,7.439983265285306,29.14359686860513,2.917158927572875,High
2024-11-05,213.86166381835935,213.86166381835935,0.1996236581420869,0.0464,21.91143804325752,7.540657103985083,29.452095147242602,2.905773030267849,Medium
2024-11-06,238.55099487304688,238.55099487304688,0.4201308501531154,0.0464,44.431905788991585,22.454710785769848,66.88661657476143,1.9787342715252996,Medium
2024-11-07,228.2388458251953,228.2388458251953,0.4560861097624091,0.0463,45.606817713928564,23.705012044852367,69.31182975878093,1.9239314296755339,Low
2024-11-08,228.81817626953125,228.81817626953125,0.4553472407777695,0.0463,45.65869491512353,23.71965356284055,69.37834847796408,1.92493093519093,Low
2024-11-11,231.04861450195312,231.04861450195312,0.4340676245038072,0.0463,44.24411410968642,22.626739249424915,66.87085335911134,1.9553906385698476,Low
2024-11-12,231.30931091308597,231.30931091308597,0.4333896054942645,0.0463,44.234660479071906,22.61002970099875,66.84469018007066,1.9564176192620362,Low
2024-11-13,232.8542022705078,232.8542022705078,0.4335070834554945,0.046,44.51003234001233,22.801832465744923,67.31186480575725,1.952037513076176,Low
2024-11-14,233.5397491455078,233.5397491455078,0.4334701031453563,0.0461,44.64797431821202,22.855458406852662,67.50343272506468,1.9534928384908437,Low
2024-11-15,236.8612823486328,236.8612823486328,0.4349574888502746,0.046,45.40607121459051,23.286773233196996,68.69284444778751,1.9498653059351667,Medium
2024-11-18,236.5909118652344,236.5909118652344,0.4353567368678045,0.0463,45.42088107145263,23.25164364217447,68.6725247136271,1.9534481850163479,Low
2024-11-19,234.71771240234372,234.71771240234372,0.4343456360330879,0.0462,44.96120523487413,23.01486339160354,67.97606862647767,1.9535725443965581,Medium
2024-11-20,232.4873046875,232.4873046875,0.4368847646640108,0.0462,44.75743012569146,22.95516948399478,67.71259960968624,1.9497756336278869,Medium
2024-11-21,236.3302154541016,236.3302154541016,0.4384229728394423,0.0463,45.64510362870777,23.42119041812566,69.06629404683343,1.9488805997402687,Medium
2024-11-22,239.98968505859372,239.98968505859372,0.4400157842976943,0.0463,46.49655100931304,23.886809503448546,70.38336051276158,1.9465366859730813,Low
2024-11-25,241.6697540283203,241.6697540283203,0.4358384148106955,0.0462,46.429474005590706,23.793707493899504,70.22318149949021,1.951334150741107,Low
2024-11-26,241.36077880859372,241.36077880859372,0.4352955864198113,0.0461,46.310016252482214,23.73955702163768,70.0495732741199,1.9507531758184216,Low
2024-11-27,241.1869659423828,241.1869659423828,0.4317159311918342,0.046,45.93923489511029,23.501417044778705,69.440651939889,1.9547431887864217,Low
2024-11-29,241.1194000244141,241.1194000244141,0.4321304110857786,0.0458,45.94319977949338,23.544835533898606,69.48803531339199,1.9513068890775134,Low
2024-12-02,237.76890563964844,237.76890563964844,0.4335827031794645,0.0451,45.36314919259375,23.390557108263494,68.75370630085725,1.9393787408581094,Low
2024-12-03,236.38815307617188,236.38815307617188,0.4351906284196408,0.0449,45.223196254062955,23.379953563107122,68.60314981717008,1.9342722872394336,Low
2024-12-04,235.01705932617188,235.01705932617188,0.4315741537587321,0.0447,44.618305009236366,23.037692015648304,67.65599702488467,1.936752387302056,Low
2024-12-05,237.02540588378903,237.02540588378903,0.4316461675091056,0.0446,44.99574369952677,23.250556863502396,68.24630056302917,1.9352544527722224,Low
2024-12-06,238.8406524658203,238.8406524658203,0.2073594977403198,0.044199999999999996,24.894739378579544,9.107914608167292,34.002653986746836,2.733308386121211,Low
2024-12-09,235.41293334960935,235.41293334960935,0.1430099017573726,0.044199999999999996,18.839672405571662,5.070944756385799,23.91061716195746,3.7152194138670147,Low
2024-12-10,234.4956512451172,234.4956512451172,0.1441428713610593,0.0441,18.851588395736172,5.125658133355913,23.977246529092085,3.6778864109287577,Low
2024-12-11,235.14259338378903,235.14259338378903,0.1409343575205384,0.0438,18.58345601407902,4.974339921665674,23.557795935744693,3.7358637139249398,Low
2024-12-12,233.21145629882807,233.21145629882807,0.1443890198670429,0.0435,18.690466246647844,5.159238314227807,23.84970456087565,3.62271814331672,Low
2024-12-13,231.6762237548828,231.6762237548828,0.1444448785245617,0.0434,18.55914519078752,5.13638735605781,23.695532546845328,3.6132682183517617,Low
2024-12-16,231.32861328125,231.32861328125,0.1440311530088032,0.0437,18.5349560035761,5.081112759480376,23.616068763056475,3.6478143432250043,Low
2024-12-17,230.150634765625,230.150634765625,0.1346071936008803,0.0438,17.649886443856047,4.505932393893616,22.155818837749663,3.917033124548197,Medium
2024-12-18,222.435791015625,222.435791015625,0.1759606815209098,0.0436,20.471549142757823,6.709096280680626,27.18064542343845,3.051312469863828,High
2024-12-19,224.9366149902344,224.9366149902344,0.18148718788863,0.0435,21.15879388612916,7.115599632003352,28.274393518132513,2.9735784727073007,High
2024-12-20,229.41680908203125,229.41680908203125,0.1940894717912742,0.0434,22.661986804042044,8.020792338685183,30.682779142727227,2.8254050032863627,Medium
2024-12-23,230.1796112060547,230.1796112060547,0.1846937820029111,0.0436,21.943185695453153,7.464913493200498,29.40809918865365,2.9395097097160408,Medium
2024-12-24,233.96458435058597,233.96458435058597,0.1857898436378705,0.044000000000000004,22.450832320482135,7.619151822606497,30.069984143088632,2.9466314418186443,Low
2024-12-26,234.76600646972656,234.76600646972656,0.1842169500244922,0.0435,22.325570540932986,7.59335035143512,29.918920892368106,2.940147564337463,Low
2024-12-27,232.86387634277344,232.86387634277344,0.1856946701991934,0.0431,22.225210617876144,7.656815335765458,29.8820259536416,2.9026703196119685,Medium
2024-12-30,231.0775909423828,231.0775909423828,0.1867985592137506,0.0437,22.224979500969212,7.612054549949249,29.83703405091846,2.919708385578686,Medium
