Date,JPM_Close,VIX_Close,Yield_3M,Yield_1Y,Yield_2Y,Yield_10Y,Log_Return,RealVol_10d,RealVol_30d,RealVol_60d,VIX_Regime,Rate_Momentum,Yield_Spread,VIX_JPM_Corr
2018-04-04,88.38227844238281,20.059999465942383,1.71,2.07,2.28,2.79,0.015069239145042948,0.3695092946474256,0.2770804846568958,0.256082898523161,Medium,-0.10000000000000009,0.5100000000000002,-0.8790330421424349
2018-04-05,89.54277801513672,18.940000534057617,1.72,2.07,2.3,2.83,0.013044998302719456,0.3782478737146783,0.2816833320783021,0.25730412009287346,Medium,-0.020000000000000018,0.5300000000000002,-0.8875274829150396
2018-04-06,87.3098373413086,21.489999771118164,1.73,2.06,2.27,2.77,-0.025253336921575175,0.3333636499584635,0.2937882547081393,0.26096698378350286,High,0.010000000000000009,0.5,-0.8914397967398332
2018-04-09,88.3582763671875,21.770000457763672,1.76,2.08,2.29,2.78,0.011936730607115066,0.3014890923800163,0.29777067105097366,0.26168574022949354,High,0.020000000000000018,0.48999999999999977,-0.8886885798327848
2018-04-10,90.0470199584961,20.469999313354492,1.74,2.09,2.32,2.8,0.018932106460964434,0.27759333853080165,0.2874386591183254,0.2642989159697616,Medium,-0.050000000000000044,0.48,-0.8789855888064174
2018-04-11,88.53435516357422,20.239999771118164,1.73,2.09,2.32,2.79,-0.016941307262409448,0.27195685035118666,0.2920391473459435,0.2664633151229098,Medium,-0.040000000000000036,0.4700000000000002,-0.8944020732326707
2018-04-12,90.73531341552734,18.489999771118164,1.75,2.11,2.34,2.83,0.024555953781785274,0.2912837887161372,0.30452813730358974,0.2700386060703089,Medium,0.020000000000000018,0.4900000000000002,-0.9117515060589346
2018-04-13,88.27825927734375,17.40999984741211,1.76,2.12,2.37,2.82,-0.027452761412007986,0.32350730650455034,0.3163745253861081,0.27556924998793103,Medium,0.030000000000000027,0.44999999999999973,-0.9135689354505474
2018-04-16,88.20621490478516,16.559999465942383,1.79,2.12,2.39,2.83,-0.0008164386912147741,0.3037275893815075,0.3160213926833569,0.27355525991480106,Medium,0.020000000000000018,0.43999999999999995,-0.8721715018467657
2018-04-17,88.20621490478516,15.25,1.8,2.16,2.41,2.82,0.0,0.2976028087263664,0.31582826001107017,0.2734740343208026,Low,0.050000000000000044,0.4099999999999997,-0.8146400645134549
2018-04-18,87.49390411376953,15.600000381469727,1.81,2.17,2.42,2.87,-0.00810830063787858,0.2902462949120842,0.31587506803231846,0.27358800652579784,Low,0.10000000000000009,0.4500000000000002,-0.7545993317894296
2018-04-19,89.41474914550781,15.960000038146973,1.82,2.21,2.44,2.92,0.021716524162640843,0.3048985617349432,0.3263171321111132,0.27710960428846315,Medium,0.10000000000000009,0.48,-0.7400619829471079
2018-04-20,89.21466064453125,16.8799991607666,1.81,2.22,2.46,2.96,-0.0022402647458241607,0.27193510568074547,0.32627174123311303,0.2771105321074972,Medium,0.08000000000000007,0.5,-0.7257315717070573
2018-04-23,88.78245544433594,16.34000015258789,1.87,2.25,2.49,2.98,-0.004856326429503616,0.2680661398028579,0.28993697469110535,0.27622828516342723,Medium,0.1100000000000001,0.48999999999999977,-0.6793344125233824
2018-04-24,88.36627197265625,18.020000457763672,1.87,2.25,2.48,3.0,-0.004698698584494352,0.24801601868416165,0.27278202209306057,0.2763595989429191,Medium,0.13000000000000012,0.52,-0.6547260782777493
2018-04-25,88.03013610839844,17.84000015258789,1.85,2.26,2.49,3.03,-0.0038111464374393955,0.2340621721708644,0.2525061547957921,0.2751343112160825,Medium,0.1200000000000001,0.5399999999999996,-0.6280802247011398
2018-04-26,88.11817932128906,16.239999771118164,1.82,2.25,2.49,3.0,0.0009996487335986006,0.18873811757890904,0.2421335092690288,0.2751489954221056,Medium,0.07000000000000006,0.5099999999999998,-0.5965214378665568
2018-04-27,87.55793762207031,15.40999984741211,1.82,2.24,2.49,2.96,-0.006378141869447685,0.13367628698324882,0.24336666129644163,0.2750999223558424,Low,0.06000000000000005,0.46999999999999975,-0.5318868458992876
2018-04-30,87.06169891357422,15.930000305175781,1.87,2.24,2.49,2.95,-0.005683668277160822,0.135888012538577,0.2359869973262191,0.2752667163020149,Medium,0.08000000000000007,0.45999999999999996,-0.44498446638566846
2018-05-01,87.06169891357422,15.489999771118164,1.85,2.26,2.5,2.97,0.0,0.135888012538577,0.22544169549812265,0.27473458277096324,Low,0.050000000000000044,0.4700000000000002,-0.42264353755128553
2018-05-02,86.37342834472656,15.970000267028809,1.84,2.24,2.49,2.97,-0.007936964015084688,0.13565037791168172,0.2221514370110833,0.27485239229593084,Medium,0.030000000000000027,0.48,-0.3774630731815482
2018-05-03,85.82919311523438,15.899999618530273,1.84,2.24,2.49,2.94,-0.006320891481129006,0.04571594447234376,0.21567469645061083,0.2740754643792546,Medium,0.020000000000000018,0.44999999999999973,-0.31147940088730797
2018-05-04,86.78158569335938,14.770000457763672,1.84,2.24,2.51,2.95,0.011035258048564846,0.08892860653233882,0.21408568704782818,0.27175002234478773,Low,0.030000000000000027,0.4400000000000004,-0.26591816489394576
2018-05-07,87.53390502929688,14.75,1.86,2.25,2.49,2.95,0.008631751589137114,0.10446680165716431,0.1982946301709213,0.2539187049455496,Low,-0.010000000000000009,0.45999999999999996,-0.11791017946696992
2018-05-08,88.8304672241211,14.710000038146973,1.87,2.26,2.51,2.97,0.014703486164383451,0.12974322899423743,0.20059004347861886,0.24841105392934504,Low,0.0,0.4600000000000004,-0.14826110328301234
2018-05-09,90.767333984375,13.420000076293945,1.88,2.27,2.54,3.0,0.021569772473795813,0.16402845688311005,0.20386609489149746,0.25181130833197135,Low,0.029999999999999805,0.45999999999999996,-0.1806601958413864
2018-05-10,91.47164154052734,13.229999542236328,1.9,2.27,2.54,2.97,0.0077295327273559766,0.16513455537389538,0.1951840492003305,0.23472014977551273,Low,0.07999999999999985,0.43000000000000016,-0.20243279713184875
2018-05-11,91.12749481201172,12.649999618530273,1.92,2.28,2.54,2.97,-0.003769427861231876,0.16113195426726024,0.17693530232278895,0.23175234143140053,Low,0.09999999999999987,0.43000000000000016,-0.2791250539937058
2018-05-14,91.15949249267578,12.930000305175781,1.93,2.28,2.55,3.0,0.0003510692832860264,0.1536557261722226,0.1456155244398949,0.22981648220100517,Low,0.05999999999999983,0.4500000000000002,-0.2427558967486379
2018-05-15,90.46318817138672,14.630000114440918,1.92,2.31,2.58,3.08,-0.007667629727724054,0.164519179381742,0.14890315886216107,0.23006823758780084,Low,0.06999999999999984,0.5,-0.2242115563917454
2018-05-16,90.71131134033203,13.420000076293945,1.92,2.32,2.58,3.09,0.0027390535063256767,0.15133497994205466,0.14892660993801204,0.22547341898473794,Low,0.07999999999999985,0.5099999999999998,-0.2670801364299312
2018-05-17,90.40716552734375,13.430000305175781,1.92,2.32,2.57,3.11,-0.003358531985677402,0.14581471203668547,0.14601275220062085,0.2253897222356195,Low,0.07999999999999985,0.54,-0.32484314717135443
2018-05-18,88.9425277709961,13.420000076293945,1.91,2.32,2.55,3.06,-0.01633312317959465,0.17660319701378577,0.13916059312451615,0.22726142029272092,Low,0.06999999999999984,0.5100000000000002,-0.28039452153596606
2018-05-21,89.75887298583984,13.079999923706055,1.93,2.35,2.58,3.06,0.009136480073441889,0.17711454951450517,0.14264941394792038,0.2280611655608508,Low,0.06999999999999984,0.48,-0.30772141495139504
2018-05-22,90.4471664428711,13.220000267028809,1.93,2.34,2.59,3.06,0.007638998185446167,0.1667434122469591,0.14353429510362828,0.22844092284679332,Low,0.05999999999999983,0.4700000000000002,-0.4460409915067938
2018-05-23,90.031005859375,12.579999923706055,1.92,2.29,2.53,3.01,-0.004611763470063563,0.12687323904762174,0.14349199575332305,0.22858829651903095,Low,0.040000000000000036,0.48,-0.503983206362543
2018-05-24,89.0225601196289,12.529999732971191,1.91,2.28,2.5,2.98,-0.01126429844850071,0.12688647210950582,0.1487927368147581,0.2258341684149324,Low,0.010000000000000009,0.48,-0.6282197173930285
2018-05-25,88.56635284423828,13.220000267028809,1.9,2.27,2.48,2.93,-0.005137801356158569,0.12739012940252145,0.15006416665104175,0.22440579527337906,Low,-0.020000000000000018,0.4500000000000002,-0.6184552477704555
2018-05-29,84.78070831298828,17.020000457763672,1.93,2.17,2.32,2.77,-0.04368400013688219,0.2391603304511993,0.21317417525144178,0.23916642743549646,Medium,0.0,0.4500000000000002,-0.6493674991006841
2018-05-30,86.71757507324219,14.9399995803833,1.94,2.23,2.42,2.84,0.02258855397652251,0.28207495216601614,0.22820870557678724,0.24212779954545716,Low,0.020000000000000018,0.41999999999999993,-0.6369764463957478
2018-05-31,85.6451187133789,15.430000305175781,1.93,2.23,2.4,2.83,-0.012444342525221834,0.28187115643609145,0.23211723463205775,0.2407628557989845,Low,0.010000000000000009,0.43000000000000016,-0.6233827238163687
2018-06-01,86.7575912475586,13.460000038146973,1.92,2.28,2.47,2.89,0.012905690116059887,0.29714099246206055,0.2352295452415782,0.24232775081474034,Low,0.0,0.41999999999999993,-0.5989836094342034
2018-06-04,86.79757690429688,12.739999771118164,1.94,2.3,2.52,2.94,0.00046078325262875134,0.2896802502773721,0.23402668256306028,0.24018903848297096,Low,0.030000000000000027,0.41999999999999993,-0.5791483117666061
2018-06-05,86.30937957763672,12.399999618530273,1.94,2.32,2.49,2.92,-0.005640427524009896,0.2825538165870664,0.23171669173408532,0.2403514855890754,Low,0.010000000000000009,0.4299999999999997,-0.5213460946412708
2018-06-06,88.3262710571289,11.640000343322754,1.95,2.32,2.52,2.97,0.02309930592173762,0.3096231944508721,0.24381561931250928,0.24503905797712838,Low,0.020000000000000018,0.4500000000000002,-0.5430533916241438
2018-06-07,88.67842102050781,12.130000114440918,1.94,2.31,2.5,2.93,0.003978995402442518,0.31088454372153573,0.2386807094723312,0.2452028644523401,Low,0.020000000000000018,0.43000000000000016,-0.5771066661922254
2018-06-08,88.92650604248047,12.180000305175781,1.93,2.3,2.5,2.93,0.002793674561014676,0.30651803894720586,0.22573099349351444,0.2382174610778127,Low,0.020000000000000018,0.43000000000000016,-0.589959809508497
2018-06-11,88.70242309570312,12.350000381469727,1.94,2.32,2.52,2.96,-0.002523046969163898,0.30559629881699385,0.22353242409259097,0.23819353449504613,Low,0.040000000000000036,0.43999999999999995,-0.580149923647473
2018-06-12,88.1902084350586,12.34000015258789,1.92,2.31,2.54,2.96,-0.005791265445010996,0.1911801221604702,0.2239045916666603,0.23732557165218118,Low,-0.010000000000000009,0.41999999999999993,-0.5536531580488693
2018-06-13,88.01415252685547,12.9399995803833,1.94,2.35,2.59,2.98,-0.0019983156583471295,0.16158868941204457,0.22379979302547473,0.23638519851613135,Low,0.0,0.3900000000000001,-0.5322390319475433
2018-06-14,86.46143341064453,12.119999885559082,1.94,2.35,2.59,2.94,-0.017799167726279073,0.17609718832419258,0.22988885261881548,0.2387684029460874,Low,0.010000000000000009,0.3500000000000001,-0.43611855058529436
2018-06-15,86.35740661621094,11.979999542236328,1.94,2.35,2.55,2.93,-0.0012038827130369878,0.16303167311341119,0.22923614908859788,0.23870669949252057,Low,0.020000000000000018,0.38000000000000034,-0.30998636919855665
2018-06-18,86.58151245117188,12.3100004196167,1.94,2.35,2.56,2.92,0.0025917354128780867,0.1637190193197869,0.22982970597348226,0.2383929718046534,Low,0.0,0.3599999999999999,-0.24207544668527245
2018-06-19,86.0772705078125,13.350000381469727,1.94,2.34,2.54,2.89,-0.005840923563726252,0.1639068679375767,0.2244294526445758,0.23857395842974974,Low,0.0,0.3500000000000001,-0.22429961490594716
2018-06-20,86.06927490234375,12.789999961853027,1.94,2.36,2.56,2.93,-9.28930110731867e-05,0.10034799168085647,0.22114052449471827,0.23855209062348004,Low,-0.010000000000000009,0.3700000000000001,-0.22033884688683159
2018-06-21,86.04528045654297,14.640000343322754,1.94,2.34,2.56,2.9,-0.00027881948631468473,0.09466060278696767,0.2184774981725492,0.22299614973096232,Low,0.0,0.33999999999999986,-0.27759017712753487
2018-06-22,84.63666534423828,13.770000457763672,1.93,2.33,2.56,2.9,-0.016506105401608233,0.10986349101557591,0.22383100258572278,0.2187816993638414,Low,0.0,0.33999999999999986,-0.30914084124339536
2018-06-25,83.86833190917969,17.329999923706055,1.93,2.34,2.54,2.87,-0.009119477433160394,0.11077956551120635,0.22294778881070065,0.21052046974776348,Medium,-0.010000000000000009,0.33000000000000007,-0.4339363821565649
2018-06-26,83.92434692382812,15.920000076293945,1.93,2.33,2.53,2.88,0.0006676693776974953,0.11513312161229446,0.2231008898420953,0.2070151094062877,Medium,0.010000000000000009,0.3500000000000001,-0.5007428467359217
2018-06-27,82.6277847290039,17.90999984741211,1.93,2.33,2.52,2.83,-0.01556976034220227,0.12509076232447014,0.1735684923759997,0.20921490640081067,Medium,-0.010000000000000009,0.31000000000000005,-0.6572509638677235
2018-06-28,83.98037719726562,16.850000381469727,1.93,2.33,2.52,2.84,0.016237165929634034,0.15150010276098,0.1637029258900743,0.20857760143401663,Medium,-0.010000000000000009,0.31999999999999984,-0.713504645945386
2018-06-29,83.39613342285156,16.09000015258789,1.93,2.33,2.52,2.85,-0.006981220305360889,0.15244973274871695,0.16016816299479747,0.20547482729126276,Medium,-0.010000000000000009,0.33000000000000007,-0.7581409112964922
2018-07-02,84.1004409790039,15.600000381469727,1.98,2.34,2.57,2.87,0.008409864019284901,0.16147829061186753,0.1558546752480546,0.20428127920918315,Low,0.040000000000000036,0.30000000000000027,-0.7747353743810007
2018-07-03,82.92391967773438,16.139999389648438,1.98,2.33,2.53,2.83,-0.014088253427607582,0.17071651770434623,0.16161298543991084,0.20354261533597204,Medium,0.040000000000000036,0.30000000000000027,-0.7976414778079307
2018-07-05,83.46307373046875,14.970000267028809,1.96,2.32,2.55,2.84,0.006480746225790882,0.17768736459611806,0.16377733454773657,0.2021184429909831,Low,0.020000000000000018,0.29000000000000004,-0.8222971567512507
2018-07-06,83.73665618896484,13.369999885559082,1.97,2.34,2.53,2.82,0.0032725256528475786,0.18012961608681977,0.13856827364590815,0.19623870463910742,Low,0.030000000000000027,0.29000000000000004,-0.7984539101511532
2018-07-09,86.32779693603516,12.6899995803833,1.98,2.34,2.57,2.86,0.030474813897135692,0.22758989615064304,0.17882635525260496,0.20440902688330584,Low,0.050000000000000044,0.29000000000000004,-0.7955439283953111
2018-07-10,85.79669189453125,12.640000343322754,1.99,2.36,2.59,2.87,-0.006171193078276799,0.22401764326938778,0.17895013491020628,0.2009105729664168,Low,0.06000000000000005,0.28000000000000025,-0.7976672673759845
2018-07-11,85.61160278320312,13.630000114440918,1.97,2.36,2.58,2.85,-0.0021596292479783142,0.22503233309466966,0.17893366003368602,0.1982311577134381,Low,0.040000000000000036,0.27,-0.8068012946834892
2018-07-12,85.98177337646484,12.579999923706055,1.98,2.39,2.6,2.85,0.004314515813776747,0.2026068618760139,0.17943811892853137,0.19184957577824113,Low,0.050000000000000044,0.25,-0.8206218909881774
2018-07-13,85.58747863769531,12.180000305175781,1.98,2.37,2.59,2.83,-0.00459634145755079,0.19412839216192998,0.179807676698651,0.18426580172069237,Low,0.050000000000000044,0.2400000000000002,-0.8153492474415437
2018-07-16,88.98328399658203,12.829999923706055,2.01,2.39,2.59,2.85,0.03890953697751421,0.2606601712998651,0.2176875213386169,0.200403381250864,Low,0.07999999999999985,0.26000000000000023,-0.8018080652709775
2018-07-17,88.91889953613281,12.0600004196167,2.02,2.39,2.62,2.86,-0.0007238186961136637,0.2627951628833306,0.21762237046205055,0.20041065355118481,Low,0.040000000000000036,0.23999999999999977,-0.8036360335066187
2018-07-18,89.74774932861328,12.100000381469727,2.0,2.43,2.6,2.88,0.009278236802968678,0.23894632002570615,0.21931296791623053,0.20052319260478582,Low,0.020000000000000018,0.2799999999999998,-0.8041629687917697
2018-07-19,88.42803955078125,12.869999885559082,2.0,2.4,2.6,2.84,-0.01481384109731457,0.26499895332749457,0.22532599605231257,0.19803646759212207,Low,0.040000000000000036,0.23999999999999977,-0.7928293260233595
2018-07-20,89.54657745361328,12.859999656677246,1.99,2.41,2.6,2.89,0.012569799548082437,0.26664207642820864,0.22859761955821128,0.19961786223287203,Low,0.020000000000000018,0.29000000000000004,-0.7739211936244115
2018-07-23,91.21228790283203,12.619999885559082,1.99,2.42,2.64,2.96,0.018430715394698403,0.2423296628276995,0.23545010727724142,0.20269674358786338,Low,0.010000000000000009,0.31999999999999984,-0.7421009303018958
2018-07-24,91.85604858398438,12.40999984741211,2.02,2.42,2.63,2.95,0.007033038558891079,0.23341895604837182,0.22504977642888283,0.20284853422012206,Low,0.030000000000000027,0.3200000000000003,-0.7187025035345599
2018-07-25,92.68489074707031,12.289999961853027,2.01,2.42,2.66,2.94,0.00898280608532073,0.2280512572612063,0.22054817193993623,0.20332722295009883,Low,0.039999999999999813,0.2799999999999998,-0.7006885196521413
2018-07-26,92.41931915283203,12.140000343322754,1.99,2.41,2.69,2.98,-0.0028694298914110367,0.23402103068414656,0.22171239783386304,0.203460368654686,Low,0.010000000000000009,0.29000000000000004,-0.6998156013317656
2018-07-27,93.36888122558594,13.029999732971191,2.0,2.43,2.67,2.96,0.010222073728899533,0.22470818392741407,0.2098455466279964,0.20380289578649355,Low,0.020000000000000018,0.29000000000000004,-0.6819367992863733
2018-07-30,93.93217468261719,14.260000228881836,2.04,2.43,2.66,2.98,0.006014863638244805,0.14871499645603475,0.206411044470558,0.20358178488231085,Low,0.03000000000000025,0.31999999999999984,-0.6278394469449416
2018-07-31,92.49980926513672,12.829999923706055,2.03,2.44,2.67,2.96,-0.015366393383116657,0.1804183878944978,0.2145956518456128,0.20625384777659447,Low,0.009999999999999787,0.29000000000000004,-0.6423373159713315
2018-08-01,93.0711441040039,13.149999618530273,2.03,2.45,2.67,3.0,0.006157608545169045,0.17850699296167877,0.21427753332734098,0.2057078187162444,Low,0.029999999999999805,0.33000000000000007,-0.6401539184834082
2018-08-02,93.46543884277344,12.1899995803833,2.02,2.45,2.66,2.98,0.004227538853554868,0.14604142720138216,0.20300324057043415,0.20522457316927206,Low,0.020000000000000018,0.31999999999999984,-0.6672477736399376
2018-08-03,94.22186279296875,11.640000343322754,2.01,2.43,2.63,2.95,0.008060513834686414,0.1416524191025698,0.20315365028793383,0.2047397983210858,Low,0.019999999999999796,0.3200000000000003,-0.6842655606270838
2018-08-06,94.24602508544922,11.270000457763672,2.05,2.44,2.64,2.94,0.0002564075279331426,0.1216994833238311,0.20388887860233973,0.2042062348355099,Low,0.05999999999999983,0.2999999999999998,-0.7117747191431341
2018-08-07,94.59201049804688,10.930000305175781,2.06,2.45,2.68,2.98,0.0036643655889971676,0.11994669952204721,0.1827856668935075,0.20241892523586655,Low,0.040000000000000036,0.2999999999999998,-0.7217644722389416
2018-08-08,94.78514099121094,10.850000381469727,2.06,2.44,2.68,2.96,0.0020396395087713503,0.11511109100334325,0.1790026217936873,0.19807334887999442,Low,0.050000000000000266,0.2799999999999998,-0.7251990662888798
2018-08-09,94.05286407470703,11.270000457763672,2.06,2.44,2.64,2.93,-0.007755648411850928,0.12349290490007933,0.18273293762152976,0.1982568244534053,Low,0.07000000000000006,0.29000000000000004,-0.7152194908560601
2018-08-10,93.12747955322266,13.15999984741211,2.05,2.42,2.61,2.87,-0.009887705544862875,0.12610715445069967,0.18939441130203943,0.19916060288980886,Low,0.04999999999999982,0.26000000000000023,-0.6846325274216483
2018-08-13,91.64683532714844,14.779999732971191,2.06,2.42,2.61,2.88,-0.01602685871260347,0.1428362990889169,0.19964254977899729,0.20183416561084339,Low,0.020000000000000018,0.27,-0.5947892733108107
2018-08-14,92.25839233398438,13.3100004196167,2.08,2.44,2.63,2.89,0.006650808885372526,0.12926230870460592,0.15284713041131526,0.2016302960271544,Low,0.050000000000000266,0.26000000000000023,-0.532681388832469
2018-08-15,91.49392700195312,14.640000343322754,2.07,2.45,2.61,2.86,-0.008320654077467026,0.1295638988626331,0.1565977611406884,0.20230134212521014,Low,0.040000000000000036,0.25,-0.38000876731703365
2018-08-16,92.35494232177734,13.449999809265137,2.07,2.45,2.63,2.87,0.009366623988314188,0.1384227432907346,0.15665436657646475,0.20300745999889122,Low,0.04999999999999982,0.2400000000000002,-0.24722669231153513
2018-08-17,92.35494232177734,12.640000343322754,2.05,2.44,2.61,2.87,0.0,0.12891935109797076,0.14537811463694322,0.20016393354338002,Low,0.040000000000000036,0.26000000000000023,-0.21035342025073023
2018-08-20,92.2342529296875,12.489999771118164,2.06,2.43,2.6,2.82,-0.0013076541031911758,0.12839041448090244,0.14061851070101394,0.19944162840911225,Low,0.010000000000000231,0.21999999999999975,-0.2194958666739485
2018-08-21,92.79752349853516,12.859999656677246,2.08,2.45,2.61,2.85,0.006088384597311811,0.13199427336730074,0.1276993050716032,0.19923788385578722,Low,0.020000000000000018,0.2400000000000002,-0.231567175262325
2018-08-22,92.51591491699219,12.25,2.09,2.43,2.6,2.82,-0.003039270122261841,0.13018321253354848,0.1262839942546027,0.19910165382679335,Low,0.029999999999999805,0.21999999999999975,-0.169950626052596
2018-08-23,92.32278442382812,12.40999984741211,2.08,2.43,2.61,2.82,-0.0020897200005744036,0.12674665273330427,0.12250516199879376,0.19775194683797612,Low,0.020000000000000018,0.20999999999999996,-0.19498361187463276
2018-08-24,92.28251647949219,11.989999771118164,2.09,2.44,2.63,2.82,-0.0004362598991205098,0.11859644483972767,0.12212307918654779,0.19742291188576355,Low,0.040000000000000036,0.18999999999999995,-0.2990292870898516
2018-08-27,93.91606140136719,12.15999984741211,2.12,2.47,2.67,2.85,0.017546716549159222,0.1185386470293116,0.1321274841409568,0.17861777733402484,Low,0.06000000000000005,0.18000000000000016,-0.3109427500371876
2018-08-28,93.45738220214844,12.5,2.13,2.47,2.67,2.88,-0.004895892465867267,0.12121169094840703,0.13156336889536385,0.17390234008471278,Low,0.04999999999999982,0.20999999999999996,-0.3879704940406592
2018-08-29,93.151611328125,12.25,2.13,2.48,2.67,2.89,-0.0032771319526823293,0.1123322573978255,0.12022842698065017,0.17193684700640172,Low,0.06000000000000005,0.2200000000000002,-0.4580870576975821
2018-08-30,92.69295501708984,13.529999732971191,2.11,2.47,2.64,2.86,-0.0049359230808249345,0.10821066369776988,0.11959826699446754,0.17075482973705775,Low,0.040000000000000036,0.21999999999999975,-0.5194765101999766
2018-08-31,92.20205688476562,12.859999656677246,2.11,2.46,2.62,2.86,-0.0053100327665903165,0.11193181819837875,0.11971905490328047,0.1712252325562896,Low,0.06000000000000005,0.23999999999999977,-0.5927302026133139
2018-09-04,92.66075134277344,13.15999984741211,2.13,2.49,2.66,2.9,0.004962549295416287,0.11453601066444616,0.11733692304910152,0.17087707107262198,Low,0.06999999999999984,0.23999999999999977,-0.632021959550678
2018-09-05,92.21011352539062,13.90999984741211,2.14,2.49,2.66,2.9,-0.004875172842851363,0.11266211783569838,0.11810127779737858,0.16532591441781436,Low,0.06000000000000005,0.23999999999999977,-0.6728785398680474
2018-09-06,91.81580352783203,14.649999618530273,2.13,2.5,2.64,2.88,-0.004285381182328403,0.11357665922273764,0.11731948699430977,0.16548242073862704,Low,0.040000000000000036,0.23999999999999977,-0.7026744510052101
2018-09-07,91.99284362792969,14.880000114440918,2.14,2.53,2.71,2.94,0.001926352841222508,0.11404808550383998,0.1172780612224692,0.16544375102808165,Low,0.06000000000000005,0.22999999999999998,-0.7334885285630371
2018-09-10,91.50196838378906,14.15999984741211,2.14,2.54,2.73,2.94,-0.005350302929338732,0.11677766085369282,0.11593004238705515,0.1657527141290235,Low,0.050000000000000266,0.20999999999999996,-0.7537370097002711
2018-09-11,92.08135223388672,13.220000267028809,2.15,2.55,2.76,2.98,0.006311965289059213,0.072414768583136,0.11439831035607204,0.16565506095662244,Low,0.029999999999999805,0.2200000000000002,-0.8440585670863687
2018-09-12,90.99503326416016,13.140000343322754,2.16,2.56,2.74,2.97,-0.011867524217673385,0.08723463398730992,0.10803286615669273,0.16747091208276813,Low,0.03000000000000025,0.22999999999999998,-0.8110250246849814
2018-09-13,91.34908294677734,12.369999885559082,2.15,2.55,2.76,2.97,0.003883318364215238,0.09305111594198694,0.10618602603398584,0.16339095120989633,Low,0.020000000000000018,0.2100000000000004,-0.768176128241575
2018-09-14,91.3330078125,12.069999694824219,2.16,2.56,2.78,2.99,-0.00017599025993213381,0.09184018409393309,0.10227672867033843,0.16335077733142178,Low,0.050000000000000266,0.2100000000000004,-0.7065004057914724
2018-09-17,91.60659790039062,13.680000305175781,2.16,2.57,2.78,2.99,0.002991044949439438,0.0915955693561562,0.09710794325593455,0.16336964459881045,Low,0.050000000000000266,0.2100000000000004,-0.6981319847556137
2018-09-18,91.97677612304688,12.789999961853027,2.17,2.58,2.81,3.05,0.004032813170879383,0.09010783214011867,0.09830812998784441,0.1629076765268822,Low,0.040000000000000036,0.23999999999999977,-0.6629090690983274
2018-09-19,94.64836120605469,11.75,2.16,2.58,2.81,3.08,0.0286324515162944,0.16927879870856716,0.1399364562577079,0.1719653891240136,Low,0.020000000000000018,0.27,-0.6284217204559417
2018-09-20,95.46109771728516,11.800000190734863,2.17,2.58,2.81,3.07,0.008550247496396822,0.16688564810377401,0.14126687300222743,0.17249825449660847,Low,0.040000000000000036,0.2599999999999998,-0.573838527714018
2018-09-21,94.83342742919922,11.680000305175781,2.18,2.58,2.81,3.07,-0.006596853628578231,0.17498675227230695,0.1431834166203982,0.16936951607530837,Low,0.040000000000000036,0.2599999999999998,-0.5739063893487002
2018-09-24,93.92414093017578,12.199999809265137,2.22,2.6,2.83,3.08,-0.009634512041414422,0.1819234152599566,0.1476681909973829,0.1695076237380224,Low,0.08000000000000007,0.25,-0.594501361029959
2018-09-25,93.65856170654297,12.420000076293945,2.21,2.59,2.83,3.1,-0.0028315979815807606,0.18250697679193342,0.14815704431443005,0.16974672705929708,Low,0.06000000000000005,0.27,-0.590574902677971
2018-09-26,92.55613708496094,12.890000343322754,2.2,2.58,2.83,3.06,-0.011840499256654606,0.18245077263091777,0.14085954009783472,0.16835905921767336,Low,0.040000000000000036,0.22999999999999998,-0.5886496552347148
2018-09-27,92.15376281738281,12.40999984741211,2.18,2.58,2.83,3.06,-0.004356830947110921,0.18437016628941802,0.140669203858617,0.16620617494308307,Low,0.03000000000000025,0.22999999999999998,-0.5549698646809134
2018-09-28,90.8019027709961,12.119999885559082,2.19,2.59,2.81,3.05,-0.014778275879172855,0.20056608421762134,0.14876518389885854,0.16853366269538692,Low,0.029999999999999805,0.23999999999999977,-0.4783385569436976
2018-10-01,91.3330078125,12.0,2.23,2.6,2.82,3.09,0.00583201260150194,0.20248157345324264,0.15004402609133805,0.16817325473074363,Low,0.06999999999999984,0.27,-0.4295942994700504
2018-10-02,91.71119689941406,12.050000190734863,2.23,2.61,2.82,3.05,0.00413222178379026,0.20254172876768378,0.14995685831773045,0.16531650329954636,Low,0.06000000000000005,0.22999999999999998,-0.40441896208777844
2018-10-03,92.57223510742188,11.609999656677246,2.23,2.62,2.85,3.15,0.009344784438497782,0.1384174848805513,0.15262242197565842,0.16575891889472164,Low,0.06999999999999984,0.2999999999999998,-0.39651996060107697
2018-10-04,93.40687561035156,14.220000267028809,2.22,2.63,2.87,3.19,0.008975697358046457,0.13935750937422836,0.154628614522859,0.1663779277449943,Low,0.050000000000000266,0.31999999999999984,-0.33438565732391307
2018-10-05,92.88015747070312,14.819999694824219,2.23,2.64,2.88,3.23,-0.005654924388022471,0.13859888115827043,0.15524692565859002,0.15640361350425475,Low,0.04999999999999982,0.3500000000000001,-0.2934296663979096
2018-10-08,93.4473648071289,15.6899995803833,2.23,2.64,2.88,3.23,0.006088301734135525,0.13707200498939376,0.1563775720382443,0.15598889826503384,Medium,0.009999999999999787,0.3500000000000001,-0.2043809824625726
2018-10-09,92.7990951538086,15.949999809265137,2.25,2.65,2.88,3.21,-0.006961445296475105,0.1405549992834009,0.15726617803162052,0.15672265104149008,Medium,0.040000000000000036,0.33000000000000007,-0.14550157544777534
2018-10-10,90.3276138305664,22.959999084472656,2.27,2.67,2.88,3.22,-0.026993674568572976,0.1865673720736067,0.1825069342107334,0.16646442108459608,High,0.06999999999999984,0.3400000000000003,-0.34815678055808913
2018-10-11,87.62110137939453,24.979999542236328,2.27,2.66,2.85,3.14,-0.03042136241725624,0.23394262461946028,0.20630154960191252,0.17750312152228148,High,0.08999999999999986,0.29000000000000004,-0.6093941643629319
2018-10-12,86.66490936279297,21.309999465942383,2.28,2.66,2.85,3.15,-0.010972786702349756,0.23025979765697144,0.20756057346281534,0.16072916768708967,High,0.08999999999999986,0.2999999999999998,-0.690663779673177
2018-10-15,86.17060089111328,21.299999237060547,2.31,2.67,2.85,3.16,-0.0057200030098296375,0.22269498431285867,0.2076646655027023,0.16107790393624669,High,0.08000000000000007,0.31000000000000005,-0.7408163821401811
2018-10-16,88.01815795898438,17.6200008392334,2.3,2.66,2.87,3.16,0.021214071087091908,0.25780744206208683,0.22305926227576728,0.1657242825818269,Medium,0.06999999999999984,0.29000000000000004,-0.743543369488487
2018-10-17,88.9986801147461,17.399999618530273,2.31,2.66,2.89,3.19,0.011078405814830094,0.2604739055676712,0.22672669082048225,0.16460007438694105,Medium,0.08000000000000007,0.2999999999999998,-0.7489955008033257
2018-10-18,87.58869171142578,20.059999465942383,2.32,2.67,2.87,3.17,-0.015969639893488777,0.2559099941399503,0.20330614003114722,0.1657066737540896,Medium,0.09999999999999964,0.2999999999999998,-0.7685641803009374
2018-10-19,87.44285583496094,19.889999389648438,2.31,2.67,2.92,3.2,-0.0016663957127330913,0.2570296218008451,0.19858058911914223,0.16126351945516768,Medium,0.08000000000000007,0.28000000000000025,-0.78418446245616
2018-10-22,86.18682098388672,19.639999389648438,2.34,2.68,2.92,3.2,-0.014468226681616458,0.2505194932470467,0.20163729141887524,0.1628151868502601,Medium,0.10999999999999988,0.28000000000000025,-0.7922251395718248
2018-10-23,85.287353515625,20.709999084472656,2.33,2.67,2.89,3.17,-0.01049109255914852,0.25070156051140063,0.20193092694114279,0.16261496204287054,Medium,0.08000000000000007,0.2799999999999998,-0.8032754257079074
2018-10-24,83.69908142089844,25.229999542236328,2.34,2.64,2.84,3.1,-0.01879818182929669,0.23670484825863153,0.20766898791726798,0.16631029809556178,High,0.06999999999999984,0.26000000000000023,-0.8398323152073868
2018-10-25,84.97132873535156,24.219999313354492,2.34,2.66,2.86,3.14,0.01508588781848113,0.22385901874123582,0.21777325857838664,0.16798839988883907,High,0.06999999999999984,0.28000000000000025,-0.8599200002625782
2018-10-26,83.80442810058594,24.15999984741211,2.33,2.63,2.81,3.08,-0.013828043205217057,0.2271162406443915,0.2203854355725082,0.16906669219921658,High,0.050000000000000266,0.27,-0.8781779393036561
2018-10-29,84.96321105957031,24.700000762939453,2.34,2.64,2.81,3.08,0.01373250434893476,0.24195581082497677,0.22573355254362942,0.1695996324535786,High,0.029999999999999805,0.27,-0.886807765421225
2018-10-30,86.46234130859375,23.350000381469727,2.33,2.66,2.84,3.12,0.017490606809908268,0.23275380340937288,0.23501054982706754,0.1731165522452796,High,0.03000000000000025,0.28000000000000025,-0.8895791396320852
2018-10-31,88.3423080444336,21.229999542236328,2.34,2.69,2.87,3.15,0.02151017411354942,0.2538311436978432,0.24860877067235962,0.17866807947497335,High,0.029999999999999805,0.2799999999999998,-0.8829861332748693
2018-11-01,88.30989074707031,19.34000015258789,2.32,2.67,2.84,3.14,-0.0003670183326213042,0.23928715786227459,0.24538738889638217,0.17774382639195777,Medium,0.0,0.30000000000000027,-0.87819750282146
2018-11-02,87.82366180419922,19.510000228881836,2.33,2.7,2.91,3.22,-0.005521153363183952,0.24118359948602355,0.24215255340010755,0.17794953854638063,Medium,0.020000000000000018,0.31000000000000005,-0.8703747631777509
2018-11-05,88.39901733398438,19.959999084472656,2.36,2.71,2.91,3.2,0.0065298924860670345,0.22750087340685107,0.24409897320101404,0.17835452506403288,Medium,0.020000000000000018,0.29000000000000004,-0.8615271500491408
2018-11-06,88.81229400634766,19.90999984741211,2.35,2.72,2.93,3.22,0.004664232982372926,0.2156154098445077,0.24352752103988956,0.17861785555370902,Medium,0.020000000000000018,0.29000000000000004,-0.8501801679518189
2018-11-07,90.33570861816406,16.360000610351562,2.37,2.74,2.96,3.22,0.01700774009912794,0.18161670371903194,0.2519093243749521,0.18166998154857267,Medium,0.03000000000000025,0.26000000000000023,-0.8425840838303901
2018-11-08,91.06501770019531,16.719999313354492,2.35,2.74,2.98,3.24,0.008040905087378819,0.17690123974320587,0.23555575252075417,0.18149917557344963,Medium,0.010000000000000231,0.26000000000000023,-0.8351902107453167
2018-11-09,90.18175506591797,17.360000610351562,2.36,2.73,2.94,3.19,-0.00974659700693022,0.16422629013701878,0.21110304027680232,0.17972104905159353,Medium,0.029999999999999805,0.25,-0.8429525534277013
2018-11-12,88.28558349609375,20.450000762939453,2.36,2.73,2.94,3.19,-0.021250307646914997,0.21277994399593253,0.22142529183539236,0.1839757142468154,Medium,0.020000000000000018,0.25,-0.8458652514059405
2018-11-13,88.80419158935547,20.020000457763672,2.38,2.72,2.89,3.14,0.005857024501500617,0.19947447868781906,0.22070644539851195,0.1837733666625485,Medium,0.04999999999999982,0.25,-0.8454472075030486
2018-11-14,86.97284698486328,21.25,2.38,2.71,2.86,3.12,-0.020837885149098595,0.20077172693502748,0.22129200003117463,0.18709833846387872,High,0.040000000000000036,0.26000000000000023,-0.8390711888921334
2018-11-15,89.1931381225586,19.979999542236328,2.37,2.7,2.86,3.11,0.025208143431943067,0.2418765049647691,0.23561238652640473,0.19427529630662863,Medium,0.050000000000000266,0.25,-0.813678874415221
2018-11-16,89.1283187866211,18.139999389648438,2.36,2.68,2.81,3.08,-0.0007269942710862315,0.2394451403968107,0.22831373349867617,0.19426959877179506,Medium,0.029999999999999805,0.27,-0.7881132644429448
2018-11-19,89.80900573730469,20.100000381469727,2.38,2.66,2.79,3.06,0.007608141408037126,0.24014270910223123,0.22929449440252228,0.19450411228924336,Medium,0.020000000000000018,0.27,-0.7539375823624224
2018-11-20,87.88040161132812,22.479999542236328,2.39,2.67,2.79,3.06,-0.02170843938387142,0.2657896997147469,0.236805329680407,0.19901857288164,High,0.040000000000000036,0.27,-0.7091599847140334
2018-11-21,87.22404479980469,20.799999237060547,2.41,2.67,2.81,3.06,-0.0074967814810593045,0.24696079188479816,0.23520801615732662,0.19945256530446556,Medium,0.040000000000000036,0.25,-0.7927532542047818
2018-11-23,86.42181396484375,21.520000457763672,2.41,2.67,2.81,3.05,-0.009239915633667365,0.23946082157028992,0.22723051330479038,0.20014502132699136,High,0.06000000000000005,0.23999999999999977,-0.8443013969803008
2018-11-26,88.5367660522461,18.899999618530273,2.41,2.7,2.84,3.07,0.02417778097485251,0.27887121573451057,0.2360779731116539,0.20306623416692712,Medium,0.050000000000000266,0.22999999999999998,-0.8449133526105455
2018-11-27,88.90953063964844,19.020000457763672,2.41,2.7,2.83,3.06,0.004201441705933377,0.25773891043133484,0.22904493320054206,0.20316031992595696,Medium,0.050000000000000266,0.22999999999999998,-0.8476416186707884
2018-11-28,89.89815521240234,18.489999771118164,2.4,2.69,2.81,3.06,0.011058077757631438,0.2619385832674852,0.2276217921531967,0.2044663652637165,Medium,0.020000000000000018,0.25,-0.8660235549066689
2018-11-29,89.18505096435547,18.790000915527344,2.37,2.69,2.81,3.03,-0.007963985371089055,0.23850132916963399,0.22381250340024972,0.20481889460358557,Medium,-0.009999999999999787,0.21999999999999975,-0.8716206445615444
2018-11-30,90.1007080078125,18.06999969482422,2.37,2.7,2.8,3.01,0.01021458715027946,0.20854551179569697,0.21429076403057673,0.20572308731076197,Medium,0.0,0.20999999999999996,-0.8776533080141613
2018-12-03,90.95153045654297,16.440000534057617,2.38,2.72,2.83,2.98,0.009398709666417227,0.21234096000027167,0.21620286077792608,0.20638037981785934,Medium,0.020000000000000018,0.1499999999999999,-0.8902979117703338
2018-12-04,86.89179992675781,20.739999771118164,2.42,2.71,2.8,2.91,-0.04566306663091633,0.31614255478800396,0.27034241972840123,0.22531294976734054,Medium,0.040000000000000036,0.11000000000000032,-0.9105325333496573
2018-12-06,85.23872375488281,21.190000534057617,2.41,2.7,2.75,2.87,-0.019207830896426577,0.3122918269677652,0.2765311906669008,0.2281712002916528,High,0.020000000000000018,0.1200000000000001,-0.9174729607815768
2018-12-07,83.69908142089844,23.229999542236328,2.4,2.68,2.72,2.85,-0.01822783197033269,0.3210904624998941,0.2811890696796589,0.23060347933664307,High,-0.010000000000000231,0.1299999999999999,-0.8996475380729528
2018-12-10,82.13516998291016,22.639999389648438,2.41,2.69,2.72,2.85,-0.018861698228349762,0.3289194076802262,0.27673251479509825,0.2330903736046,High,0.0,0.1299999999999999,-0.8614055276563476
2018-12-11,81.33292388916016,21.760000228881836,2.41,2.7,2.78,2.89,-0.009815402083395586,0.2856532843060406,0.27340378944316973,0.2330649301620476,High,0.0,0.11000000000000032,-0.7933858255134641
2018-12-12,81.85962677001953,21.459999084472656,2.43,2.7,2.77,2.91,0.006455009221695525,0.2886641983361603,0.27589413365855053,0.23278309312500423,High,0.020000000000000018,0.14000000000000012,-0.7690909097774303
2018-12-13,81.94068908691406,20.649999618530273,2.43,2.69,2.75,2.91,0.0009897700512740857,0.27384080613845524,0.2696799315045149,0.23257389205281373,Medium,0.03000000000000025,0.16000000000000014,-0.7551106199608103
2018-12-14,81.26811218261719,21.6299991607666,2.42,2.68,2.73,2.89,-0.008241966197986696,0.2738072902387182,0.2678989591199292,0.23291472793894966,High,0.04999999999999982,0.16000000000000014,-0.7698256410081462
2018-12-17,80.23086547851562,24.520000457763672,2.4,2.66,2.7,2.86,-0.012845418362876823,0.25134780611352864,0.26303986847240546,0.23372806021993467,High,0.029999999999999805,0.1599999999999997,-0.8070714740225308
2018-12-18,79.85005950927734,25.579999923706055,2.39,2.64,2.65,2.82,-0.004757677250777318,0.22710665053777834,0.24089061098270376,0.2334509000743724,High,0.010000000000000231,0.16999999999999993,-0.8362243732439216
2018-12-19,78.83712768554688,25.579999923706055,2.4,2.62,2.63,2.77,-0.012766570500756724,0.13678001174571605,0.2416394131186362,0.22575161458123227,High,-0.020000000000000018,0.14000000000000012,-0.8617514251790798
2018-12-20,78.15644073486328,28.3799991607666,2.39,2.64,2.67,2.79,-0.008671580918329936,0.1261462681153031,0.23675268741880537,0.22482653576364936,High,-0.020000000000000018,0.1200000000000001,-0.8787678814598141
2018-12-21,76.30889892578125,30.110000610351562,2.39,2.62,2.63,2.79,-0.02392290627123358,0.14063091766222358,0.23864787999533116,0.22853824403813572,High,-0.009999999999999787,0.16000000000000014,-0.8942080948180819
2018-12-24,74.6639175415039,36.06999969482422,2.45,2.61,2.55,2.74,-0.02179261836522429,0.14687451610402041,0.24430298354794552,0.23115421828655072,High,0.040000000000000036,0.1900000000000004,-0.8836076619272114
2018-12-26,77.75936126708984,30.40999984741211,2.44,2.61,2.61,2.81,0.040622002092117436,0.2913634801429672,0.29531603107481,0.2475311021296121,High,0.029999999999999805,0.20000000000000018,-0.8870805557637167
2018-12-27,78.6345443725586,29.959999084472656,2.41,2.58,2.56,2.77,0.011192152758581458,0.29725833729972106,0.2822717189563306,0.24845445830000976,High,-0.020000000000000018,0.20999999999999996,-0.8917723412153136
2018-12-28,78.46435546875,28.34000015258789,2.4,2.57,2.52,2.72,-0.0021666475138636455,0.2961893884053391,0.28032724748536086,0.24842967181099346,High,-0.03000000000000025,0.20000000000000018,-0.896808943695156
2018-12-31,79.1045150756836,25.420000076293945,2.45,2.63,2.48,2.69,0.008125502542029515,0.3014932105102286,0.278261685969988,0.2480713418621228,High,0.03000000000000025,0.20999999999999996,-0.8958786179491852
2019-01-02,80.47399139404297,23.219999313354492,2.42,2.6,2.5,2.66,0.017164090200099468,0.31070902987893806,0.28951766039206195,0.25058321101318365,High,0.020000000000000018,0.16000000000000014,-0.8905692329765194
2019-01-03,79.330322265625,25.450000762939453,2.41,2.5,2.39,2.56,-0.014313614299408231,0.31866780178392295,0.2858340951626913,0.2514598534623815,High,0.020000000000000018,0.16999999999999993,-0.885199948241624
2019-01-04,82.2548599243164,21.3799991607666,2.42,2.57,2.5,2.67,0.03620204547754059,0.35882947359749834,0.31743531643773126,0.26203066278013265,High,0.020000000000000018,0.16999999999999993,-0.8822400985648476
2019-01-07,82.31204223632812,21.399999618530273,2.45,2.58,2.53,2.7,0.0006949430725410769,0.35241305995485006,0.2807140569213169,0.2611587595439311,High,0.06000000000000005,0.17000000000000037,-0.888675702815271
2019-01-08,82.15679931640625,20.469999313354492,2.46,2.6,2.58,2.73,-0.001887810050355397,0.3170459284421678,0.27412044685723563,0.26105354833862904,Medium,0.06999999999999984,0.1499999999999999,-0.8802540836512479
2019-01-09,82.0179443359375,19.979999542236328,2.45,2.59,2.56,2.74,-0.0016915514590007806,0.27902921635696953,0.26750395729023596,0.26054340534118414,Medium,0.0,0.18000000000000016,-0.8708170756962986
2019-01-10,82.009765625,19.5,2.43,2.59,2.56,2.74,-9.972352776518513e-05,0.2200745944775537,0.25946382923797057,0.26038126427679825,Medium,-0.009999999999999787,0.18000000000000016,-0.8542756521613608
2019-01-11,81.6176528930664,18.190000534057617,2.43,2.58,2.55,2.71,-0.004792760114064781,0.22274899428241735,0.25766464659236005,0.2554454712020356,Medium,0.020000000000000018,0.16000000000000014,-0.8291067104267295
2019-01-14,82.45906066894531,19.06999969482422,2.45,2.57,2.53,2.71,0.010256362812839004,0.2222804277279627,0.2591657463196388,0.24968752361946933,Medium,0.050000000000000266,0.18000000000000016,-0.821892255846014
2019-01-15,83.0635986328125,18.600000381469727,2.45,2.57,2.53,2.72,0.007304627106303826,0.22199170799379012,0.26028375197521003,0.24938525217689403,Medium,0.0,0.1900000000000004,-0.8219141765876472
2019-01-16,83.73347473144531,19.040000915527344,2.43,2.57,2.55,2.73,0.008032271630098606,0.21237175113620238,0.259383719588449,0.2497706216025548,Medium,0.010000000000000231,0.18000000000000016,-0.836493602679813
2019-01-17,84.07655334472656,18.059999465942383,2.42,2.57,2.56,2.75,0.004088898562394459,0.18652962344453078,0.25422854059738653,0.24605247208581166,Medium,0.009999999999999787,0.18999999999999995,-0.8631809633880029
2019-01-18,85.44081115722656,17.799999237060547,2.41,2.6,2.62,2.79,0.016096135889593192,0.10373918274522645,0.2572525153409889,0.24723283139709837,Medium,-0.009999999999999787,0.16999999999999993,-0.9065365750954212
2019-01-22,84.09288024902344,20.799999237060547,2.43,2.59,2.58,2.74,-0.015901963809694077,0.1434900522168191,0.25992336328961063,0.24721582058512398,Medium,-0.020000000000000018,0.16000000000000014,-0.9227386597275615
2019-01-23,83.8805160522461,19.520000457763672,2.41,2.59,2.58,2.76,-0.002528546955652375,0.1440287464889436,0.25728359435707787,0.24723628982235984,Medium,-0.04999999999999982,0.17999999999999972,-0.9425407813928262
2019-01-24,83.92949676513672,18.889999389648438,2.37,2.58,2.56,2.72,0.000583763906089444,0.14280980831717482,0.23780067939888094,0.24564712019559623,Medium,-0.08000000000000007,0.16000000000000014,-0.9455285421157097
2019-01-25,84.46049499511719,17.420000076293945,2.39,2.6,2.6,2.76,0.006306788004344593,0.14341058986833052,0.21767628065048866,0.24514514823747136,Medium,-0.040000000000000036,0.1599999999999997,-0.948557973839605
2019-01-28,84.86079406738281,18.8700008392334,2.42,2.6,2.6,2.75,0.004728286918463227,0.13684156249227036,0.17722884103208092,0.24237283914583163,Medium,-0.010000000000000231,0.1499999999999999,-0.9457107517476521
2019-01-29,85.09770202636719,19.1299991607666,2.42,2.6,2.56,2.72,0.002787834887542533,0.13217933324432213,0.1754099680093914,0.24054787385772164,Medium,-0.03000000000000025,0.16000000000000014,-0.9418982858932314
2019-01-30,85.29376220703125,17.65999984741211,2.42,2.57,2.52,2.7,0.0023012921225032145,0.1301464251729696,0.17418598681148534,0.23893039223346907,Medium,-0.03000000000000025,0.18000000000000016,-0.9441401551362637
2019-01-31,84.55037689208984,16.56999969482422,2.41,2.55,2.45,2.63,-0.008753791163386447,0.1377636059783467,0.17886829571080567,0.23801509899224185,Medium,-0.020000000000000018,0.17999999999999972,-0.9457485686687406
2019-02-01,84.86079406738281,16.139999389648438,2.4,2.56,2.52,2.7,0.0036646641533405935,0.1375109853568874,0.1715232256889491,0.23545982348928418,Medium,-0.020000000000000018,0.18000000000000016,-0.9470996916614074
2019-02-04,85.1630630493164,15.729999542236328,2.42,2.57,2.53,2.73,0.0035556104361947707,0.11054654644125743,0.16021324639404108,0.23140440672398185,Medium,0.009999999999999787,0.20000000000000018,-0.9496184766437827
2019-02-05,84.78729248046875,15.569999694824219,2.42,2.56,2.53,2.71,-0.004422128803820482,0.07435036418651308,0.10894810858688597,0.23153119904496022,Low,-0.010000000000000231,0.18000000000000016,-0.9472977171296199
2019-02-06,84.7464370727539,15.380000114440918,2.42,2.56,2.52,2.7,-0.00048197380678637405,0.07245331484919394,0.10912619575109432,0.23131919688398075,Low,0.009999999999999787,0.18000000000000016,-0.9425182120571424
2019-02-07,83.63543701171875,16.3700008392334,2.42,2.55,2.48,2.65,-0.013196386961723715,0.1018667866250581,0.11990261877164025,0.2322222768461704,Medium,0.04999999999999982,0.16999999999999993,-0.9126255001527054
2019-02-08,82.80218505859375,15.720000267028809,2.43,2.54,2.45,2.63,-0.01001286733607237,0.10489922778420559,0.12546076263967743,0.23265308308454197,Medium,0.040000000000000036,0.17999999999999972,-0.8710644597818826
2019-02-11,82.41006469726562,15.970000267028809,2.45,2.55,2.48,2.65,-0.004746876798858005,0.0985151269064074,0.126745030604843,0.22981754156163306,Medium,0.03000000000000025,0.16999999999999993,-0.8178014293405291
2019-02-12,83.81513977050781,15.430000305175781,2.43,2.55,2.5,2.68,0.0169060828484744,0.13874159174206638,0.1377202191064647,0.23198055226509487,Low,0.010000000000000231,0.18000000000000016,-0.7530903722848225
2019-02-13,84.21544647216797,15.649999618530273,2.44,2.55,2.53,2.71,0.004764697522470251,0.1411705142205127,0.1344784939536537,0.23165251593721617,Low,0.020000000000000018,0.18000000000000016,-0.6864910524330475
2019-02-14,83.66810607910156,16.219999313354492,2.43,2.53,2.5,2.66,-0.006520499763271642,0.13827195448100138,0.13484381160987577,0.22829007838096346,Medium,0.020000000000000018,0.16000000000000014,-0.6304627487502483
2019-02-15,86.22502899169922,14.90999984741211,2.43,2.55,2.52,2.66,0.030102640607577235,0.20907355078912998,0.16823601386630513,0.23619948845379457,Low,0.03000000000000025,0.14000000000000012,-0.49844276861138104
2019-02-19,85.92276763916016,14.880000114440918,2.45,2.54,2.5,2.65,-0.0035116529990061288,0.2102245999090553,0.16876269503362037,0.2326412714302444,Low,0.03000000000000025,0.1499999999999999,-0.5020877443630659
2019-02-20,86.33939361572266,14.020000457763672,2.45,2.54,2.5,2.65,0.004837124831949556,0.20880953407437253,0.16040134484392324,0.22710253473885061,Low,0.03000000000000025,0.1499999999999999,-0.519233100134629
2019-02-21,86.15968322753906,14.460000038146973,2.45,2.55,2.53,2.69,-0.0020836106081147153,0.2094564342960186,0.14936214276322043,0.22712386043973168,Low,0.03000000000000025,0.16000000000000014,-0.5164852065936083
2019-02-22,85.7757339477539,13.510000228881836,2.46,2.55,2.48,2.65,-0.004466210910047301,0.1962969759276191,0.15011338304076183,0.2266470191933328,Low,0.040000000000000036,0.16999999999999993,-0.5057838579747399
2019-02-25,86.67433166503906,14.850000381469727,2.47,2.56,2.51,2.67,0.010421635354810268,0.18629439033654774,0.15354604924417625,0.22364879890098063,Low,0.040000000000000036,0.16000000000000014,-0.4922994433089294
2019-02-26,86.01262664794922,15.170000076293945,2.45,2.55,2.48,2.64,-0.0076636737614721034,0.1908975456723266,0.15568438903238363,0.22367111962681244,Low,0.0,0.16000000000000014,-0.5007573331026408
2019-02-27,85.90643310546875,14.699999809265137,2.45,2.54,2.5,2.69,-0.0012353901439285354,0.1786253956874882,0.15519067303073192,0.22293109300558367,Low,0.020000000000000018,0.18999999999999995,-0.47997456723364307
2019-02-28,85.2529067993164,14.779999732971191,2.45,2.54,2.52,2.73,-0.007636503885131207,0.18489220403869636,0.15750871612822004,0.21787489779592042,Low,0.010000000000000231,0.20999999999999996,-0.45524288685857345
2019-03-01,85.31010437011719,13.569999694824219,2.44,2.55,2.55,2.76,0.0006706914066854618,0.17991493307260764,0.15732102449407737,0.21767298607438268,Low,0.009999999999999787,0.20999999999999996,-0.4332790561469134
2019-03-04,85.11405944824219,14.630000114440918,2.46,2.54,2.55,2.72,-0.0023006715005220086,0.08792943415944472,0.15435221035333982,0.2163868785212699,Low,0.029999999999999805,0.17000000000000037,-0.42019965085093464
2019-03-05,85.04867553710938,14.739999771118164,2.46,2.54,2.55,2.72,-0.0007684868764746066,0.08706881575627672,0.1539038260856023,0.21590581650196722,Low,0.009999999999999787,0.17000000000000037,-0.44616251880821384
2019-03-06,84.73009490966797,15.739999771118164,2.47,2.54,2.52,2.69,-0.0037528956125245758,0.08137396627999258,0.15392174084250843,0.2148262308683517,Medium,0.020000000000000018,0.16999999999999993,-0.4366089789911196
2019-03-07,84.11740112304688,16.59000015258789,2.45,2.52,2.47,2.64,-0.007257394870741224,0.08576031485833677,0.15519980994887472,0.21413865588072123,Medium,0.0,0.16999999999999993,-0.41154319336963097
2019-03-08,84.15007781982422,16.049999237060547,2.46,2.53,2.45,2.62,0.0003883899300494318,0.08594595273088002,0.15522172817090726,0.19418632255337637,Medium,0.0,0.16999999999999993,-0.3804401650452887
2019-03-11,85.24473571777344,14.329999923706055,2.46,2.53,2.47,2.64,0.01292451773430367,0.09629885966152196,0.15432524085969831,0.19223431399668411,Low,-0.010000000000000231,0.16999999999999993,-0.3767495508997804
2019-03-12,84.99150848388672,13.770000457763672,2.46,2.52,2.45,2.61,-0.0029750118353936224,0.09084011094208781,0.14991288623983798,0.1887442865797269,Low,0.009999999999999787,0.1599999999999997,-0.4094648598391674
2019-03-13,85.27742004394531,13.40999984741211,2.45,2.53,2.45,2.61,0.0033583558815221395,0.0936649993538407,0.1484547973209325,0.18479300099621712,Low,0.0,0.1599999999999997,-0.518325733202218
2019-03-14,86.05349731445312,13.5,2.45,2.52,2.46,2.63,0.00905945745732148,0.09666924590871458,0.14055882465411898,0.18432590451667763,Low,0.0,0.16999999999999993,-0.6343250735071989
2019-03-15,87.04195404052734,12.880000114440918,2.45,2.52,2.43,2.59,0.011421068120548107,0.1099926651005311,0.1444893937962493,0.18520021097423342,Low,0.010000000000000231,0.1599999999999997,-0.6891058773885269
2019-03-18,87.56478881835938,13.100000381469727,2.44,2.52,2.45,2.6,0.005988730239029635,0.10876150991729563,0.1421405538775317,0.18547156925526032,Low,-0.020000000000000018,0.1499999999999999,-0.7355196447332121
2019-03-19,87.24616241455078,13.5600004196167,2.46,2.5,2.46,2.61,-0.003645386680975582,0.11233330613512871,0.1005673256049653,0.18476167782244843,Low,0.0,0.1499999999999999,-0.760170092437993
2019-03-20,85.38362884521484,13.90999984741211,2.48,2.47,2.4,2.54,-0.021579193614794805,0.16407236038830111,0.12603624372130692,0.188239132071437,Low,0.009999999999999787,0.14000000000000012,-0.7553326753068076
2019-03-21,84.03571319580078,13.630000114440918,2.49,2.48,2.41,2.54,-0.01591251713053097,0.18082443072229368,0.13552006554567,0.19092590836047987,Low,0.040000000000000036,0.1299999999999999,-0.6971182484598787
2019-03-22,81.49512481689453,16.479999542236328,2.46,2.45,2.31,2.44,-0.030698665322487856,0.23707720437030716,0.16960363389402644,0.19929412638740523,Medium,0.0,0.1299999999999999,-0.7156588444208976
2019-03-25,80.8171157836914,16.329999923706055,2.46,2.41,2.26,2.43,-0.008354428159488768,0.21998794570403093,0.17065968076593946,0.19923563334185512,Medium,0.0,0.17000000000000037,-0.7255051616485786
2019-03-26,81.62581634521484,14.680000305175781,2.46,2.44,2.24,2.41,0.00995681661253956,0.23306031539000993,0.17021172613622515,0.19378143236501097,Low,0.0,0.16999999999999993,-0.6516092178026898
2019-03-27,81.34807586669922,15.149999618530273,2.44,2.4,2.22,2.39,-0.003408407857572702,0.2294934715304719,0.16933388360067952,0.18837878101043617,Low,-0.010000000000000231,0.16999999999999993,-0.6261672298116726
2019-03-28,82.27118682861328,14.430000305175781,2.43,2.4,2.23,2.39,0.01128376624064915,0.2334694338253049,0.17607557127143358,0.17194786731965456,Low,-0.020000000000000018,0.16000000000000014,-0.5910116937081458
2019-03-29,82.69599151611328,13.710000038146973,2.4,2.4,2.27,2.41,0.005150183578768368,0.22340493619523735,0.1765428330512774,0.17089867029099137,Low,-0.050000000000000266,0.14000000000000012,-0.5284789705316554
2019-04-01,85.48165130615234,13.399999618530273,2.43,2.41,2.33,2.49,0.03313061763052576,0.2921672865199086,0.21341480840323787,0.18258942286635702,Low,-0.009999999999999787,0.16000000000000014,-0.5471458650565063
2019-04-02,85.89008331298828,13.359999656677246,2.42,2.41,2.3,2.48,0.004766629468587968,0.2942140301933937,0.21381876550027185,0.1822067169809637,Low,-0.040000000000000036,0.18000000000000016,-0.568349672096134
2019-04-03,86.06166076660156,13.739999771118164,2.44,2.41,2.33,2.52,0.001995647226208611,0.2722991455689832,0.21383758942316738,0.17934401661214594,Low,-0.040000000000000036,0.18999999999999995,-0.5722482915101524
2019-04-04,86.89305114746094,13.579999923706055,2.44,2.41,2.33,2.51,0.009614040293173844,0.25824380145674486,0.2154449851687659,0.1773781976544907,Low,-0.050000000000000266,0.17999999999999972,-0.5905951374555793
2019-04-05,86.68724822998047,12.819999694824219,2.44,2.43,2.35,2.5,-0.0023712715631115195,0.1814082243156221,0.21368581635792575,0.16283793076377265,Low,-0.020000000000000018,0.1499999999999999,-0.6037671551638083
2019-04-08,86.9671401977539,13.180000305175781,2.43,2.43,2.36,2.52,0.0032235547017010944,0.1639076333712423,0.21373687445795964,0.16290772751531732,Low,-0.029999999999999805,0.16000000000000014,-0.6474154577600212
2019-04-09,86.32506561279297,14.279999732971191,2.42,2.42,2.35,2.51,-0.007410345089132064,0.17864993029134651,0.21172157690520513,0.16366084399726688,Low,-0.040000000000000036,0.1599999999999997,-0.6692279817058032
2019-04-10,86.71196746826172,13.300000190734863,2.43,2.41,2.31,2.48,0.004471904000536639,0.17177439234010478,0.21170891988109608,0.16374588227308143,Low,-0.009999999999999787,0.16999999999999993,-0.6911873279827117
2019-04-11,87.444580078125,13.020000457763672,2.43,2.44,2.35,2.51,0.00841331482059236,0.17007850973402255,0.2131514416972278,0.16442191693317318,Low,0.0,0.1599999999999997,-0.7112030805614961
2019-04-12,91.5439224243164,12.010000228881836,2.44,2.44,2.4,2.56,0.045813661436873085,0.26160287799102694,0.2625415771280294,0.18678317363796862,Low,0.040000000000000036,0.16000000000000014,-0.7480814659870436
2019-04-15,90.4985122680664,12.319999694824219,2.43,2.43,2.4,2.55,-0.011485472057008025,0.24742451530962942,0.2652017309083883,0.18785115904969305,Low,0.0,0.1499999999999999,-0.7697585693218257
2019-04-16,91.453369140625,12.180000305175781,2.43,2.45,2.41,2.6,0.01049580395527824,0.2484865566193636,0.26654322060730673,0.18836129102222315,Low,0.010000000000000231,0.18999999999999995,-0.7881192547182205
2019-04-17,94.08749389648438,12.600000381469727,2.44,2.44,2.4,2.59,0.028395919990870114,0.2701500712182306,0.2806260048667813,0.1954878341804303,Low,0.0,0.18999999999999995,-0.7797082843467006
2019-04-18,93.39602661132812,12.09000015258789,2.42,2.44,2.38,2.57,-0.007376332794742477,0.28211976640166975,0.2686289634403406,0.19629744018593343,Low,-0.020000000000000018,0.18999999999999995,-0.8253916325159861
2019-04-22,93.51126861572266,12.420000076293945,2.44,2.46,2.38,2.59,0.0012331462916746957,0.2792553922369938,0.25878258863504716,0.19409574372707122,Low,0.0,0.20999999999999996,-0.850467237800069
2019-04-23,93.62650299072266,12.279999732971191,2.45,2.43,2.36,2.57,0.0012315460270315556,0.28030209654952026,0.22451673086510066,0.19087440562726912,Low,0.020000000000000018,0.20999999999999996,-0.8541463554582718
2019-04-24,93.4701156616211,13.140000343322754,2.44,2.42,2.32,2.53,-0.0016717284005345146,0.27321534278413734,0.2200543398563394,0.19080484994348837,Low,0.020000000000000018,0.20999999999999996,-0.8310135513342048
2019-04-25,93.51950073242188,13.25,2.43,2.42,2.33,2.54,0.0005282119178741115,0.2753309982742076,0.22084077997003948,0.19080622477291762,Low,0.0,0.20999999999999996,-0.8121549312520756
2019-04-26,94.22745513916016,12.729999542236328,2.42,2.41,2.28,2.51,0.007541616415724505,0.2752899295867451,0.21790273950408015,0.19094287952901584,Low,-0.010000000000000231,0.22999999999999998,-0.8084574083662567
2019-04-29,95.58565521240234,13.109999656677246,2.44,2.42,2.3,2.54,0.014311163772199126,0.18207348284924252,0.21890292090295702,0.19250852775316546,Low,0.0,0.2400000000000002,-0.7905834909993781
2019-04-30,95.52804565429688,13.119999885559082,2.43,2.39,2.27,2.51,-0.0006028825729306125,0.16279656633750908,0.22046443453729977,0.192563620300822,Low,0.0,0.23999999999999977,-0.7744167730765888
2019-05-01,94.79541015625,14.800000190734863,2.43,2.39,2.31,2.52,-0.007698884130744218,0.17222595783839764,0.20393249902567961,0.19350161604667587,Low,0.0,0.20999999999999996,-0.6802377990332867
2019-05-02,95.0011978149414,14.420000076293945,2.47,2.41,2.35,2.55,0.0021685080838160153,0.10277038482659348,0.20415635666996385,0.19233819136543168,Low,0.03000000000000025,0.19999999999999973,-0.6171733088187547
2019-05-03,95.58565521240234,12.869999885559082,2.43,2.41,2.33,2.54,0.0061332586198588855,0.09407106725870266,0.20394300016428352,0.19249616523972668,Low,0.010000000000000231,0.20999999999999996,-0.627199107686994
2019-05-06,94.73778533935547,15.4399995803833,2.44,2.39,2.31,2.51,-0.008909837691128089,0.10980804220021617,0.20869977652133578,0.1936683968284285,Low,0.0,0.19999999999999973,-0.46758911279121906
2019-05-07,93.19025421142578,19.31999969482422,2.43,2.37,2.28,2.45,-0.01646977335117456,0.141509073843058,0.21964881697475844,0.19668945882284697,Medium,-0.020000000000000018,0.17000000000000037,-0.1378586277189574
2019-05-08,92.69635772705078,19.399999618530273,2.43,2.37,2.3,2.49,-0.005313966847367059,0.143543841566713,0.22173819805963896,0.1971242883486798,Medium,-0.009999999999999787,0.1900000000000004,-0.01531667250105748
2019-05-09,92.62226104736328,19.100000381469727,2.43,2.36,2.26,2.45,-0.0007996679893911342,0.1433463524885719,0.2189786621538528,0.19493442226564436,Medium,0.0,0.1900000000000004,0.08288309987745517
2019-05-10,92.61405181884766,16.040000915527344,2.43,2.36,2.26,2.47,-8.863519678165657e-05,0.13557625117976227,0.2192547077937501,0.19353271836521105,Medium,0.010000000000000231,0.2100000000000004,0.12516216275376607
2019-05-13,90.09514617919922,20.549999237060547,2.41,2.32,2.18,2.4,-0.027574585965253983,0.15802812038180383,0.24254463587862604,0.20186642142558095,Medium,-0.029999999999999805,0.21999999999999975,0.07692557290727171
2019-05-14,90.81129455566406,18.059999465942383,2.41,2.32,2.2,2.42,0.007917375572944047,0.17128099307124858,0.18348832865742032,0.19985327092275496,Medium,-0.020000000000000018,0.21999999999999975,0.047683418842952664
2019-05-15,90.46558380126953,16.440000534057617,2.42,2.3,2.16,2.37,-0.0038141783623297943,0.17071668283540206,0.17952099571403765,0.19998045503603484,Medium,-0.010000000000000231,0.20999999999999996,0.015065024057137472
2019-05-16,91.62622833251953,15.289999961853027,2.4,2.33,2.2,2.4,0.012748077312991213,0.18978756286505857,0.18134320412903226,0.20069370236899509,Low,-0.07000000000000028,0.19999999999999973,-0.0023356317581595103
2019-05-17,91.18175506591797,15.960000038146973,2.39,2.33,2.2,2.39,-0.004862743236733929,0.18183016113933267,0.14978399812983031,0.19241098400783282,Medium,-0.040000000000000036,0.18999999999999995,-0.02975692026993762
2019-05-20,91.65916442871094,16.309999465942383,2.39,2.34,2.21,2.41,0.005222140088274872,0.1864849420379512,0.14990769372709012,0.1923922968572577,Medium,-0.04999999999999982,0.20000000000000018,-0.0847791941635277
2019-05-21,91.97196960449219,14.949999809265137,2.39,2.36,2.26,2.43,0.003406889359869621,0.17342869260945581,0.15048433281236576,0.19229837904599173,Low,-0.040000000000000036,0.17000000000000037,-0.13629286084349668
2019-05-22,91.22288513183594,14.75,2.38,2.37,2.23,2.39,-0.00817805334829909,0.17585638285269492,0.15240924145451018,0.19308070623761098,Low,-0.050000000000000266,0.16000000000000014,-0.1693961357574216
2019-05-23,89.42839050292969,16.920000076293945,2.37,2.32,2.12,2.31,-0.019867600152304044,0.1980675160741498,0.16553042689178404,0.19723491831298307,Medium,-0.06000000000000005,0.18999999999999995,-0.2903786477040364
2019-05-24,90.3091812133789,15.850000381469727,2.35,2.33,2.16,2.32,0.009800930908637198,0.20878149839678228,0.1704330230910618,0.1971139501189267,Medium,-0.08000000000000007,0.1599999999999997,-0.4160487453995466
2019-05-28,89.32960510253906,17.5,2.37,2.31,2.12,2.26,-0.010906172776135741,0.16493821167709094,0.16985879776381935,0.19777551529521356,Medium,-0.040000000000000036,0.13999999999999968,-0.48415125404722187
2019-05-29,89.08264923095703,17.899999618530273,2.37,2.3,2.09,2.25,-0.0027683751906507083,0.15758703073507108,0.15842642571190585,0.19785710591550057,Medium,-0.040000000000000036,0.16000000000000014,-0.5781421018987519
2019-05-30,88.12779998779297,17.299999237060547,2.38,2.29,2.06,2.22,-0.01077654831559976,0.16368571801566578,0.16011045369023427,0.19848553994715118,Medium,-0.040000000000000036,0.16000000000000014,-0.625590371173769
2019-05-31,87.22232055664062,18.709999084472656,2.35,2.21,1.95,2.14,-0.010327765692281552,0.14267066226499217,0.16116438185034454,0.19966841734896082,Medium,-0.04999999999999982,0.19000000000000017,-0.6415858322773532
2019-06-03,87.63390350341797,18.860000610351562,2.35,2.11,1.82,2.07,0.004707681515184649,0.15065463650897026,0.16261543468142284,0.19978194877844596,Medium,-0.040000000000000036,0.24999999999999978,-0.6670905425900477
2019-06-04,90.33386993408203,16.969999313354492,2.35,2.11,1.88,2.12,0.030344523061924925,0.2270056095259651,0.19891027104758566,0.20850278566730718,Medium,-0.040000000000000036,0.2400000000000002,-0.6674078615038972
2019-06-05,90.6549072265625,16.09000015258789,2.35,2.04,1.83,2.12,0.00354759708548362,0.22709109846653514,0.1986838547985253,0.2083436808779785,Medium,-0.040000000000000036,0.29000000000000004,-0.660866933222885
2019-06-06,90.85246276855469,15.930000305175781,2.33,2.02,1.88,2.12,0.0021768330399907455,0.22442496104831008,0.19207887216902117,0.20766379652907888,Medium,-0.04999999999999982,0.2400000000000002,-0.6512180062815749
2019-06-07,89.85643768310547,16.299999237060547,2.28,1.97,1.85,2.09,-0.01102364265856576,0.20663845929551428,0.19461762023280782,0.20909944636872707,Medium,-0.0900000000000003,0.23999999999999977,-0.6361975174482061
2019-06-10,90.8277587890625,15.9399995803833,2.29,2.03,1.9,2.15,0.010751692531769972,0.2078909237881986,0.1991877605348815,0.20864221275650524,Medium,-0.06000000000000005,0.25,-0.610721536489045
2019-06-11,91.10765075683594,15.989999771118164,2.27,2.05,1.93,2.15,0.0030768302803806944,0.1978823698361884,0.1996578391401724,0.20852380309736246,Medium,-0.10000000000000009,0.21999999999999997,-0.5616449550687702
2019-06-12,89.94697570800781,15.90999984741211,2.24,2.02,1.88,2.13,-0.012821444794589198,0.21064738137135383,0.18031579043340912,0.21031567947783206,Medium,-0.1299999999999999,0.25,-0.48490152410092996
2019-06-13,90.16923522949219,15.819999694824219,2.19,2.0,1.83,2.1,0.002467958138130325,0.20020934750910585,0.1782473522051294,0.20968163858269123,Medium,-0.18999999999999995,0.27,-0.4406352462965756
2019-06-14,90.39971923828125,15.279999732971191,2.2,2.0,1.84,2.09,0.0025528655758437118,0.18751886434333231,0.17804723631598712,0.2085931108098553,Low,-0.1499999999999999,0.24999999999999978,-0.3715514275571206
2019-06-17,89.90583038330078,15.350000381469727,2.23,2.03,1.86,2.09,-0.005478368150661335,0.19270086982302603,0.17267325943820647,0.20864999523820726,Low,-0.1200000000000001,0.22999999999999976,-0.18194124439751244
2019-06-18,91.1323471069336,15.149999618530273,2.22,2.04,1.86,2.06,0.013550020295129804,0.1345726885324178,0.1790164900551289,0.2101177042637646,Low,-0.1299999999999999,0.19999999999999996,-0.12962622234025256
2019-06-19,90.47382354736328,14.329999923706055,2.18,1.96,1.74,2.03,-0.0072522474699425405,0.13941209788192307,0.17962324679241054,0.2058560887240932,Low,-0.16999999999999993,0.2899999999999998,-0.25780650863967897
2019-06-20,90.70428466796875,14.75,2.14,1.91,1.72,2.01,0.0025440297083640416,0.13959944364331822,0.1794042583209352,0.20301228119605358,Low,-0.18999999999999995,0.2899999999999998,-0.41205357130617826
2019-06-21,90.08692932128906,15.399999618530273,2.11,1.95,1.77,2.07,-0.0068295104902921355,0.1318350910915863,0.1787519336044218,0.19313514837236254,Low,-0.16999999999999993,0.2999999999999998,-0.582029400565412
2019-06-24,89.44486236572266,15.260000228881836,2.13,1.92,1.72,2.02,-0.00715271303144611,0.12221092299149285,0.1664859926844984,0.19289843824306901,Low,-0.16000000000000014,0.30000000000000004,-0.5796065550456678
2019-06-25,88.70401763916016,16.280000686645508,2.12,1.93,1.71,2.0,-0.00831718950170236,0.12355117186356401,0.16488150112620753,0.19314671542584483,Medium,-0.1499999999999999,0.29000000000000004,-0.6755447078091215
2019-06-26,89.29669189453125,16.209999084472656,2.15,1.96,1.77,2.05,0.006659259360670565,0.11729374166475204,0.1626003014972958,0.1931944904729745,Medium,-0.0900000000000003,0.2799999999999998,-0.7440629546901408
2019-06-27,89.59302520751953,15.819999694824219,2.14,1.93,1.74,2.01,0.0033130309426302493,0.1180124995990823,0.16266865675178946,0.19220561836394665,Medium,-0.04999999999999982,0.2699999999999998,-0.7426190176929222
2019-06-28,92.02960205078125,15.079999923706055,2.12,1.92,1.75,2.0,0.026832813431638118,0.1820040868250461,0.1815579624275242,0.1987279131312432,Low,-0.08000000000000007,0.25,-0.744998474804508
2019-07-01,93.57713317871094,14.0600004196167,2.21,1.94,1.78,2.03,0.01667576327382792,0.19099804235575626,0.18243307253173993,0.19071252525376442,Low,-0.020000000000000018,0.24999999999999978,-0.778676623684149
2019-07-02,93.67591857910156,12.930000305175781,2.2,1.91,1.77,1.98,0.0010551006632746232,0.18366785858433304,0.18252903363788314,0.19059351510655537,Low,-0.020000000000000018,0.20999999999999996,-0.8451023053505455
2019-07-03,93.52669525146484,12.569999694824219,2.21,1.91,1.77,1.96,-0.0015942443985046888,0.17711724413445012,0.15391627071981023,0.19068139342096121,Low,0.029999999999999805,0.18999999999999995,-0.8696640023336086
2019-07-05,94.0821304321289,13.279999732971191,2.23,1.98,1.87,2.04,0.005921222538185794,0.17751461830157508,0.15450272659113826,0.19017090531576225,Low,0.08999999999999986,0.16999999999999993,-0.8807082157572363
2019-07-08,93.5681381225586,13.960000038146973,2.26,1.99,1.88,2.05,-0.005478207934049673,0.17539657695223534,0.15650954733472064,0.19051336531378782,Low,0.1499999999999999,0.16999999999999993,-0.8823564722036367
2019-07-09,93.966064453125,14.09000015258789,2.26,2.0,1.92,2.07,0.004243779772552978,0.16447586694437635,0.15003845140669006,0.1905680585569752,Low,0.1299999999999999,0.1499999999999999,-0.8798499628472163
2019-07-10,93.69248962402344,13.029999732971191,2.2,1.93,1.82,2.07,-0.0029156680254157196,0.15420809151739695,0.14759227414978018,0.18995090985473997,Low,0.08000000000000007,0.24999999999999978,-0.8904712101524824
2019-07-11,94.58781433105469,12.930000305175781,2.17,1.97,1.85,2.13,0.009510622586306985,0.15548218468580668,0.15013096955627858,0.19055924292811777,Low,0.020000000000000018,0.2799999999999998,-0.9019644334282368
2019-07-12,95.58258819580078,12.390000343322754,2.14,1.96,1.84,2.12,0.010462016433600294,0.15647503479519917,0.14308898632949665,0.1909103119071099,Low,0.0,0.28,-0.9068353909739563
2019-07-15,94.42202758789062,12.680000305175781,2.16,1.95,1.83,2.09,-0.012216282602997452,0.13559025394250016,0.15237969113545125,0.170209841178188,Low,0.040000000000000036,0.2599999999999998,-0.9010925511914744
2019-07-16,95.43338012695312,12.859999656677246,2.15,2.0,1.87,2.13,0.010654024740423469,0.12058434330719153,0.15517815629733647,0.16963642651136737,Low,-0.06000000000000005,0.2599999999999998,-0.8989168971242699
2019-07-17,94.49662017822266,13.970000267028809,2.14,1.95,1.83,2.06,-0.009864345213385252,0.13454075452206998,0.1587507609714627,0.16981461615275156,Low,-0.06000000000000005,0.22999999999999998,-0.9033279435952782
2019-07-18,95.06034851074219,13.529999732971191,2.05,1.9,1.77,2.04,0.005947868847474731,0.1359886612656532,0.15412267279605127,0.16051718650701222,Low,-0.16000000000000014,0.27,-0.9030261300614951
2019-07-19,94.12357330322266,14.449999809265137,2.06,1.94,1.8,2.05,-0.009903408861664532,0.14490542451745192,0.15638705673228873,0.16107822803002347,Low,-0.16999999999999993,0.24999999999999978,-0.8934376290878032
2019-07-22,94.72872924804688,13.529999732971191,2.09,1.95,1.8,2.05,0.0064087967997076304,0.1445072904592312,0.15716394207230555,0.16155508358818896,Low,-0.16999999999999993,0.24999999999999978,-0.8905276146290395
2019-07-23,96.46131896972656,12.609999656677246,2.06,1.97,1.83,2.08,0.018124762959476244,0.16756647075197018,0.16302874655667018,0.16547656837965075,Low,-0.19999999999999973,0.25,-0.8991244464878682
2019-07-24,96.85093688964844,12.069999694824219,2.1,1.98,1.83,2.05,0.004030975126300569,0.16474465665389051,0.15857463524554705,0.1655691156406656,Low,-0.10000000000000009,0.21999999999999975,-0.9153210848717904
2019-07-25,95.92245483398438,12.739999771118164,2.1,1.99,1.86,2.08,-0.009632960515375632,0.1724372252051658,0.1599001913707426,0.16682051716248936,Low,-0.06999999999999984,0.21999999999999997,-0.915038374308634
2019-07-26,96.34527587890625,12.15999984741211,2.12,2.0,1.86,2.08,0.004398259915647367,0.16608544651831852,0.15956897472757636,0.16639167929200602,Low,-0.020000000000000018,0.21999999999999997,-0.91740548751858
2019-07-29,96.03854370117188,12.829999923706055,2.12,1.98,1.85,2.06,-0.003188755045120716,0.15185668893448417,0.1613055243204045,0.16408991376783802,Low,-0.040000000000000036,0.20999999999999996,-0.9153719953726764
2019-07-30,95.82300567626953,13.9399995803833,2.08,1.97,1.85,2.06,-0.002246808871022712,0.14416633515879793,0.13757897324678495,0.1641504464547349,Low,-0.06999999999999984,0.20999999999999996,-0.8918612330378649
2019-07-31,96.16288757324219,16.1200008392334,2.08,2.0,1.89,2.02,0.003540700270201268,0.13267028145269658,0.12694591289520757,0.1635322216496087,Medium,-0.06000000000000005,0.13000000000000012,-0.7535612022404927
2019-08-01,93.62617492675781,17.8700008392334,2.07,1.88,1.73,1.9,-0.026733508132809326,0.19191223007848382,0.15984937789080345,0.17212793339064691,Medium,0.020000000000000018,0.16999999999999993,-0.6624267317914776
2019-08-02,93.6178970336914,17.610000610351562,2.06,1.85,1.72,1.86,-8.841821249803087e-05,0.18614557856855127,0.1597482302184297,0.1716419562091148,Medium,0.0,0.14000000000000012,-0.607900484475913
2019-08-05,90.83248138427734,24.59000015258789,2.05,1.78,1.59,1.75,-0.030204626695065254,0.23278112375274823,0.1892938508914176,0.1809973042985709,High,-0.040000000000000036,0.15999999999999992,-0.5608916905265035
2019-08-06,91.5453872680664,20.170000076293945,2.05,1.8,1.6,1.73,0.007817938877459301,0.20971072153808376,0.1915174099989093,0.1788848820061122,Medium,-0.010000000000000231,0.1299999999999999,-0.6021429979933032
2019-08-07,89.55582427978516,19.489999771118164,2.02,1.75,1.59,1.71,-0.021972719204331366,0.21801762189825147,0.20355673291449594,0.18382380938951337,Medium,-0.08000000000000007,0.11999999999999988,-0.666621751995077
2019-08-08,91.0728759765625,16.90999984741211,2.02,1.79,1.62,1.72,0.016797855118285382,0.2499382049040724,0.21398028596937824,0.18706617403532122,Medium,-0.08000000000000007,0.09999999999999987,-0.697342609992999
2019-08-09,90.97341918945312,17.969999313354492,2.0,1.78,1.63,1.74,-0.0010926538978860846,0.24552229395307468,0.21032029923722548,0.18707304359572555,Medium,-0.1200000000000001,0.1100000000000001,-0.7499142666511591
2019-08-12,89.26566314697266,21.09000015258789,2.0,1.75,1.58,1.65,-0.018950464322123464,0.2535593800844356,0.21327500931619553,0.18270352380038168,High,-0.1200000000000001,0.06999999999999984,-0.7982414445109498
2019-08-13,90.64179992675781,17.520000457763672,2.0,1.86,1.66,1.68,0.015298571789577501,0.2775390868990035,0.21990482606721803,0.18461411999114785,Medium,-0.08000000000000007,0.020000000000000018,-0.8018637832262691
2019-08-14,86.87820434570312,22.100000381469727,1.96,1.79,1.58,1.59,-0.042408286736928834,0.3268314515914817,0.25553377910356306,0.20304611149706273,High,-0.1200000000000001,0.010000000000000009,-0.8373674221841367
2019-08-15,87.20978546142578,21.18000030517578,1.91,1.72,1.48,1.52,0.003809355453637039,0.3193255491903284,0.25628738791651656,0.20143073816712825,High,-0.15999999999999992,0.040000000000000036,-0.8599635921232072
2019-08-16,89.29884338378906,18.469999313354492,1.87,1.71,1.48,1.55,0.023671992556106386,0.3542940382186403,0.2716916333890967,0.2070874107036862,Medium,-0.18999999999999995,0.07000000000000006,-0.8606042368805192
2019-08-19,90.10298156738281,16.8799991607666,1.94,1.75,1.53,1.6,0.00896472005529062,0.3290808361756051,0.273487142303355,0.2076299014138146,Medium,-0.10999999999999988,0.07000000000000006,-0.8550021639156451
2019-08-20,88.9589614868164,17.5,1.94,1.72,1.5,1.55,-0.01277809932466472,0.3302073100766639,0.27406023760279224,0.208983233459156,Medium,-0.10999999999999988,0.050000000000000044,-0.8445246751649599
2019-08-21,89.20767211914062,15.800000190734863,1.97,1.77,1.56,1.59,0.0027918896915934952,0.31304007651332144,0.2641414741734522,0.20850232628795515,Medium,-0.050000000000000044,0.030000000000000027,-0.8236576761969826
2019-08-22,90.1278076171875,16.68000030517578,2.0,1.79,1.61,1.62,0.01026170140752365,0.3045975494044294,0.2673088237837653,0.20573077302316534,Medium,-0.020000000000000018,0.010000000000000009,-0.815473918990436
2019-08-23,87.88956451416016,19.8700008392334,1.97,1.73,1.51,1.52,-0.025147669931147972,0.32776242472444767,0.2770726487470219,0.21085889448042294,Medium,-0.030000000000000027,0.010000000000000009,-0.8155436096188734
2019-08-26,88.59422302246094,19.31999969482422,2.01,1.75,1.54,1.54,0.007985574910539441,0.31988876466381183,0.27874320529798186,0.2104290590671741,Medium,0.009999999999999787,0.0,-0.8184455237459706
2019-08-27,87.6574478149414,20.309999465942383,1.98,1.77,1.53,1.49,-0.010630072602778257,0.30977533395528606,0.2796627843101024,0.21141463975020766,Medium,-0.020000000000000018,-0.040000000000000036,-0.8184489327201192
2019-08-28,88.53618621826172,19.350000381469727,1.99,1.74,1.5,1.47,0.0099747722901461,0.2247830129666245,0.2839909930645217,0.2112910960085999,Medium,0.030000000000000027,-0.030000000000000027,-0.816851869907378
2019-08-29,90.54232025146484,17.8799991607666,1.99,1.75,1.53,1.5,0.022406016224577528,0.24746893320675192,0.29731373676461886,0.2148540095656536,Medium,0.08000000000000007,-0.030000000000000027,-0.8095047868953782
2019-08-30,91.0728759765625,18.979999542236328,1.99,1.76,1.5,1.5,0.0058426524365375,0.22217266181743692,0.28554895358593996,0.21495432370118223,Medium,0.11999999999999988,0.0,-0.8036687124251378
2019-09-03,89.9952163696289,19.65999984741211,1.98,1.72,1.47,1.47,-0.011903503457845606,0.22837984008226417,0.2878326967410585,0.20768579571682544,Medium,0.040000000000000036,0.0,-0.796755804690352
2019-09-04,91.08116912841797,17.329999923706055,1.97,1.69,1.43,1.47,0.011994559924436007,0.22374441716125262,0.2722043355828621,0.20896527510291543,Medium,0.030000000000000027,0.040000000000000036,-0.7751040304532787
2019-09-05,93.15363311767578,16.270000457763672,1.97,1.73,1.55,1.57,0.022499021767059396,0.24561719271940707,0.2820031790912466,0.21369549129103807,Medium,0.0,0.020000000000000018,-0.7450706743683039
2019-09-06,93.35260772705078,15.0,1.96,1.73,1.53,1.55,0.002133705381257781,0.24349935418352345,0.26953184976308886,0.21245401962831856,Low,-0.040000000000000036,0.020000000000000018,-0.7215397348808518
2019-09-09,95.66547393798828,15.270000457763672,1.96,1.74,1.58,1.63,0.024473654924767642,0.20418673249026653,0.27608185461226614,0.2168446606968235,Low,-0.010000000000000009,0.04999999999999982,-0.689539648149403
2019-09-10,96.88410949707031,15.199999809265137,1.95,1.81,1.67,1.72,0.012658057304152096,0.20521607550691903,0.2780283281741715,0.2180923996594869,Low,-0.05999999999999983,0.050000000000000044,-0.6631315861682338
2019-09-11,97.1494140625,14.609999656677246,1.96,1.79,1.68,1.75,0.002734627768395438,0.1787858697211393,0.26636229758309243,0.2163042345007281,Low,-0.020000000000000018,0.07000000000000006,-0.6608229600230061
2019-09-12,97.74624633789062,14.220000267028809,1.95,1.82,1.72,1.79,0.006124652953584394,0.18001121899331143,0.26335098108103905,0.2165133331996142,Low,-0.040000000000000036,0.07000000000000006,-0.692095897353711
2019-09-13,99.6695327758789,13.739999771118164,1.96,1.88,1.79,1.9,0.019485243764959626,0.17485106600484565,0.20874384188742018,0.21954486032887074,Low,-0.030000000000000027,0.10999999999999988,-0.7339834639878123
2019-09-16,98.7824935913086,14.670000076293945,1.99,1.86,1.74,1.84,-0.008939642575338264,0.1979732342864042,0.21541104596276867,0.22010363320493506,Low,0.0,0.10000000000000009,-0.7515661206462811
2019-09-17,98.29338073730469,14.4399995803833,1.99,1.87,1.72,1.81,-0.004963711158633227,0.18061839227967694,0.2084263106989122,0.21909429885410173,Low,0.010000000000000009,0.09000000000000008,-0.851872139292929
2019-09-18,99.27989196777344,13.949999809265137,1.95,1.87,1.77,1.8,0.00998636521501369,0.17991004900272606,0.20872756991869737,0.2191037481608593,Low,-0.020000000000000018,0.030000000000000027,-0.878841987832848
2019-09-19,98.96488189697266,14.050000190734863,1.93,1.88,1.74,1.79,-0.0031779938485522207,0.17036501363851625,0.20115788887495767,0.2192889917123407,Low,-0.040000000000000036,0.050000000000000044,-0.8853017032712699
2019-09-20,98.56696319580078,15.319999694824219,1.91,1.84,1.69,1.74,-0.004028912292503116,0.1770122459282844,0.20350756477416268,0.2189339093117445,Low,-0.050000000000000044,0.050000000000000044,-0.885208935738089
2019-09-23,98.55036926269531,14.90999984741211,1.94,1.81,1.68,1.72,-0.00016836604815722024,0.14270032193467025,0.20315590256673297,0.21826590502920137,Low,-0.020000000000000018,0.040000000000000036,-0.8861900072431118
2019-09-24,97.26545715332031,17.049999237060547,1.92,1.78,1.6,1.64,-0.013123868230414079,0.15207894804277555,0.1846575468933785,0.21935708790496017,Medium,-0.030000000000000027,0.039999999999999813,-0.8767323993921031
2019-09-25,97.82086944580078,15.960000038146973,1.89,1.82,1.68,1.73,0.00569403097380463,0.15406753806406412,0.18433397495223489,0.2192726228234327,Medium,-0.07000000000000006,0.050000000000000044,-0.8729039795106148
2019-09-26,97.01675415039062,16.06999969482422,1.83,1.79,1.66,1.7,-0.008254256504590047,0.15674793434343076,0.18201063069660284,0.2200914488408568,Medium,-0.11999999999999988,0.040000000000000036,-0.8666894911942846
2019-09-27,97.58875274658203,17.219999313354492,1.8,1.74,1.63,1.69,0.005878561738024262,0.11754757321091429,0.18110282849051007,0.21410549658386377,Medium,-0.15999999999999992,0.06000000000000005,-0.8351116878940338
2019-09-30,97.56388092041016,16.239999771118164,1.88,1.75,1.63,1.68,-0.0002548961378505773,0.11133940054620015,0.1697428720897961,0.21170923571452072,Medium,-0.1100000000000001,0.050000000000000044,-0.8226014925529254
2019-10-01,95.78984069824219,18.559999465942383,1.82,1.73,1.56,1.65,-0.018350720026299183,0.1403680536017622,0.1855876333189061,0.21509339940449074,Medium,-0.16999999999999993,0.08999999999999986,-0.8003826263640643
2019-10-02,93.8831558227539,20.559999465942383,1.79,1.67,1.48,1.6,-0.020105646448504235,0.14610363608032514,0.19546731372122733,0.21892707025364105,Medium,-0.15999999999999992,0.1200000000000001,-0.7648237388993597
2019-10-03,93.74945831298828,19.1200008392334,1.7,1.58,1.39,1.54,-0.0014250990746861583,0.14717470142362596,0.19233654186490032,0.21862052819398803,Medium,-0.22999999999999998,0.15000000000000013,-0.8022191154045565
2019-10-04,95.78004455566406,17.040000915527344,1.71,1.58,1.4,1.52,0.021428473262874764,0.19991611302003792,0.19088535269983561,0.22249694114799035,Medium,-0.19999999999999996,0.1200000000000001,-0.8215550677006908
2019-10-07,95.57112121582031,17.860000610351562,1.75,1.64,1.46,1.56,-0.0021836650121304963,0.19940939853657438,0.1912401667066391,0.2224135369080444,Medium,-0.18999999999999995,0.10000000000000009,-0.798239341146149
2019-10-08,93.44029235839844,20.280000686645508,1.72,1.62,1.42,1.54,-0.022548047179158176,0.21750488081530528,0.1882301195555493,0.2269751651911469,Medium,-0.19999999999999996,0.1200000000000001,-0.7740744994162215
2019-10-09,94.11713409423828,18.639999389648438,1.69,1.59,1.47,1.59,0.007217465997463862,0.21953340045321773,0.18411048309965114,0.2266289334077196,Medium,-0.19999999999999996,0.1200000000000001,-0.7448562051009419
2019-10-10,95.43743896484375,17.56999969482422,1.68,1.63,1.53,1.67,0.013930829540436642,0.23481537692258997,0.1912113650921283,0.22738963443665236,Medium,-0.15000000000000013,0.1399999999999999,-0.7284974102672616
2019-10-11,97.05020141601562,15.579999923706055,1.68,1.67,1.63,1.76,0.016757441548327107,0.2504034662112515,0.19946525856324596,0.22845645853215416,Low,-0.1200000000000001,0.13000000000000012,-0.7404253990995195
2019-10-14,97.30927276611328,14.569999694824219,1.68,1.67,1.63,1.76,0.002665900436532461,0.25092967311964665,0.18648877879466721,0.2275611230753495,Low,-0.19999999999999996,0.13000000000000012,-0.7244725321236188
2019-10-15,100.24231719970703,13.539999961853027,1.67,1.65,1.61,1.77,0.029696141404676815,0.2691990144245828,0.21236299742281992,0.23403539980073523,Low,-0.15000000000000013,0.15999999999999992,-0.7117545749832127
2019-10-16,100.0083236694336,13.680000305175781,1.66,1.59,1.58,1.75,-0.002337007619612895,0.23642653754338755,0.21167435927180403,0.23390093624097283,Low,-0.13000000000000012,0.16999999999999993,-0.7623450325733309
2019-10-17,100.56822204589844,13.789999961853027,1.66,1.59,1.6,1.76,0.005582904309656598,0.232584365894989,0.20981410684842683,0.2330682958883207,Low,-0.040000000000000036,0.15999999999999992,-0.8090820063590802
2019-10-18,100.74369812011719,14.25,1.66,1.58,1.58,1.76,0.0017433256661209897,0.21903954207623616,0.2093855862096964,0.23281904431172012,Low,-0.050000000000000044,0.17999999999999994,-0.8912202804073517
2019-10-21,103.24222564697266,14.0,1.67,1.59,1.62,1.8,0.024498283414643177,0.23474799976713628,0.22383424254617468,0.23506514037960607,Low,-0.08000000000000007,0.17999999999999994,-0.8769895498937728
2019-10-22,104.2784194946289,14.460000038146973,1.65,1.59,1.6,1.78,0.009986499980134057,0.1631962604367964,0.225236375652786,0.23567018882854604,Low,-0.07000000000000006,0.17999999999999994,-0.8342143379386657
2019-10-23,104.55416870117188,14.010000228881836,1.65,1.58,1.58,1.77,0.0026408652900911825,0.16770106383500089,0.21778710981938432,0.23465907133763586,Low,-0.040000000000000036,0.18999999999999995,-0.8260346853603728
2019-10-24,104.47895050048828,13.710000038146973,1.67,1.59,1.58,1.77,-0.0007196773814349325,0.17530348063436502,0.21808417843362105,0.23461366096060055,Low,-0.010000000000000009,0.18999999999999995,-0.8345550315363833
2019-10-25,105.31461334228516,12.649999618530273,1.66,1.6,1.63,1.8,0.00796656719281823,0.16995642716881457,0.2146213337694883,0.23480952500010538,Low,-0.020000000000000018,0.17000000000000015,-0.848618356671912
2019-10-28,105.71571350097656,13.109999656677246,1.65,1.6,1.64,1.85,0.0038013554515391873,0.1690193606424307,0.21450162086950902,0.23473264058611754,Low,-0.030000000000000027,0.2100000000000002,-0.8544638684244081
2019-10-29,105.64885711669922,13.199999809265137,1.63,1.59,1.64,1.84,-0.0006326167750030337,0.1240323190250217,0.21459576163037855,0.23473787037733024,Low,-0.040000000000000036,0.20000000000000018,-0.865760066096042
2019-10-30,105.06391143798828,12.329999923706055,1.62,1.59,1.61,1.78,-0.0055520810184503545,0.13042640104345224,0.20217737134999272,0.22811457983661504,Low,-0.039999999999999813,0.16999999999999993,-0.883067152321491
2019-10-31,104.38704681396484,13.220000267028809,1.54,1.53,1.52,1.69,-0.006463250260844359,0.14222663410738395,0.18623671132174907,0.22868800714682264,Low,-0.11999999999999988,0.16999999999999993,-0.8964721630480215
2019-11-01,106.79365539550781,12.300000190734863,1.52,1.53,1.56,1.73,0.02279292326464431,0.1704580499742712,0.1943461211251063,0.2231050272909571,Low,-0.1399999999999999,0.16999999999999993,-0.9045362383994847
2019-11-04,107.64602661132812,12.829999923706055,1.53,1.56,1.6,1.79,0.00794979452440146,0.13659645942382964,0.18649166878320572,0.22311779014527636,Low,-0.1399999999999999,0.18999999999999995,-0.907859595255844
2019-11-05,107.87997436523438,13.100000381469727,1.56,1.62,1.63,1.86,0.0021709477717719258,0.13287305267545832,0.1848154653570947,0.2174764919521315,Low,-0.08999999999999986,0.2300000000000002,-0.9028696437003412
2019-11-06,108.047119140625,12.619999885559082,1.56,1.58,1.61,1.81,0.0015481596687211188,0.13315972835911088,0.1546916050460024,0.21566220953571308,Low,-0.08999999999999986,0.19999999999999996,-0.9049152723349563
2019-11-07,108.63204956054688,12.729999542236328,1.56,1.58,1.68,1.92,0.0053990593033298945,0.1315384332305384,0.15477524581302257,0.2155874259353369,Low,-0.10999999999999988,0.24,-0.9056198754937206
2019-11-08,108.94959259033203,12.069999694824219,1.55,1.58,1.68,1.94,0.0029188423443460066,0.1295931916750528,0.1531012739573779,0.2110011092848083,Low,-0.10999999999999988,0.26,-0.9076935296907827
2019-11-11,108.56521606445312,12.6899995803833,1.55,1.58,1.68,1.94,-0.003534259836005532,0.13410002784739963,0.15177747219223672,0.2099578564761533,Low,-0.09999999999999987,0.26,-0.9071411591096475
2019-11-12,107.93011474609375,12.680000305175781,1.59,1.58,1.66,1.92,-0.0058671301393248025,0.14013708226879093,0.1564768129245028,0.18967191948875142,Low,-0.039999999999999813,0.26,-0.9046310896221311
2019-11-13,107.36190795898438,13.0,1.57,1.57,1.63,1.88,-0.005278487324064731,0.13972291344981064,0.13167494006842578,0.19046996451645704,Low,-0.050000000000000044,0.25,-0.9046944497516662
2019-11-14,107.46216583251953,13.050000190734863,1.57,1.55,1.58,1.82,0.0009333952107378307,0.1316351880533075,0.13040228241973978,0.1859605713253918,Low,0.030000000000000027,0.24,-0.8934737186052176
2019-11-15,108.23930358886719,12.050000190734863,1.57,1.54,1.61,1.84,0.007205710012004839,0.07803290335448475,0.1308613051031574,0.1857620708449109,Low,0.050000000000000044,0.22999999999999998,-0.8890002282654395
2019-11-18,109.15013885498047,12.460000038146973,1.57,1.54,1.6,1.81,0.008379805255104997,0.07907496883265769,0.13175486721837534,0.18330237187470783,Low,0.040000000000000036,0.20999999999999996,-0.8772550041672094
2019-11-19,109.1167221069336,12.859999656677246,1.57,1.54,1.6,1.79,-0.0003062008420399215,0.07936509882311442,0.10869598168316687,0.18343829805298278,Low,0.010000000000000009,0.18999999999999995,-0.8674473072469554
2019-11-20,108.32286834716797,12.779999732971191,1.57,1.54,1.56,1.73,-0.0073018651780805965,0.0898343902045589,0.11044804713290125,0.18405149889965866,Low,0.010000000000000009,0.16999999999999993,-0.8473201435714144
2019-11-21,108.57355499267578,13.130000114440918,1.58,1.55,1.6,1.77,0.0023115803688628866,0.08614531896431622,0.11042279789011945,0.17500305116194542,Low,0.020000000000000018,0.16999999999999993,-0.8221578591412531
2019-11-22,109.29222106933594,12.34000015258789,1.58,1.56,1.61,1.77,0.006597352703246213,0.09151161103323385,0.11122832422038882,0.17487572075290164,Low,0.030000000000000027,0.15999999999999992,-0.7825746685741553
2019-11-25,109.87715911865234,11.869999885559082,1.61,1.58,1.61,1.76,0.005337784298601189,0.091902141326611,0.10985898889110637,0.17259489500114994,Low,0.06000000000000005,0.1499999999999999,-0.7519089136659732
2019-11-26,110.02757263183594,11.539999961853027,1.6,1.59,1.58,1.74,0.0013679881778181947,0.08307404634565496,0.10968496572592155,0.17215784829609201,Low,0.010000000000000009,0.15999999999999992,-0.7751950349707211
2019-11-27,110.35346221923828,11.75,1.62,1.6,1.63,1.77,0.002957512429920437,0.07272157710541659,0.10934348332243717,0.1677925108381742,Low,0.050000000000000044,0.14000000000000012,-0.7998150561648844
2019-11-29,110.10275268554688,12.619999885559082,1.59,1.6,1.61,1.78,-0.0022744620003576133,0.0766405582464517,0.10702791030905166,0.16804641576848356,Low,0.020000000000000018,0.16999999999999993,-0.7931238402379214
2019-12-02,109.86042022705078,14.90999984741211,1.6,1.6,1.61,1.83,-0.0022033920799530166,0.07474681926869632,0.10363129765435375,0.1656497629315419,Low,0.030000000000000027,0.21999999999999997,-0.5297641863388338
2019-12-03,108.44822692871094,15.960000038146973,1.57,1.57,1.53,1.72,-0.012937765087231115,0.09386138435625566,0.08790791375127274,0.16774081349907097,Medium,0.0,0.18999999999999995,-0.3278318607543869
2019-12-04,110.5874252319336,14.800000190734863,1.55,1.56,1.58,1.77,0.019533498776391982,0.13822301169104206,0.10698082304652728,0.16642282933760108,Low,-0.020000000000000018,0.18999999999999995,-0.12225730197399406
2019-12-05,111.18907165527344,14.520000457763672,1.54,1.56,1.58,1.8,0.005425713795115342,0.13049589418837573,0.10791102453572424,0.1665056584210204,Low,-0.030000000000000027,0.21999999999999997,0.04502032750516147
2019-12-06,112.8436279296875,13.619999885559082,1.53,1.57,1.61,1.84,0.014770936207413656,0.14398540374807203,0.11738552858223926,0.16244777918853887,Low,-0.050000000000000044,0.22999999999999998,0.1519496249386116
2019-12-09,112.31719970703125,15.859999656677246,1.54,1.56,1.63,1.83,-0.004676028129651749,0.14901261084987033,0.1189613931452582,0.16179276379158616,Medium,-0.040000000000000036,0.20000000000000018,0.2864851089614954
2019-12-10,112.39237976074219,15.680000305175781,1.56,1.56,1.65,1.85,0.0006691308549824572,0.14856742974719053,0.11889967291489707,0.1618253437198117,Low,-0.050000000000000044,0.20000000000000018,0.393712295219308
2019-12-11,112.125,14.989999771118164,1.57,1.55,1.61,1.79,-0.002381819059462368,0.15038160911555426,0.11835288493668145,0.1619053374822392,Low,-0.030000000000000027,0.17999999999999994,0.46133802385439526
2019-12-12,115.33382415771484,13.9399995803833,1.56,1.55,1.66,1.9,0.028216421704328764,0.20051158833968183,0.14693121296085263,0.16657323562545298,Low,-0.06000000000000005,0.24,0.4334285723852698
2019-12-13,114.32269287109375,12.630000114440918,1.57,1.54,1.61,1.82,-0.00880565318370108,0.209108116765779,0.14996022039650722,0.16653664420612066,Low,-0.020000000000000018,0.20999999999999996,0.3970545401743477
2019-12-16,114.76557159423828,12.140000343322754,1.57,1.54,1.65,1.89,0.0038664510022855354,0.206463674161319,0.14979715390098297,0.1659023033232077,Low,-0.030000000000000027,0.24,0.2728705939659919
2019-12-17,115.46751403808594,12.289999961853027,1.56,1.53,1.63,1.89,0.006097686758395077,0.18251203609982863,0.14946620806318828,0.165366627511428,Low,-0.010000000000000009,0.26,0.183460511891331
2019-12-18,115.35051727294922,12.579999923706055,1.56,1.54,1.63,1.92,-0.0010137576730208065,0.1693815467131713,0.14880880117904952,0.1651265141214107,Low,0.010000000000000009,0.29000000000000004,0.1364773327453328
2019-12-19,114.7739486694336,12.5,1.57,1.52,1.62,1.92,-0.005010938820434993,0.17529545505765173,0.15085724187217564,0.16529428133585153,Low,0.030000000000000027,0.2999999999999998,0.08645100264615586
2019-12-20,114.6820297241211,12.510000228881836,1.58,1.52,1.63,1.92,-0.0008011902838442357,0.16347975743215387,0.14722275756455516,0.16533934073382237,Low,0.050000000000000044,0.29000000000000004,0.04687051519269863
2019-12-23,114.64859771728516,12.609999656677246,1.59,1.53,1.64,1.93,-0.0002915616413365059,0.16020354107363183,0.14758868737300476,0.16240614082494984,Low,0.050000000000000044,0.29000000000000004,0.0013371397602814114
2019-12-24,114.96614837646484,12.670000076293945,1.58,1.53,1.62,1.9,0.002765944844853138,0.1600415573751972,0.14687378562497336,0.1622856766855211,Low,0.020000000000000018,0.2799999999999998,-0.032303354325728464
2019-12-26,116.1861801147461,12.649999618530273,1.58,1.53,1.64,1.9,0.010556182371501308,0.16268200387696058,0.1492772174570979,0.16154820554128282,Low,0.010000000000000009,0.26,-0.0751922772907263
2019-12-27,116.26970672607422,13.430000305175781,1.57,1.51,1.59,1.88,0.0007186448668439011,0.0868843472174953,0.14936487709428822,0.1614862050284807,Low,0.010000000000000009,0.2899999999999998,-0.07496855418442429
2019-12-30,115.84358215332031,14.819999694824219,1.57,1.57,1.58,1.9,-0.003671698880660788,0.07381806911524331,0.15093748866924991,0.161891297697259,Low,0.0,0.31999999999999984,-0.026435011418452562
2019-12-31,116.48698425292969,13.779999732971191,1.55,1.59,1.58,1.92,0.0055386921692713595,0.07588077787448427,0.1503716445336385,0.15620041451397032,Low,-0.020000000000000018,0.33999999999999986,-0.057586313214341406
2020-01-02,117.89921569824219,12.470000267028809,1.54,1.56,1.58,1.88,0.012050611645180918,0.09048396892305814,0.15262427628172234,0.14989126264353483,Low,-0.020000000000000018,0.2999999999999998,-0.1269068724151011
2020-01-03,116.34333038330078,14.020000457763672,1.52,1.55,1.53,1.8,-0.013284590889523685,0.11878777968099988,0.15309500503232557,0.15334904579385886,Low,-0.040000000000000036,0.27,-0.12335436029857323
2020-01-06,116.25083923339844,13.850000381469727,1.56,1.54,1.54,1.81,-0.000795300715661425,0.11477412959012828,0.141791183061693,0.14912901061851375,Low,-0.010000000000000009,0.27,-0.14202244077566403
2020-01-07,114.27450561523438,13.789999961853027,1.54,1.53,1.54,1.83,-0.01714676571727445,0.14768107043099887,0.15647837050932012,0.15419021907599592,Low,-0.040000000000000036,0.29000000000000004,-0.16024476650172673
2020-01-08,115.16595458984375,13.449999809265137,1.54,1.55,1.58,1.87,0.007770673572850478,0.15322132761066334,0.1506577645483085,0.14558526710818473,Low,-0.050000000000000044,0.29000000000000004,-0.21941118514349625
2020-01-09,115.58644104003906,12.539999961853027,1.54,1.54,1.58,1.85,0.0036444858088299933,0.15365596056811964,0.14948137057741076,0.14537153552152832,Low,-0.040000000000000036,0.27,-0.31994642617087693
2020-01-10,114.43428802490234,12.5600004196167,1.54,1.53,1.56,1.83,-0.01001790278196293,0.15078066343572502,0.15460588908472273,0.1461162471851632,Low,-0.040000000000000036,0.27,-0.4443520317884673
2020-01-13,115.38462829589844,12.319999694824219,1.57,1.53,1.58,1.85,0.008270386990664798,0.15848773535902308,0.15618931848970152,0.14380803300476974,Low,0.0,0.27,-0.5771268288560202
2020-01-14,116.73020935058594,12.390000343322754,1.57,1.53,1.58,1.82,0.011594227596420006,0.16883582856764856,0.12830823673267147,0.1448921853649908,Low,0.0,0.24,-0.6845806765393068
2020-01-15,114.98094177246094,12.420000076293945,1.57,1.54,1.56,1.79,-0.015098978211138432,0.1836262755182014,0.13574116760335922,0.13877453012452265,Low,0.020000000000000018,0.22999999999999998,-0.6635096525121785
2020-01-16,115.42668914794922,12.319999694824219,1.55,1.54,1.58,1.81,0.0038692115344184084,0.17113760913744913,0.1357420886319329,0.1385087890780984,Low,0.010000000000000009,0.22999999999999998,-0.578956705907146
2020-01-17,116.2256088256836,12.100000381469727,1.56,1.56,1.58,1.84,0.006897603453389057,0.16411490246629112,0.1362020406059137,0.13866124558330492,Low,0.040000000000000036,0.26,-0.5523822010189555
2020-01-21,115.08185577392578,12.850000381469727,1.56,1.54,1.53,1.78,-0.009889541399786175,0.17138069961605235,0.14068687488502415,0.14078555271604185,Low,0.0,0.25,-0.5186780589086157
2020-01-22,114.94731140136719,12.90999984741211,1.55,1.55,1.53,1.77,-0.0011698028519925776,0.1461740280995027,0.1396264832759817,0.13336023755168663,Low,0.010000000000000009,0.24,-0.520390667014405
2020-01-23,114.82951354980469,12.979999542236328,1.55,1.55,1.51,1.74,-0.001025324132731869,0.1406345385800666,0.13964629918424673,0.1323957875160447,Low,0.010000000000000009,0.22999999999999998,-0.3950449442260033
2020-01-24,111.97859954833984,14.5600004196167,1.54,1.55,1.49,1.7,-0.025140759938521794,0.18523533899284234,0.16471727276041526,0.14270607179894795,Low,0.0,0.20999999999999996,-0.3351185849880664
2020-01-27,111.03667449951172,18.229999542236328,1.55,1.53,1.44,1.61,-0.0084472299381219,0.1837717867443266,0.165957681718285,0.14393573333253776,Medium,0.010000000000000009,0.17000000000000015,-0.5511309107144601
2020-01-28,113.0550537109375,16.280000686645508,1.57,1.53,1.45,1.65,0.01801435341174437,0.2057234902314345,0.17465590215059232,0.14728578747259757,Medium,0.0,0.19999999999999996,-0.6063328775209554
2020-01-29,112.88687896728516,16.389999389648438,1.56,1.51,1.42,1.6,-0.001488654830172069,0.19143329840364892,0.17450161854677354,0.14727519200460787,Medium,-0.010000000000000009,0.18000000000000016,-0.6616512192167526
2020-01-30,114.2829360961914,15.489999771118164,1.57,1.48,1.41,1.57,0.012291022938764265,0.1937209295258357,0.18054672854169315,0.14893675342821877,Low,0.0,0.16000000000000014,-0.6769456921278049
2020-01-31,111.314208984375,18.84000015258789,1.55,1.45,1.33,1.51,-0.02632035519478808,0.23005334727296498,0.19952902722857338,0.15828862986165748,Medium,0.0,0.17999999999999994,-0.7483259105100649
2020-02-03,112.16358947753906,17.969999313354492,1.57,1.46,1.36,1.54,0.0076015119979197234,0.23098036969332697,0.19610144470980947,0.15812249699745162,Medium,0.010000000000000009,0.17999999999999994,-0.7749026188431724
2020-02-04,113.77833557128906,16.049999237060547,1.57,1.48,1.41,1.61,0.014293704771301414,0.24395565263461508,0.20000136352927916,0.1542585405437828,Medium,0.010000000000000009,0.20000000000000018,-0.7842637364349024
2020-02-05,115.71260833740234,15.149999618530273,1.57,1.49,1.44,1.66,0.016857471923246645,0.2601403109676325,0.20942409048070093,0.15689460769258423,Low,0.020000000000000018,0.21999999999999997,-0.7741989162981134
2020-02-06,115.72943115234375,14.960000038146973,1.57,1.51,1.44,1.65,0.00014537389152061264,0.2599938387991068,0.20017756020890107,0.1568931786871868,Low,0.020000000000000018,0.20999999999999996,-0.7702387180770918
2020-02-07,115.35940551757812,15.470000267028809,1.56,1.49,1.41,1.59,-0.003202456305011744,0.21881424092527874,0.19883106689757155,0.15712736717319106,Low,0.020000000000000018,0.18000000000000016,-0.7624403262931131
2020-02-10,115.83877563476562,15.039999961853027,1.58,1.45,1.37,1.56,0.004146838887280974,0.20933537104139585,0.19895212074516028,0.15700606278805618,Low,0.030000000000000027,0.18999999999999995,-0.7416532410019404
2020-02-11,116.05744171142578,15.180000305175781,1.57,1.48,1.41,1.59,0.0018858965788372194,0.19475642961129705,0.19556603339075807,0.15696886236455837,Low,0.0,0.18000000000000016,-0.7190850184507767
2020-02-12,116.05744171142578,13.739999771118164,1.58,1.49,1.44,1.62,0.0,0.19401883786457436,0.19360522661758955,0.15671256092599936,Low,0.020000000000000018,0.18000000000000016,-0.7297593403291724
2020-02-13,115.95651245117188,14.149999618530273,1.59,1.48,1.44,1.61,-0.0008700275548917624,0.18705891366605962,0.1891890589231841,0.1561324734273086,Low,0.020000000000000018,0.17000000000000015,-0.7296193795576907
2020-02-14,115.60330963134766,13.680000305175781,1.58,1.49,1.42,1.59,-0.003050642296826485,0.11155140662159019,0.1817863416377998,0.15582357872852884,Low,0.030000000000000027,0.17000000000000015,-0.7233270455629973
2020-02-18,114.07266998291016,14.829999923706055,1.58,1.47,1.41,1.55,-0.013328884561236886,0.1378588651434905,0.18716326861700144,0.15850087788411593,Low,0.010000000000000009,0.14000000000000012,-0.7309040913832572
2020-02-19,115.62850189208984,14.380000114440918,1.58,1.47,1.42,1.56,0.013546780712081258,0.13598472721572738,0.19186072228941592,0.16001859871054755,Low,0.010000000000000009,0.14000000000000012,-0.7301454817613193
2020-02-20,115.62850189208984,15.5600004196167,1.58,1.46,1.39,1.52,0.0,0.1061226207922713,0.18862837201735302,0.15933427476401762,Low,0.010000000000000009,0.13000000000000012,-0.7138191281885404
2020-02-21,114.21564483642578,17.079999923706055,1.56,1.43,1.34,1.46,-0.01229419910428177,0.12251371948204604,0.19353781347785057,0.16149701810899172,Medium,-0.010000000000000009,0.11999999999999988,-0.7038776352725635
2020-02-24,111.14601135253906,25.030000686645508,1.53,1.35,1.26,1.38,-0.02724352840495812,0.1792020362964044,0.2149003125867125,0.17021504181352093,High,-0.030000000000000027,0.11999999999999988,-0.7301207297257764
2020-02-25,106.18413543701172,27.850000381469727,1.53,1.3,1.2,1.33,-0.04567004068232805,0.2696369938503577,0.2518782035476418,0.19349360554247938,High,-0.050000000000000044,0.13000000000000012,-0.8594804580966146
2020-02-26,106.50371551513672,27.559999465942383,1.53,1.26,1.16,1.33,0.0030051581903175802,0.27092312903942656,0.25161248820988086,0.19310211435573213,High,-0.040000000000000036,0.17000000000000015,-0.8997633478458793
2020-02-27,102.07166290283203,39.15999984741211,1.45,1.18,1.11,1.3,-0.04250472793599906,0.3138139797089179,0.27705457559394486,0.21025833113497622,High,-0.13000000000000012,0.18999999999999995,-0.9388898879138587
2020-02-28,97.64800262451172,40.11000061035156,1.27,0.97,0.86,1.13,-0.04430594139159034,0.34191396658998396,0.30840595115120906,0.22718012918144093,High,-0.32000000000000006,0.2699999999999999,-0.9601307069389842
2020-03-02,102.19781494140625,33.41999816894531,1.13,0.89,0.84,1.1,0.04554109464056063,0.46353722653449136,0.3527972516436128,0.2460566830056924,High,-0.4500000000000002,0.2600000000000001,-0.9655176216390087
2020-03-03,98.36287689208984,36.81999969482422,0.95,0.73,0.71,1.02,-0.03824683180180603,0.48157426294026934,0.36398312711082037,0.25696043043299555,High,-0.6300000000000001,0.31000000000000005,-0.9685014724412372
2020-03-04,100.7933349609375,31.989999771118164,0.72,0.59,0.67,1.02,0.024408766513716065,0.5021353828674124,0.37628157671928986,0.2622441505552096,High,-0.8600000000000001,0.35,-0.9681245155198267
2020-03-05,95.84829711914062,39.619998931884766,0.62,0.48,0.59,0.92,-0.05030552879986477,0.5265267563519297,0.40013760815860033,0.2790557088326563,High,-0.9600000000000001,0.33000000000000007,-0.9723122747257741
2020-03-06,90.89482116699219,41.939998626708984,0.45,0.39,0.49,0.74,-0.05306367653196907,0.551680160865241,0.4179546340870842,0.29371579238421086,High,-1.11,0.25,-0.9714196250354334
2020-03-09,78.5826416015625,54.459999084472656,0.33,0.31,0.38,0.54,-0.1455521964185169,0.8284070931193296,0.6218350959083133,0.4086159427765808,High,-1.2,0.16000000000000003,-0.9768029149572012
2020-03-10,84.68827819824219,47.29999923706055,0.44,0.43,0.5,0.76,0.07482636980700605,0.9888966827962452,0.6997786243239711,0.4373719625269979,High,-1.09,0.26,-0.9783483286439426
2020-03-11,80.70195770263672,53.900001525878906,0.42,0.4,0.5,0.82,-0.04821436609031328,0.9851535773289565,0.7054774563016327,0.44600344634315037,High,-1.11,0.31999999999999995,-0.9819740134389375
2020-03-12,74.04969787597656,75.47000122070312,0.33,0.39,0.5,0.88,-0.08602637329305392,1.0267620754862086,0.740360457045668,0.4741456357727242,High,-1.1199999999999999,0.38,-0.9794825203250861
2020-03-13,87.38790130615234,57.83000183105469,0.28,0.38,0.49,0.94,0.1656203833827527,1.4216951584124569,0.9831584443518906,0.5860933684058345,High,-0.99,0.44999999999999996,-0.9775260517369743
2020-03-16,74.31038665771484,82.69000244140625,0.24,0.29,0.36,0.73,-0.16210610862546118,1.5649676726495507,1.1077922891749994,0.6622840772826775,High,-0.8899999999999999,0.37,-0.9732110145433155
2020-03-17,78.85176849365234,75.91000366210938,0.19,0.3,0.47,1.02,0.05931900627658462,1.6291537211902267,1.141223653304133,0.6754048012343864,High,-0.76,0.55,-0.9715189963125325
2020-03-18,70.55113220214844,76.44999694824219,0.02,0.21,0.54,1.18,-0.11123201534576867,1.6626592246519079,1.1854735338725577,0.7071266031770851,High,-0.7,0.6399999999999999,-0.9746741611841099
2020-03-19,71.73694610595703,72.0,0.04,0.2,0.44,1.12,0.016668175888651784,1.6800570554234828,1.1867307125251456,0.7082814146275463,High,-0.58,0.6800000000000002,-0.9759815468004879
2020-03-20,70.22315216064453,66.04000091552734,0.05,0.15,0.37,0.92,-0.021327842764985682,1.6748622579700834,1.1838794750379058,0.7086839788925967,High,-0.4,0.55,-0.97322832550503
2020-03-23,66.46389770507812,61.59000015258789,0.02,0.17,0.28,0.76,-0.0550191509271245,1.5506758388510136,1.187915781117972,0.7148922024117266,High,-0.31,0.48,-0.9628789906096228
2020-03-24,74.3692398071289,61.66999816894531,0.01,0.25,0.38,0.84,0.11238350430535177,1.6225728959717836,1.2806057559374944,0.754688881840414,High,-0.43,0.45999999999999996,-0.9611439231934431
2020-03-25,77.14454650878906,63.95000076293945,0.0,0.19,0.34,0.88,0.03663847655606071,1.6269055753703296,1.29081597149895,0.7595965929811139,High,-0.42,0.54,-0.9603866574893649
2020-03-26,82.5185317993164,61.0,0.0,0.13,0.3,0.83,0.06734200653484501,1.5935630532223732,1.3211416019699809,0.7735763902744069,High,-0.33,0.53,-0.9580792034013149
2020-03-27,76.63993835449219,65.54000091552734,0.03,0.11,0.25,0.72,-0.07390456667540843,1.3816438025014939,1.3346404886117005,0.784916049484811,High,-0.25,0.47,-0.9561955485881319
2020-03-30,78.63311004638672,57.08000183105469,0.12,0.14,0.23,0.7,0.025674528834213915,1.1094485321534013,1.3363991206739072,0.787445229582249,High,-0.12,0.47,-0.9516840980046459
2020-03-31,75.71485900878906,53.540000915527344,0.11,0.17,0.23,0.7,-0.03781842886849657,1.0847741835789781,1.3236379924551067,0.789955625964624,High,-0.08,0.47,-0.9410738988273655
2020-04-01,70.9463882446289,57.060001373291016,0.09,0.16,0.23,0.62,-0.06504993260907133,0.9763770213930595,1.33297589063087,0.7980659710700557,High,0.06999999999999999,0.39,-0.925281837546602
2020-04-02,73.5955581665039,50.90999984741211,0.09,0.14,0.23,0.63,0.03666017624773547,0.990666163685852,1.3382695387777594,0.8020705187192014,High,0.049999999999999996,0.4,-0.900215061394739
2020-04-03,71.42021942138672,46.79999923706055,0.1,0.15,0.23,0.62,-0.030003658485378303,0.9974572773249584,1.3333552809132345,0.8032584360431577,High,0.05,0.39,-0.8528373848478428
2020-04-06,76.01729583740234,45.2400016784668,0.15,0.2,0.27,0.67,0.06237987677291375,0.9845878946444722,1.3506092797328186,0.8153268102187357,High,0.13,0.4,-0.8126648873116481
2020-04-07,77.02000427246094,46.70000076293945,0.14,0.2,0.28,0.75,0.013104292656275664,0.8170980928285708,1.2563040049262961,0.8160023455353189,High,0.13,0.47,-0.7747552765307653
2020-04-08,80.1300048828125,43.349998474121094,0.22,0.23,0.27,0.77,0.03958519286725372,0.8205706034251602,1.2352740594357086,0.8206934645495905,High,0.22,0.5,-0.7276081983914761
2020-04-09,87.31876373291016,41.66999816894531,0.25,0.25,0.23,0.73,0.08591499696386032,0.8649401272708422,1.2600507642237582,0.8407730854385276,High,0.25,0.5,-0.7199096725677971
2020-04-13,83.43547058105469,41.16999816894531,0.26,0.27,0.25,0.76,-0.04549184801526751,0.8011728533601864,1.231153146582368,0.8447118569642853,High,0.23,0.51,-0.7037655210980673
2020-04-14,81.14968872070312,37.7599983215332,0.2,0.25,0.23,0.76,-0.0277780675723167,0.8139141050511353,1.088620613249024,0.8454839035013688,High,0.08000000000000002,0.53,-0.6563855351641738
2020-04-15,77.14743041992188,40.84000015258789,0.14,0.19,0.2,0.63,-0.05057718613535284,0.8341643183042714,0.9426915378735924,0.8494827443590274,High,0.030000000000000013,0.43,-0.6033179116271987
2020-04-16,74.20734405517578,40.11000061035156,0.14,0.17,0.2,0.61,-0.038855150206701106,0.7841872897936665,0.9284313514452537,0.8517773770115601,High,0.05000000000000002,0.41,-0.49383228505841614
2020-04-17,80.87779235839844,38.150001525878906,0.12,0.16,0.2,0.65,0.08607615730733151,0.87492871146072,0.8890784046722213,0.8716577714870659,High,0.03,0.45,-0.4599165833587115
2020-04-20,77.92918395996094,43.83000183105469,0.12,0.15,0.2,0.63,-0.03713876271625974,0.8846138702968858,0.9007895549837629,0.8735295154872744,High,0.01999999999999999,0.43,-0.4233659962297585
2020-04-21,75.66889953613281,45.40999984741211,0.11,0.17,0.2,0.58,-0.02943327868540495,0.8479886906322602,0.9040862038854043,0.8747255444633828,High,-0.039999999999999994,0.37999999999999995,-0.41150686055367763
2020-04-22,75.91531372070312,41.97999954223633,0.12,0.16,0.22,0.63,0.003251188185503181,0.845013169164484,0.8786942842315688,0.8748829032475588,High,-0.020000000000000018,0.41000000000000003,-0.3852804465654588
2020-04-23,75.95780944824219,41.380001068115234,0.11,0.17,0.22,0.61,0.0005596214492915544,0.8140999617985016,0.7894984777507704,0.8749295822910372,High,-0.11,0.39,-0.37649212795122877
2020-04-24,77.07946014404297,35.93000030517578,0.12,0.18,0.22,0.6,0.01465879238123393,0.653102133998632,0.7806208913668495,0.875115006757634,High,-0.13,0.38,-0.35777850784796933
2020-04-27,80.40191650390625,33.290000915527344,0.12,0.17,0.24,0.67,0.042201173332053,0.6768914817608832,0.7578019458631483,0.8803693200870151,High,-0.14,0.43000000000000005,-0.4507898897481954
2020-04-28,80.97122955322266,33.56999969482422,0.11,0.16,0.2,0.62,0.007055887862242763,0.6646786254095685,0.7103964223177048,0.8794710185131811,High,-0.09000000000000001,0.42,-0.48053721387585646
2020-04-29,83.15506744384766,31.229999542236328,0.1,0.18,0.2,0.63,0.026613246307292664,0.6117776440314431,0.71078764180217,0.8817586839897913,High,-0.04000000000000001,0.43,-0.5897346965470891
2020-04-30,81.37062072753906,34.150001525878906,0.09,0.16,0.2,0.64,-0.021692864047235548,0.5806410988188044,0.7013483026131814,0.8816927563550655,High,-0.05000000000000002,0.44,-0.5665136045133649
2020-05-01,79.23778533935547,37.189998626708984,0.12,0.17,0.2,0.64,-0.026561010467991763,0.4147828849444083,0.6657669550020704,0.8817161058525107,High,0.0,0.44,-0.5368435457281318
2020-05-04,78.29458618164062,35.970001220703125,0.13,0.16,0.19,0.64,-0.011974814058978694,0.372228021838035,0.6581412375190322,0.8814124765683582,High,0.010000000000000009,0.45,-0.47899934671258226
2020-05-05,78.17560577392578,33.61000061035156,0.13,0.16,0.19,0.66,-0.0015208063486064794,0.33383956253877695,0.647482823632576,0.8805210102073106,High,0.020000000000000004,0.47000000000000003,-0.3908144936924157
2020-05-06,76.70555877685547,34.119998931884766,0.12,0.16,0.17,0.72,-0.01898347223921167,0.3520184811615265,0.6161144191570888,0.8796638449183096,High,0.0,0.5499999999999999,-0.33138752077774564
2020-05-07,77.50431060791016,31.440000534057617,0.11,0.15,0.13,0.63,0.010359375538158487,0.35507168380096854,0.6154759396107636,0.8802157143628568,High,0.0,0.5,-0.3205777059579398
2020-05-08,78.77042388916016,27.979999542236328,0.12,0.15,0.16,0.69,0.01620403949380214,0.35669334326749225,0.6018495245590652,0.8813540027824774,High,0.0,0.5299999999999999,-0.44650585113814845
2020-05-11,76.45065307617188,27.56999969482422,0.12,0.16,0.17,0.73,-0.029892120188196657,0.3107912124361139,0.5196643685379649,0.8823810822614768,High,0.0,0.5599999999999999,-0.426300337072276
2020-05-12,73.95243835449219,33.040000915527344,0.13,0.16,0.17,0.69,-0.03322331323670193,0.3319544901108285,0.5096563121411248,0.8838021315745129,High,0.020000000000000004,0.5199999999999999,-0.4285615626305198
2020-05-13,71.40322875976562,35.279998779296875,0.13,0.15,0.16,0.64,-0.035079072580534935,0.2878122423771851,0.5142401364759165,0.8854312634804189,High,0.03,0.48,-0.36149535630768553
2020-05-14,74.36878967285156,32.61000061035156,0.12,0.15,0.16,0.63,0.04069327113438319,0.3979429666952493,0.5119493008622351,0.8906231729230049,High,0.03,0.47,-0.1910706240343235
2020-05-15,72.99222564697266,31.889999389648438,0.12,0.15,0.16,0.64,-0.01868342269210262,0.3900955028623645,0.49810807272747293,0.8908865681593059,High,0.0,0.48,-0.056499987182149006
2020-05-18,76.8585205078125,29.299999237060547,0.13,0.17,0.18,0.73,0.05161339827826071,0.4905747190792857,0.43235080475621024,0.8985351307670892,High,0.0,0.55,0.07344170205585386
2020-05-19,75.34600830078125,30.530000686645508,0.13,0.16,0.17,0.7,-0.019875387536947703,0.49881217857128946,0.4188110886268069,0.8980256868188202,High,0.0,0.5299999999999999,0.13888640726627832
2020-05-20,77.60629272460938,27.989999771118164,0.12,0.16,0.16,0.68,0.029557567481671404,0.516342309091487,0.41927726517248926,0.9008763432035588,High,0.0,0.52,0.17056521283130957
2020-05-21,76.62060546875,29.530000686645508,0.12,0.16,0.17,0.68,-0.012782474243575438,0.5178734220147656,0.421961076164042,0.900890013292214,High,0.009999999999999995,0.51,0.15588402338720536
2020-05-22,76.02577209472656,28.15999984741211,0.12,0.17,0.17,0.66,-0.0077936521575371455,0.5093015502680701,0.4229224180412012,0.8998947057197499,High,0.0,0.49,0.05884812757577959
2020-05-26,81.4216079711914,28.010000228881836,0.14,0.17,0.18,0.69,0.06856830266103149,0.5986855556884775,0.4833162491010683,0.9084044979152426,High,0.020000000000000018,0.51,-0.0993271051790218
2020-05-27,86.13763427734375,27.6200008392334,0.15,0.18,0.19,0.68,0.0563057235808855,0.601881200724403,0.5000540333115281,0.9163464530987824,High,0.01999999999999999,0.49000000000000005,-0.2355416271742231
2020-05-28,84.85453796386719,28.59000015258789,0.15,0.17,0.17,0.7,-0.015007943113538355,0.561997371086634,0.5037828043730335,0.9132181342709685,High,0.01999999999999999,0.5299999999999999,-0.2867848904164602
2020-05-29,82.68769073486328,27.510000228881836,0.14,0.17,0.16,0.65,-0.025867723872890803,0.5832143737255842,0.5045807334680943,0.9105635363790893,High,0.020000000000000018,0.49,-0.2900419503344857
2020-06-01,83.78385162353516,28.229999542236328,0.14,0.17,0.14,0.66,0.013169538961182042,0.559880615468864,0.5003641404969261,0.9058912115266378,High,0.020000000000000018,0.52,-0.3592127040107523
2020-06-02,84.06429290771484,26.84000015258789,0.15,0.17,0.17,0.68,0.003341610309983997,0.51955565966591,0.48992918727523416,0.9031573190546041,High,0.01999999999999999,0.51,-0.4240371257400772
2020-06-03,88.60186767578125,25.65999984741211,0.16,0.17,0.19,0.77,0.052571039412021375,0.5340490817696226,0.5157199880727708,0.9083085132863802,High,0.03,0.5800000000000001,-0.47893776033706
2020-06-04,90.44578552246094,25.809999465942383,0.15,0.17,0.19,0.82,0.020597678949360543,0.5296530641518826,0.5174046466036765,0.9040564416066041,High,0.03,0.6299999999999999,-0.5271257827278396
2020-06-05,94.51600646972656,24.520000457763672,0.15,0.18,0.22,0.91,0.04401858458813504,0.5219940340576718,0.5236193521085513,0.9021461163658598,High,0.03,0.6900000000000001,-0.6016880801252156
2020-06-08,96.40240478515625,25.809999465942383,0.17,0.19,0.22,0.88,0.01976194642102206,0.4971875690224738,0.5247255225509052,0.8524962860702467,High,0.05000000000000002,0.66,-0.6268975588696996
2020-06-09,93.92969512939453,27.56999969482422,0.19,0.19,0.2,0.84,-0.02598456892964988,0.48492955405441446,0.5389940532009591,0.841866964895771,High,0.04999999999999999,0.6399999999999999,-0.6345170734355661
2020-06-10,90.12287139892578,27.56999969482422,0.17,0.18,0.17,0.75,-0.04137260127344532,0.49575100005668704,0.550607883429984,0.840329851176602,High,0.020000000000000018,0.58,-0.652667572762703
2020-06-11,82.60271453857422,40.790000915527344,0.17,0.19,0.19,0.66,-0.08713143335631121,0.6750831080703044,0.6275497854924067,0.8408018004237301,High,0.020000000000000018,0.47000000000000003,-0.5481195150900238
2020-06-12,84.86302947998047,36.09000015258789,0.16,0.18,0.19,0.71,0.026995995227417382,0.676420456333205,0.6139580426586728,0.7740381529135643,High,0.01999999999999999,0.52,-0.5081478489717789
2020-06-15,86.03565216064453,34.400001525878906,0.18,0.17,0.19,0.71,0.013723231477266179,0.676668446653775,0.6029968657771699,0.7012575593677107,High,0.03999999999999998,0.52,-0.47696939122723137
2020-06-16,86.7239761352539,33.66999816894531,0.17,0.18,0.21,0.75,0.007968616553650111,0.6771988971709668,0.5957517655311815,0.6917506081220679,High,0.020000000000000018,0.54,-0.4358339777583248
2020-06-17,84.5316390991211,33.470001220703125,0.17,0.19,0.19,0.74,-0.025604495417106545,0.6293609403966034,0.5848163032731615,0.6552637991768475,High,0.010000000000000009,0.55,-0.4078185059315576
2020-06-18,84.07278442382812,32.939998626708984,0.16,0.19,0.19,0.71,-0.005442986590083217,0.6134237922269753,0.5793383924310314,0.6548634068552905,High,0.010000000000000009,0.52,-0.37773848913406416
2020-06-19,83.11258697509766,35.119998931884766,0.15,0.18,0.19,0.7,-0.011486746698849505,0.5425785043653956,0.575043013638229,0.6537016001079667,High,0.0,0.51,-0.3575238866622897
2020-06-22,82.21184539794922,31.770000457763672,0.16,0.17,0.19,0.71,-0.01089676192436825,0.5119323640914615,0.5744167498970295,0.6437543529591455,High,-0.010000000000000009,0.52,-0.37369478039264736
2020-06-23,83.21455383300781,31.3700008392334,0.16,0.18,0.18,0.72,0.01212286212892686,0.5264963545752276,0.5736895193979179,0.6048010616736905,High,-0.03,0.54,-0.4071706324968089
2020-06-24,80.4358901977539,33.84000015258789,0.15,0.17,0.19,0.69,-0.033961786332368765,0.5161775515114301,0.5377927792502295,0.60474656350862,High,-0.020000000000000018,0.49999999999999994,-0.3965515966962352
2020-06-25,83.24002838134766,32.220001220703125,0.16,0.17,0.17,0.68,0.034267870408875925,0.35041005012210985,0.5132809784380228,0.5934363314537201,High,-0.010000000000000009,0.51,-0.34231656091087687
2020-06-26,78.67696380615234,34.72999954223633,0.14,0.17,0.17,0.64,-0.056377938851113474,0.41893141588037475,0.5458410930153239,0.5855307036943787,High,-0.01999999999999999,0.47,-0.3486190751151383
2020-06-29,79.02536010742188,31.780000686645508,0.14,0.16,0.16,0.64,0.004418411338737266,0.40815523363233475,0.5403277727234407,0.5833430361925036,High,-0.03999999999999998,0.48,-0.3514462641829363
2020-06-30,79.92604064941406,30.43000030517578,0.16,0.16,0.16,0.66,0.011332900214326935,0.41228445432784055,0.5397084465334827,0.5786281150815975,High,-0.010000000000000009,0.5,-0.3730698457104586
2020-07-01,79.24628448486328,28.6200008392334,0.14,0.16,0.17,0.69,-0.008541186998802207,0.40081086504537156,0.5397284673943951,0.563300411219286,High,-0.03,0.5199999999999999,-0.3669516093920996
2020-07-02,79.50367736816406,27.68000030517578,0.14,0.16,0.16,0.68,0.003242748607253643,0.40378642822190347,0.5016600820803048,0.5588313871719086,High,-0.01999999999999999,0.52,-0.37698548874343113
2020-07-06,81.51146697998047,27.940000534057617,0.15,0.16,0.16,0.69,0.02494043269666331,0.4294756025258497,0.5046859929326979,0.5571531057547089,High,0.0,0.5299999999999999,-0.3873700944519243
2020-07-07,79.21195220947266,29.43000030517578,0.15,0.15,0.16,0.65,-0.028616510320370346,0.44860279916529705,0.4778922087841291,0.5467627992262506,High,-0.010000000000000009,0.49,-0.4281315536416757
2020-07-08,80.05280303955078,28.079999923706055,0.15,0.15,0.16,0.67,0.01055925576887495,0.4471231300899939,0.4720843036546712,0.546550890165329,High,-0.010000000000000009,0.51,-0.4194310833349143
2020-07-09,78.31963348388672,29.260000228881836,0.13,0.15,0.16,0.62,-0.021888136453340284,0.42807616563591033,0.4704212256451699,0.5425482851914543,High,-0.01999999999999999,0.45999999999999996,-0.3905964840811529
2020-07-10,82.60112762451172,27.290000915527344,0.13,0.15,0.16,0.65,0.053225013576570626,0.48115967854896996,0.5006852221920596,0.5250770581628575,High,-0.03,0.49,-0.37584232884762075
2020-07-13,83.78520202636719,32.189998626708984,0.14,0.16,0.16,0.64,0.014233073035004679,0.3705075396451562,0.40251254991712726,0.5179919466227791,High,0.0,0.48,-0.38796751783341243
2020-07-14,84.26567077636719,29.520000457763672,0.15,0.17,0.14,0.63,0.005718150119102969,0.37038107384456104,0.39158261339735473,0.5149969159172892,High,0.009999999999999981,0.49,-0.3918691894250547
2020-07-15,85.56986236572266,27.760000228881836,0.16,0.15,0.16,0.64,0.015358590771563806,0.3724217555399568,0.39236264772961504,0.5051557097444097,High,0.0,0.48,-0.4024946949300195
2020-07-16,85.81010437011719,28.0,0.11,0.14,0.16,0.62,0.0028036201235706708,0.36356597876018726,0.39140483967853473,0.49840647942035704,High,-0.030000000000000013,0.45999999999999996,-0.38207844113916345
2020-07-17,84.22280883789062,25.68000030517578,0.11,0.14,0.14,0.64,-0.018670992735878796,0.3873854874804856,0.3865087895593202,0.4700714012617475,High,-0.030000000000000013,0.5,-0.33267400961751054
2020-07-20,83.48487854003906,24.459999084472656,0.13,0.14,0.16,0.62,-0.008800253247387056,0.3775272770964846,0.3872596639657309,0.4641936664347653,High,-0.01999999999999999,0.45999999999999996,-0.21634798184780576
2020-07-21,85.29528045654297,24.84000015258789,0.13,0.15,0.14,0.61,0.021453604076058702,0.3446122001919054,0.39208815571616434,0.4617424450009003,High,-0.01999999999999999,0.47,-0.12050180878106721
2020-07-22,84.67752075195312,24.31999969482422,0.13,0.14,0.14,0.6,-0.00726895621275811,0.3515854413310041,0.3908733960218036,0.4620966327382968,High,-0.01999999999999999,0.45999999999999996,-0.07136236807598538
2020-07-23,84.92633819580078,26.079999923706055,0.12,0.14,0.16,0.59,0.002934103314586433,0.3176580326686619,0.38899090331234626,0.4620965111869802,High,-0.010000000000000009,0.42999999999999994,-0.03712827229548174
2020-07-24,84.32572174072266,25.84000015258789,0.11,0.16,0.14,0.59,-0.007097331358856905,0.2004112235325751,0.3692239129958994,0.4616787933232107,High,-0.020000000000000004,0.44999999999999996,-0.06353743628885174
2020-07-27,83.14165496826172,24.739999771118164,0.11,0.14,0.15,0.62,-0.014141100520255852,0.20278234073305665,0.35410066103901355,0.4551591384187026,High,-0.030000000000000013,0.47,-0.12906840500712505
2020-07-28,83.50205993652344,25.440000534057617,0.11,0.14,0.14,0.59,0.004325462024025582,0.20165182479252397,0.28887621733382157,0.45503280862040085,High,-0.039999999999999994,0.44999999999999996,-0.22067628341903273
2020-07-29,85.5269546508789,24.100000381469727,0.11,0.13,0.12,0.58,0.02396028388262437,0.22442066954262535,0.29801371807294097,0.4544442800649041,High,-0.05,0.45999999999999996,-0.370220294475945
2020-07-30,83.24463653564453,24.760000228881836,0.09,0.11,0.11,0.55,-0.027047884546775845,0.26086405448080907,0.3149118099017265,0.4556292975608843,High,-0.020000000000000004,0.44000000000000006,-0.43014061666671805
2020-07-31,82.9185791015625,24.459999084472656,0.09,0.11,0.11,0.55,-0.003924549140778279,0.24620727768692974,0.3133786142485755,0.45243080139783,High,-0.020000000000000004,0.44000000000000006,-0.4731534662389104
2020-08-03,82.45525360107422,24.280000686645508,0.1,0.12,0.11,0.56,-0.005603386040032521,0.24408912704933133,0.3144887667077248,0.4518832407893183,High,-0.03,0.45000000000000007,-0.5195035840792216
2020-08-04,81.98334503173828,23.760000228881836,0.09,0.14,0.11,0.52,-0.005739648340328302,0.20893638483100532,0.30374007625347166,0.452050881947239,High,-0.04000000000000001,0.41000000000000003,-0.502963638175407
2020-08-05,83.40764617919922,22.989999771118164,0.1,0.12,0.11,0.55,0.017223868702312514,0.2328813184227324,0.2899990285444939,0.4514247216717929,High,-0.03,0.44000000000000006,-0.5291387120145717
2020-08-06,83.43338775634766,22.649999618530273,0.1,0.14,0.11,0.55,0.0003085760948069267,0.23184878234825163,0.28856125262030063,0.4510549774737863,High,-0.01999999999999999,0.44000000000000006,-0.5093206560101339
2020-08-07,85.26954650878906,22.209999084472656,0.1,0.14,0.13,0.57,0.021768812379688255,0.2571886171380031,0.28265086137677137,0.45194528318211635,High,-0.009999999999999995,0.43999999999999995,-0.5803225851059829
2020-08-10,86.35063934326172,22.1299991607666,0.11,0.13,0.14,0.59,0.012598834213808266,0.24763376739242535,0.22215187741491738,0.44801422845639655,High,0.0,0.44999999999999996,-0.5523264624264402
2020-08-11,89.07913970947266,24.030000686645508,0.11,0.15,0.16,0.64,0.031108976181413284,0.28320918268721146,0.2406718602223168,0.4459664471154915,High,0.0,0.48,-0.5037725578459044
2020-08-12,88.3240737915039,22.280000686645508,0.11,0.13,0.16,0.69,-0.00851247801599007,0.2737997799631968,0.24361598720220073,0.43988129659588016,High,0.0,0.5299999999999999,-0.5096204848019081
2020-08-13,87.83503723144531,22.1299991607666,0.1,0.14,0.16,0.71,-0.005552228477109298,0.22400315932673182,0.24017280252342393,0.43361423568253693,High,0.010000000000000009,0.5499999999999999,-0.5180043554642125
2020-08-14,87.86932373046875,22.049999237060547,0.1,0.13,0.14,0.71,0.000390274883001412,0.2200029532825938,0.24012085544594444,0.43147428801702076,High,0.010000000000000009,0.57,-0.5354449428445093
2020-08-17,85.55268859863281,21.350000381469727,0.1,0.13,0.14,0.69,-0.02671832616370628,0.2704057571428716,0.24990094897238194,0.4239374695148902,High,0.0,0.5499999999999999,-0.5244497379222082
2020-08-18,84.36005401611328,21.510000228881836,0.09,0.13,0.14,0.67,-0.014038431148758327,0.2814888373265317,0.25306101203775194,0.42288944433145803,High,0.0,0.53,-0.451263771187976
2020-08-19,84.55741882324219,22.540000915527344,0.11,0.13,0.14,0.68,0.002336820384822808,0.26989675314062506,0.24151480501673245,0.4191131302741246,High,0.009999999999999995,0.54,-0.4029429565530911
2020-08-20,83.5449447631836,22.719999313354492,0.11,0.12,0.13,0.65,-0.01204606861655205,0.2782524723953985,0.24377962403672201,0.41901469523228474,High,0.009999999999999995,0.52,-0.2620442590797288
2020-08-21,83.50205993652344,22.540000915527344,0.1,0.13,0.16,0.64,-0.0005134462324467075,0.25087781754146044,0.2434348275585824,0.41862012612483224,High,0.0,0.48,-0.20332694792598335
2020-08-24,85.85298919677734,22.3700008392334,0.12,0.14,0.14,0.65,0.02776510411891002,0.28498312098040857,0.2613761627937258,0.39956576788814285,High,0.009999999999999995,0.51,-0.1923188959835705
2020-08-25,86.23054504394531,22.030000686645508,0.11,0.13,0.15,0.69,0.004388060190136701,0.22758056236308677,0.2558033954967207,0.3834401011783442,High,0.0,0.5399999999999999,-0.21157119995278123
2020-08-26,85.02070617675781,23.270000457763672,0.11,0.12,0.16,0.69,-0.01412963685639248,0.2329020864477791,0.2613784404484974,0.3833042150738665,High,0.0,0.5299999999999999,-0.2697517053635394
2020-08-27,87.81785583496094,24.469999313354492,0.11,0.13,0.16,0.74,0.03237002047935225,0.2945969205795301,0.27214569124981475,0.38500357435423543,High,0.009999999999999995,0.58,-0.32002098474466756
2020-08-28,88.17821502685547,22.959999084472656,0.1,0.12,0.14,0.74,0.0040950879610449345,0.2953273786730629,0.2519658373287439,0.3842605172734027,High,0.0,0.6,-0.31905186722165424
2020-08-31,85.96454620361328,26.40999984741211,0.11,0.12,0.14,0.72,-0.02542497953671171,0.292061395044089,0.2695289691243124,0.3877815640593475,High,0.009999999999999995,0.58,-0.24722025919365673
2020-09-01,85.92163848876953,26.1200008392334,0.12,0.12,0.13,0.68,-0.0004992572941426367,0.2809115084979776,0.2683594565398728,0.372979564633679,High,0.03,0.55,-0.21451269370703574
2020-09-02,87.21723937988281,26.56999969482422,0.12,0.13,0.14,0.66,0.014966310172389221,0.28859361842170284,0.270450628593565,0.3718539673262986,High,0.009999999999999995,0.52,-0.12612927030724713
2020-09-03,86.94268798828125,33.599998474121094,0.11,0.12,0.13,0.63,-0.003152867863275817,0.278814850481754,0.26607324020559914,0.36065970954225085,High,0.0,0.5,0.044235179783776994
2020-09-04,88.82171630859375,30.75,0.11,0.13,0.14,0.72,0.02138203030230478,0.2903470002424574,0.2742958893218535,0.3610590578417361,High,0.009999999999999995,0.58,0.19629377525030922
2020-09-08,85.73287200927734,31.459999084472656,0.13,0.15,0.14,0.69,-0.03539485036196172,0.32934620797830727,0.29560934566287395,0.3641512591404944,High,0.010000000000000009,0.5499999999999999,0.19650673184116407
2020-09-09,86.54801177978516,28.809999465942383,0.12,0.14,0.14,0.71,0.00946298666948319,0.33227218672553077,0.2941558721631988,0.35559123447908075,High,0.009999999999999995,0.57,0.22955342241717533
2020-09-10,85.65565490722656,29.709999084472656,0.12,0.15,0.14,0.68,-0.010364063406236225,0.3281845395161028,0.2734388890715271,0.30991140267278594,High,0.009999999999999995,0.54,0.21892404663750625
2020-09-11,86.71958923339844,26.8700008392334,0.11,0.13,0.13,0.67,0.012344554954479019,0.28695745417913077,0.27657863997570614,0.30619776309535507,High,0.0,0.54,0.23660489247522873
2020-09-14,87.92082977294922,25.850000381469727,0.11,0.14,0.14,0.68,0.013756946888347141,0.2959622875152455,0.2805227289524889,0.30620375846849507,High,0.009999999999999995,0.54,0.2512744812782135
2020-09-15,85.18374633789062,25.59000015258789,0.11,0.13,0.14,0.68,-0.03162610291452981,0.3119140194464392,0.3011913212940319,0.31237415640143257,High,0.0,0.54,0.2534936541318298
2020-09-16,85.54410552978516,26.040000915527344,0.12,0.12,0.14,0.69,0.0042214521310422175,0.31298748624745243,0.28727006537485733,0.30821576960302904,High,0.0,0.5499999999999999,0.24810084014233372
2020-09-17,84.56597900390625,26.459999084472656,0.09,0.12,0.13,0.69,-0.01150005078653705,0.30459561814067154,0.28583862168260743,0.30890293017250464,High,-0.03,0.5599999999999999,0.20560167539606228
2020-09-18,84.38580322265625,25.829999923706055,0.1,0.13,0.14,0.7,-0.0021328671077508886,0.3046324771438174,0.2858204354419475,0.3080430355815461,High,-0.009999999999999995,0.5599999999999999,0.15843896216015474
2020-09-21,81.77742767333984,27.780000686645508,0.1,0.12,0.14,0.68,-0.03139791897585436,0.30162908136189565,0.30333898070472276,0.3137322319824201,High,-0.009999999999999995,0.54,0.05307501204251183
2020-09-22,80.88508605957031,26.860000610351562,0.1,0.12,0.13,0.68,-0.01097180345959066,0.26249483982599914,0.30527695577710917,0.31347992966314275,High,-0.03,0.55,0.008950129089928252
2020-09-23,79.57231903076172,28.579999923706055,0.11,0.13,0.14,0.68,-0.01636317525434893,0.25220519879408476,0.2898272368027944,0.30775708376765126,High,-0.009999999999999995,0.54,-0.06334251536884519
2020-09-24,79.50367736816406,28.510000228881836,0.1,0.12,0.14,0.67,-0.0008630047073317767,0.2546350885835819,0.28856774664322943,0.29969315457366524,High,-0.01999999999999999,0.53,-0.0920143556868062
2020-09-25,80.19866943359375,26.3799991607666,0.1,0.12,0.12,0.66,0.0087036473374515,0.2472579721510988,0.2891762975171396,0.2780599459667461,High,-0.009999999999999995,0.54,-0.05993209443569785
2020-09-28,82.5067367553711,26.190000534057617,0.11,0.12,0.14,0.67,0.02837302351641927,0.2901352967348855,0.28332691879764,0.2835732774564218,High,0.0,0.53,-0.014282557686567885
2020-09-29,81.811767578125,26.270000457763672,0.09,0.12,0.11,0.66,-0.008458856462262257,0.2547918462821635,0.2827189942100777,0.28331506957141805,High,-0.020000000000000004,0.55,-0.0010578883996023732
2020-09-30,82.60112762451172,26.3700008392334,0.1,0.12,0.13,0.69,0.009602240876789792,0.26103171863157976,0.27451868930138507,0.28331933379057056,High,-0.01999999999999999,0.5599999999999999,-0.010330131361465522
2020-10-01,83.20175170898438,26.700000762939453,0.09,0.12,0.14,0.68,0.0072450697378292185,0.26190718853877515,0.2763216944652376,0.2835806929964817,High,0.0,0.54,-0.014809319633728321
2020-10-02,83.9911117553711,27.6299991607666,0.09,0.12,0.13,0.7,0.009442579008674339,0.26766325811016084,0.27280637285249704,0.27987068728567693,High,-0.010000000000000009,0.57,-0.04021221079727862
2020-10-05,85.766357421875,27.959999084472656,0.1,0.12,0.14,0.78,0.020915844151915452,0.22360730605473664,0.28381551664570703,0.2764551468861962,High,0.0,0.64,-0.061190461051569035
2020-10-06,84.88307189941406,29.479999542236328,0.1,0.14,0.14,0.76,-0.010352140223388744,0.22240481882037397,0.27389405578181214,0.27676008007531466,High,0.0,0.62,-0.03329040865598059
2020-10-07,86.36388397216797,28.059999465942383,0.1,0.13,0.16,0.81,0.017294894101010247,0.1951318651310377,0.2533843332663515,0.2747168630800745,High,-0.009999999999999995,0.65,0.019171935490130017
2020-10-08,88.13915252685547,26.360000610351562,0.09,0.13,0.13,0.78,0.02034726544943,0.1966214215771695,0.2610076515686817,0.25687111461892803,High,-0.010000000000000009,0.65,0.006736822246721264
2020-10-09,87.63687896728516,25.0,0.1,0.15,0.16,0.79,-0.005714942160713439,0.21259606336895084,0.2589758676824701,0.25579970115401857,High,0.0,0.63,0.019302237511088328
2020-10-12,88.71068572998047,25.06999969482422,0.1,0.15,0.16,0.79,0.01217845039458442,0.18471186387660835,0.25888552831036116,0.2566383785636522,High,-0.009999999999999995,0.63,0.05824581452408822
2020-10-13,87.27313995361328,26.06999969482422,0.11,0.13,0.16,0.74,-0.016337612234078897,0.2064308235915437,0.261298046692266,0.2571668902598972,High,0.020000000000000004,0.58,0.043545604813344074
2020-10-14,86.78820037841797,26.399999618530273,0.12,0.13,0.14,0.73,-0.005572068202711487,0.21388761815236798,0.2364087715876721,0.25738265469859406,High,0.01999999999999999,0.59,0.03955325994440427
2020-10-15,88.08717346191406,26.969999313354492,0.11,0.12,0.14,0.74,0.01485625958734223,0.21951815156444718,0.2411213367072641,0.2561336306538412,High,0.020000000000000004,0.6,0.04242710382265999
2020-10-16,87.90533447265625,27.40999984741211,0.11,0.12,0.14,0.76,-0.0020664408513626146,0.22162538167769133,0.2369428527909911,0.2554703786343977,High,0.020000000000000004,0.62,-0.04338977654576497
2020-10-19,86.42450714111328,29.18000030517578,0.11,0.13,0.16,0.78,-0.016989207764490106,0.2249355556066866,0.24551860146926902,0.25441723739618294,High,0.009999999999999995,0.62,-0.13909510357785335
2020-10-20,86.9181137084961,29.350000381469727,0.1,0.13,0.14,0.81,0.005695170629575979,0.21701497321293692,0.21535665396166387,0.254189613108212,High,0.0,0.67,-0.14730992965782203
2020-10-21,86.05213165283203,28.649999618530273,0.1,0.13,0.14,0.83,-0.010013159076754794,0.20751559249147997,0.21460272274698558,0.2549856966026125,High,0.0,0.69,-0.15822086654925685
2020-10-22,89.09172821044922,28.110000610351562,0.09,0.13,0.16,0.87,0.034713198413817654,0.25480118215025693,0.22913537528092803,0.2636795526746844,High,0.0,0.71,-0.13875164716945895
2020-10-23,89.89708709716797,27.549999237060547,0.1,0.12,0.18,0.85,0.008999046340943478,0.25452840464619986,0.22829447448202556,0.26238249320398704,High,0.0,0.6699999999999999,-0.1082719056182566
2020-10-26,87.6715087890625,32.459999084472656,0.11,0.12,0.16,0.81,-0.025068564044179883,0.2822317425636983,0.25174786365682567,0.2675132725593431,High,0.009999999999999995,0.65,0.04172945889423661
2020-10-27,86.01750946044922,33.349998474121094,0.1,0.12,0.16,0.79,-0.01904610141217663,0.28659886682994795,0.24804167195617666,0.26618680371338893,High,-0.009999999999999995,0.63,0.06811956355089685
2020-10-28,83.6014175415039,40.279998779296875,0.1,0.12,0.16,0.79,-0.028490397722501858,0.31728003623996226,0.26760323114046697,0.26679949824690974,High,-0.01999999999999999,0.63,-0.02758241651293878
2020-10-29,84.1469955444336,37.59000015258789,0.09,0.12,0.16,0.85,0.00650474024264837,0.30614799982095725,0.2665661921172744,0.2669804746793105,High,-0.020000000000000004,0.69,-0.056180599648347505
2020-10-30,84.90038299560547,38.02000045776367,0.09,0.13,0.14,0.88,0.008913388017366042,0.31354072194384996,0.26712994621793446,0.2672690288423269,High,-0.020000000000000004,0.74,-0.06122307165601526
2020-11-02,86.81419372558594,37.130001068115234,0.09,0.13,0.16,0.87,0.022291526037179054,0.3278266416364723,0.275835789977117,0.2704850297871856,High,-0.020000000000000004,0.71,-0.03066253972587385
2020-11-03,89.55068969726562,35.54999923706055,0.1,0.14,0.17,0.9,0.031034699806894172,0.3620692626765326,0.28678579475212146,0.2752394951080856,High,0.0,0.73,0.013061283301686325
2020-11-04,86.81419372558594,29.56999969482422,0.1,0.12,0.14,0.78,-0.03103469980689423,0.3969008787699411,0.30634374483619725,0.2826573336856354,High,0.0,0.64,-0.001307824147122824
2020-11-05,90.36470031738281,27.579999923706055,0.1,0.12,0.14,0.79,0.04008357744273667,0.4104042291069596,0.3307494994016454,0.29048922590497883,High,0.010000000000000009,0.65,-0.047120095267436296
2020-11-06,89.1610107421875,24.860000610351562,0.1,0.12,0.16,0.83,-0.013409863197529175,0.4142143191707212,0.32801699085191566,0.2908966346833336,High,0.0,0.6699999999999999,-0.15982231109348274
2020-11-09,101.23271179199219,25.75,0.11,0.12,0.17,0.96,0.12697809894679746,0.7400697016692855,0.5458378952661268,0.381093380823184,High,0.0,0.7899999999999999,-0.25924061221628697
2020-11-10,100.90364074707031,24.799999237060547,0.1,0.12,0.19,0.98,-0.0032559342394192763,0.724173354264149,0.5465638317710884,0.38064707903115413,High,0.0,0.79,-0.3639598884966274
2020-11-11,99.3968505859375,23.450000762939453,0.1,0.12,0.19,0.98,-0.015045580520294564,0.7039275526576673,0.5459124843755613,0.3818956335658087,High,0.0,0.79,-0.4639756674605961
2020-11-12,98.17581939697266,25.350000381469727,0.1,0.13,0.17,0.88,-0.012360482195717027,0.7182573400710464,0.5482574756067168,0.38295900864160676,High,0.010000000000000009,0.71,-0.5182666042645807
2020-11-13,98.79064178466797,23.100000381469727,0.09,0.12,0.17,0.89,0.006242934770297784,0.7190592957545302,0.5472898788772471,0.3786458563242561,High,0.0,0.72,-0.5770640559178207
2020-11-16,101.57909393310547,22.450000762939453,0.09,0.12,0.19,0.91,0.027834864107167658,0.7211357707439432,0.5518907731756227,0.38056577660590146,High,0.0,0.72,-0.6229808070549765
2020-11-17,100.54859924316406,22.709999084472656,0.09,0.12,0.18,0.87,-0.01019656042273877,0.7262821571575692,0.5486806982950243,0.3814720886012886,High,-0.010000000000000009,0.69,-0.6524221189717395
2020-11-18,99.80384063720703,23.84000015258789,0.09,0.11,0.16,0.88,-0.007434519257778527,0.6965605183535347,0.5510170150161198,0.3808561104610929,High,-0.010000000000000009,0.72,-0.673721697386739
2020-11-19,100.0722885131836,23.110000610351562,0.07,0.11,0.18,0.86,0.002686144048618303,0.6824197904663021,0.5479451775654383,0.38079595327104393,High,-0.03,0.6799999999999999,-0.6997376959663681
2020-11-20,99.2149887084961,23.700000762939453,0.07,0.11,0.16,0.83,-0.008603711235546091,0.6781764889673669,0.5410301358481858,0.3780704212669048,High,-0.03,0.6699999999999999,-0.7328549512604536
2020-11-23,102.07270050048828,22.65999984741211,0.08,0.1,0.16,0.86,0.028396210674630627,0.25063539486182523,0.5469207715726981,0.38164261667456134,High,-0.03,0.7,-0.7630557882309554
2020-11-24,106.79227447509766,21.639999389648438,0.09,0.11,0.16,0.88,0.045200278130798154,0.3330320970001181,0.5507026710329131,0.3893910801671075,High,-0.010000000000000009,0.72,-0.7927740098558342
2020-11-25,105.6751708984375,21.25,0.09,0.11,0.17,0.88,-0.010515623874826024,0.32584032836578436,0.5459238025423525,0.3859520007419974,High,-0.010000000000000009,0.71,-0.824301656480111
2020-11-27,104.97372436523438,20.84000015258789,0.09,0.11,0.16,0.84,-0.006659888958767736,0.3179460219092816,0.5316827062274078,0.386420081056983,Medium,-0.010000000000000009,0.6799999999999999,-0.8463256987138614
2020-11-30,102.08136749267578,20.56999969482422,0.08,0.11,0.16,0.84,-0.027939858909808938,0.3624918403999857,0.548349417928036,0.3871977927469057,Medium,-0.009999999999999995,0.6799999999999999,-0.8630620258356053
2020-12-01,103.69207000732422,20.770000457763672,0.09,0.12,0.17,0.92,0.015655426003056163,0.3440764927897832,0.5488021587218106,0.3879977784675901,Medium,0.0,0.75,-0.8760470313825544
2020-12-02,105.68383026123047,21.170000076293945,0.09,0.11,0.16,0.95,0.019026261719042502,0.34619813646122977,0.5479607267709523,0.3885919040584441,High,0.0,0.7899999999999999,-0.8851000796882514
2020-12-03,104.99104309082031,21.280000686645508,0.08,0.1,0.16,0.92,-0.0065768608909091844,0.3453626781503915,0.5447003599292072,0.38887423115559744,High,-0.009999999999999995,0.76,-0.9006564091517124
2020-12-04,105.94361877441406,20.790000915527344,0.09,0.11,0.16,0.97,0.009032011627382635,0.345606945281901,0.5262882512671857,0.3872818396402063,Medium,0.01999999999999999,0.8099999999999999,-0.9098776845269326
2020-12-07,105.54527282714844,21.299999237060547,0.08,0.1,0.14,0.94,-0.0037670670579373396,0.340821202043386,0.5159833377937562,0.3796958988435183,High,0.009999999999999995,0.7999999999999999,-0.91859158283412
2020-12-08,105.64920806884766,20.68000030517578,0.09,0.1,0.14,0.92,0.0009842610436508492,0.3178036198124918,0.511056412802276,0.3795151618705666,Medium,0.009999999999999995,0.78,-0.9176897359222543
2020-12-09,104.8265151977539,22.270000457763672,0.08,0.1,0.16,0.95,-0.007817500737016694,0.21876681157541017,0.27447780390278953,0.379180197027034,High,-0.009999999999999995,0.7899999999999999,-0.9131691161131403
2020-12-10,104.15104675292969,22.520000457763672,0.08,0.1,0.14,0.92,-0.006464529405398548,0.21519381552915517,0.275425465512128,0.37920370617573584,High,-0.009999999999999995,0.78,-0.9011491426172816
2020-12-11,103.53620147705078,23.309999465942383,0.08,0.1,0.11,0.9,-0.005920893818337933,0.214724592221817,0.2702810591060159,0.3789575144552633,High,-0.009999999999999995,0.79,-0.8798880659396207
2020-12-14,102.445068359375,24.719999313354492,0.09,0.1,0.13,0.9,-0.010594587796608953,0.1669989965025145,0.26917050971912504,0.3735337427449567,High,0.009999999999999995,0.77,-0.847823416670229
2020-12-15,104.19436645507812,22.889999389648438,0.08,0.09,0.11,0.92,0.016931326649456586,0.1703609814487268,0.2737868112915771,0.37457599140320924,High,-0.009999999999999995,0.81,-0.818821903822637
2020-12-16,104.49744415283203,22.5,0.09,0.09,0.13,0.92,0.002904550110950968,0.1372284721067226,0.2579216603011785,0.37339518474411176,High,0.0,0.79,-0.8419973867098627
2020-12-17,103.63145446777344,21.93000030517578,0.08,0.09,0.13,0.94,-0.008321714940522305,0.13942992048257646,0.2569441377483185,0.3739698843541234,High,0.0,0.8099999999999999,-0.7681471664229592
2020-12-18,103.12055206298828,21.56999969482422,0.08,0.09,0.13,0.95,-0.00494218608337074,0.12756830846742798,0.25600306831844205,0.3676946722365891,High,-0.009999999999999995,0.82,-0.6773918732092021
2020-12-21,106.99147033691406,25.15999984741211,0.09,0.09,0.13,0.95,0.03685040259270212,0.2354206235656426,0.2837538675021204,0.37235870878391897,High,0.009999999999999995,0.82,-0.5426005256471693
2020-12-22,105.36341094970703,24.229999542236328,0.09,0.09,0.13,0.93,-0.015333683658031063,0.24995438430386266,0.2881993164548753,0.3721305556753298,High,0.0,0.8,-0.4815616842275605
2020-12-23,108.3077392578125,23.309999465942383,0.09,0.09,0.13,0.96,0.027561181595773566,0.2811892513365085,0.28728022573366163,0.3748116795696574,High,0.009999999999999995,0.83,-0.3896202164372398
2020-12-24,107.83146667480469,21.530000686645508,0.09,0.1,0.13,0.94,-0.0044070982108044415,0.27937938270547374,0.243074143225535,0.3751889905099701,High,0.009999999999999995,0.8099999999999999,-0.38854132916014766
2020-12-28,108.54154968261719,21.700000762939453,0.11,0.11,0.13,0.94,0.00656353152495221,0.2746146210128007,0.24054327841364653,0.37211866015498474,High,0.03,0.8099999999999999,-0.2901635985101402
2020-12-29,108.25579071044922,23.079999923706055,0.1,0.11,0.12,0.94,-0.002636186746014044,0.26492164730359047,0.23927146132544297,0.3714855060434216,High,0.010000000000000009,0.82,-0.22012043774695747
2020-12-30,108.55887603759766,22.770000457763672,0.08,0.12,0.12,0.93,0.002795802785086928,0.2572611866480859,0.21403504169935925,0.3713508833027384,High,0.0,0.81,-0.19143258077225225
2020-12-31,110.03970336914062,22.75,0.09,0.1,0.13,0.93,0.013548578290902285,0.2613880865024713,0.21257615151236048,0.3717652456451532,High,0.0,0.8,-0.14678437172174608
2021-01-04,109.00054168701172,26.969999313354492,0.09,0.1,0.11,0.93,-0.009488388566398408,0.2631337236182874,0.20810337854625127,0.37265629662688,High,0.009999999999999995,0.8200000000000001,0.10286899909386261
2021-01-05,109.5936279296875,25.34000015258789,0.09,0.1,0.13,0.96,0.005426381673682873,0.25718861354224837,0.2064012502566279,0.3711060951326062,High,0.009999999999999995,0.83,0.23364910776753378
2021-01-06,114.73968505859375,25.06999969482422,0.09,0.11,0.14,1.04,0.04588672084724896,0.2894313043233845,0.2557178599947139,0.3792879248658411,High,0.0,0.9,0.4374244470354894
2021-01-07,118.50765991210938,22.3700008392334,0.09,0.11,0.14,1.08,0.03231164475125068,0.2853230764428155,0.2722749196512079,0.38247688564948024,High,0.0,0.9400000000000001,0.337402192035616
2021-01-08,118.63850402832031,21.559999465942383,0.08,0.1,0.14,1.13,0.0011034893191110488,0.2750134082794269,0.27225022750629846,0.3812775011967671,High,-0.009999999999999995,0.9899999999999999,0.22600565606141665
2021-01-11,120.40908813476562,24.079999923706055,0.08,0.1,0.14,1.15,0.01481392445922364,0.2653158081855773,0.2695530136603557,0.3812052041274493,High,-0.009999999999999995,1.0099999999999998,0.2716923545117667
2021-01-12,122.30179595947266,23.329999923706055,0.09,0.11,0.14,1.15,0.015596714581331215,0.26493030757066494,0.2669014451834868,0.3815264431538468,High,-0.020000000000000004,1.0099999999999998,0.2597955432270443
2021-01-13,122.41516876220703,22.209999084472656,0.09,0.12,0.14,1.1,0.0009265627413643389,0.26000116838948,0.26354752804762505,0.3791391265339097,High,-0.010000000000000009,0.9600000000000001,0.16781692357378603
2021-01-14,123.13037109375,23.25,0.09,0.1,0.16,1.15,0.005825431441620115,0.25733396199246694,0.25496757398729836,0.3784867279232787,High,0.009999999999999995,0.9899999999999999,0.1431829940186835
2021-01-15,120.9237060546875,24.34000015258789,0.09,0.1,0.13,1.11,-0.018083903380832548,0.2995784358116814,0.26927533520706204,0.3809212400247854,High,0.0,0.9800000000000001,0.16991008092744836
2021-01-19,120.4003677368164,23.239999771118164,0.09,0.1,0.14,1.1,-0.004337231093856136,0.2914756957984338,0.2718500393153481,0.3811201855634864,High,0.0,0.9600000000000001,0.14753572471825394
2021-01-20,118.59487915039062,21.579999923706055,0.08,0.1,0.13,1.1,-0.015109279015159478,0.31746484054539464,0.2775473450373243,0.3806977797287836,High,-0.009999999999999995,0.9700000000000001,0.0731484113871032
2021-01-21,117.60054779052734,21.31999969482422,0.09,0.1,0.13,1.12,-0.008419614610998704,0.2440484901696898,0.27959531386920733,0.38164194067862445,High,0.0,0.9900000000000001,0.0013091393761173215
2021-01-22,116.69345092773438,21.90999984741211,0.08,0.1,0.13,1.1,-0.007743274689776464,0.1817613507477187,0.26010944165283345,0.3813107260842336,High,-0.009999999999999995,0.9700000000000001,-0.06923732612671615
2021-01-25,115.23685455322266,23.190000534057617,0.09,0.1,0.13,1.05,-0.012560803750952167,0.18899067406799955,0.25766042615593315,0.3779618996844451,High,0.009999999999999995,0.92,-0.09052479590131655
2021-01-26,114.765869140625,23.020000457763672,0.07,0.09,0.11,1.05,-0.004095482552140252,0.16112322703471346,0.24460273078869707,0.3781771154770649,High,-0.009999999999999995,0.9400000000000001,-0.11182258481951816
2021-01-27,111.5212173461914,37.209999084472656,0.08,0.09,0.12,1.04,-0.028679269645844257,0.15744484660141864,0.26698827015092713,0.37936745506010094,High,-0.009999999999999995,0.92,-0.07699359645995169
2021-01-28,113.48370361328125,30.209999084472656,0.07,0.08,0.12,1.07,0.017444383215385887,0.20262543494398808,0.27214673842502973,0.3774430569676799,High,-0.01999999999999999,0.9500000000000001,-0.04764595758122058
2021-01-29,112.22770690917969,33.09000015258789,0.06,0.1,0.11,1.11,-0.011129341360112429,0.18861876341760783,0.27558568407966966,0.3728636698054343,High,-0.03,1.0,-0.07009603655482415
2021-02-01,113.05630493164062,30.239999771118164,0.07,0.08,0.11,1.09,0.007356063593585449,0.19832201008184872,0.2762627853623102,0.37288454509321045,High,-0.01999999999999999,0.9800000000000001,-0.09647013668559005
2021-02-02,116.53646087646484,25.559999465942383,0.07,0.08,0.11,1.12,0.03031822459136105,0.2724617769180229,0.2908684568212578,0.37631215283777664,High,-0.01999999999999999,1.01,-0.13841413541535688
2021-02-03,117.8709487915039,22.90999984741211,0.04,0.08,0.11,1.15,0.01138617874221113,0.27266731928738214,0.2887996786268779,0.3749080934312884,High,-0.04,1.0399999999999998,-0.21699689227399538
2021-02-04,120.58351135253906,21.770000457763672,0.04,0.07,0.11,1.15,0.02275218147912341,0.29189930594418784,0.2962263233717332,0.3729179290638035,High,-0.049999999999999996,1.0399999999999998,-0.2380855289964931
2021-02-05,120.3479995727539,20.8700008392334,0.03,0.06,0.09,1.19,-0.001955010815251979,0.2876241268128158,0.25569658401506734,0.36605680485527237,Medium,-0.05,1.0999999999999999,-0.28171183930392546
2021-02-08,122.23200988769531,21.239999771118164,0.05,0.07,0.11,1.19,0.015533416799281101,0.27929281923726695,0.23676558182472934,0.35978275527158277,High,-0.039999999999999994,1.0799999999999998,-0.33070358162627356
2021-02-09,121.7435531616211,21.6299991607666,0.04,0.07,0.11,1.18,-0.004004150027132492,0.27920172114894154,0.23752604202348312,0.35833725784862064,High,-0.030000000000000006,1.0699999999999998,-0.40935206907798716
2021-02-10,121.8133316040039,21.989999771118164,0.05,0.07,0.11,1.15,0.0005729950467967858,0.2070463015902791,0.23233055109343562,0.2586934990494448,High,-0.03,1.0399999999999998,-0.4835906236213745
2021-02-11,121.4731674194336,21.25,0.05,0.07,0.11,1.16,-0.0027964100565120403,0.20838724095459416,0.2259732381597103,0.258650411347046,High,-0.020000000000000004,1.0499999999999998,-0.5480694407466448
2021-02-12,123.20016479492188,19.969999313354492,0.04,0.06,0.11,1.2,0.014116994613227848,0.18475366578936117,0.23144621458092168,0.25697660761760094,Medium,-0.019999999999999997,1.0899999999999999,-0.6343224529632593
2021-02-16,126.16564178466797,21.459999084472656,0.04,0.08,0.13,1.3,0.023785272217664886,0.1977917511350735,0.24481989261291515,0.25812758747080694,High,-0.030000000000000006,1.17,-0.692174056251407
2021-02-17,126.55817413330078,21.5,0.04,0.07,0.11,1.29,0.003106416091910791,0.16822367006326205,0.2346255997460226,0.25809212195149406,High,-0.030000000000000006,1.18,-0.6930139445410591
2021-02-18,126.98554992675781,22.489999771118164,0.03,0.06,0.11,1.29,0.003371222851655557,0.16884996100537503,0.23344897171560544,0.25347960243095075,High,-0.010000000000000002,1.18,-0.7040483501191858
2021-02-19,129.1050567626953,22.049999237060547,0.04,0.07,0.11,1.34,0.01655316655160458,0.15545424929128174,0.22901897978279703,0.25323181017939117,High,0.0,1.23,-0.6797155965433294
2021-02-22,130.3174285888672,23.450000762939453,0.03,0.06,0.11,1.37,0.009346766150889285,0.14773561793610293,0.22507229045604785,0.2523832630096387,High,0.0,1.26,-0.635063211794092
2021-02-23,131.36407470703125,23.110000610351562,0.04,0.08,0.11,1.37,0.007999432029360097,0.14163451570772395,0.2204992119792548,0.2524744816777703,High,-0.010000000000000002,1.26,-0.6080756484654328
2021-02-24,133.6754608154297,21.34000015258789,0.03,0.08,0.12,1.38,0.01744226349818714,0.1348653311016607,0.2136856002928743,0.25242996170110094,High,-0.010000000000000002,1.2599999999999998,-0.5968702403452916
2021-02-25,131.8612823486328,28.889999389648438,0.04,0.09,0.17,1.54,-0.013664449396205165,0.17405329033082076,0.2223785643786347,0.2504121539931574,High,-0.010000000000000002,1.37,-0.47143870256556897
2021-02-26,128.36367797851562,27.950000762939453,0.04,0.08,0.14,1.44,-0.026883009264711277,0.2436753912275257,0.2188457195026845,0.24369251120647992,High,-0.010000000000000002,1.2999999999999998,-0.4158052570172471
2021-03-01,131.26812744140625,23.350000381469727,0.05,0.08,0.13,1.45,0.02237453632418126,0.25509341369516814,0.2225315413548237,0.24519539106710742,High,0.010000000000000002,1.3199999999999998,-0.40769453527448074
2021-03-02,130.84072875976562,24.100000381469727,0.04,0.08,0.13,1.42,-0.003261233264987316,0.2389328214530911,0.21606002507766123,0.24472000130482838,High,0.0,1.29,-0.3945999729591938
2021-03-03,133.3701629638672,26.670000076293945,0.05,0.08,0.14,1.47,0.0191476700173466,0.25118801083149933,0.21992035527679665,0.23816756499381886,High,0.010000000000000002,1.33,-0.34381202901010677
2021-03-04,131.3204803466797,28.56999969482422,0.04,0.08,0.14,1.54,-0.015487692066456225,0.27209265681521067,0.2182417094445545,0.24023811800821698,High,0.010000000000000002,1.4,-0.30447462906537864
2021-03-05,131.62574768066406,24.65999984741211,0.04,0.08,0.14,1.56,0.0023219003628345163,0.26195656708838594,0.21751707072167017,0.23823528883913106,High,0.0,1.42,-0.32278686523528216
2021-03-08,133.3701629638672,25.469999313354492,0.05,0.09,0.17,1.59,0.013165791703621652,0.2656580508217081,0.21021356819880163,0.23811854261204587,High,0.020000000000000004,1.4200000000000002,-0.3327165261914311
2021-03-09,132.42819213867188,24.030000686645508,0.05,0.1,0.17,1.55,-0.007087890129373542,0.26741003692008564,0.21302480056267062,0.23885966950216692,High,0.010000000000000002,1.3800000000000001,-0.35697440265290187
2021-03-10,135.30650329589844,22.559999465942383,0.04,0.08,0.16,1.53,0.02150204737388902,0.2751463438542196,0.2178493346231897,0.24105334347415214,High,0.010000000000000002,1.37,-0.40123090976262116
2021-03-11,134.5999755859375,21.90999984741211,0.04,0.08,0.14,1.54,-0.005235363942780926,0.26546842186654596,0.218519793029868,0.24168375342836856,High,0.0,1.4,-0.2720872972977663
2021-03-12,136.19615173339844,20.690000534057617,0.04,0.09,0.14,1.64,0.011788902960793438,0.21328409755319594,0.21925156126248302,0.24101873466887977,Medium,0.0,1.5,-0.21403938975927148
2021-03-15,135.5158233642578,20.030000686645508,0.04,0.08,0.14,1.62,-0.005007727691286418,0.1978829756333298,0.22041305136785191,0.2407753192759481,Medium,-0.010000000000000002,1.48,-0.04059090574415129
2021-03-16,133.89349365234375,19.790000915527344,0.02,0.07,0.15,1.62,-0.0120437506765072,0.2104082455752106,0.22565928925004586,0.24212680263066763,Medium,-0.02,1.4700000000000002,0.15374870353727246
2021-03-17,135.27159118652344,19.229999542236328,0.02,0.07,0.13,1.63,0.010239883651402874,0.1946026156295191,0.2153086600557651,0.24057455622890214,Medium,-0.030000000000000002,1.5,0.17748706561326563
2021-03-18,137.5044403076172,21.579999923706055,0.01,0.08,0.16,1.71,0.01637166565884315,0.18245838124981717,0.21999663368010688,0.2404587561563345,High,-0.03,1.55,0.1605535022382517
2021-03-19,135.31520080566406,20.950000762939453,0.01,0.07,0.16,1.74,-0.016049331969182023,0.21009852465763398,0.23066807950937732,0.24390225625779818,Medium,-0.03,1.58,0.11448002589773958
2021-03-22,131.6780548095703,18.8799991607666,0.03,0.06,0.15,1.69,-0.027246913044978376,0.2485120471218334,0.24758372560118624,0.25066375099232524,Medium,-0.020000000000000004,1.54,0.0536008963820828
2021-03-23,130.36105346679688,20.299999237060547,0.01,0.08,0.15,1.63,-0.010052029568647827,0.2508868934078892,0.248402223073851,0.2515948533156393,Medium,-0.04,1.48,0.023118866302425236
2021-03-24,131.37278747558594,21.200000762939453,0.02,0.07,0.14,1.62,0.007731052617041155,0.22344585689552357,0.24829525791409215,0.2425892268700578,High,-0.02,1.48,-0.006492965520974256
2021-03-25,133.0561981201172,19.809999465942383,0.02,0.07,0.14,1.63,0.012732593466680441,0.23614534763528822,0.24463640312386228,0.24033007097268616,Medium,-0.02,1.4899999999999998,-0.043805728566041854
2021-03-26,135.27159118652344,18.860000610351562,0.02,0.06,0.14,1.67,0.01651296284024331,0.2444399780454864,0.24607279140838997,0.2368631595483872,Medium,-0.02,1.5299999999999998,-0.14644294002171204
2021-03-29,133.16954040527344,20.739999771118164,0.03,0.06,0.14,1.73,-0.015661487752733783,0.2553281119991089,0.23263063343630988,0.2394510930422533,Medium,-0.010000000000000002,1.5899999999999999,-0.2751477434409248
2021-03-30,134.73951721191406,19.610000610351562,0.02,0.06,0.16,1.73,0.011720356097304697,0.2563596688221606,0.22347670132281053,0.2399539667959366,Medium,0.0,1.57,-0.35187346547551074
2021-03-31,132.7770538330078,19.399999618530273,0.03,0.07,0.16,1.74,-0.014671977706427338,0.26067765875602494,0.22978135472482483,0.24238615024740956,Medium,0.009999999999999998,1.58,-0.4111334162332966
2021-04-01,134.06793212890625,17.329999923706055,0.02,0.06,0.17,1.69,0.009675192967084252,0.2494904160775694,0.22242419247097325,0.24272507220943013,Medium,0.01,1.52,-0.46156655705172406
2021-04-05,134.77859497070312,17.90999984741211,0.03,0.06,0.17,1.73,0.005286767173150143,0.2399274835956898,0.21543749193861075,0.24187507743539371,Medium,0.019999999999999997,1.56,-0.5095109698320412
2021-04-06,133.83108520507812,18.1200008392334,0.02,0.06,0.16,1.67,-0.0070549482429644325,0.19359617872134216,0.2172837642198718,0.2414039555122608,Medium,-0.009999999999999998,1.51,-0.5050657265101578
2021-04-07,135.9279022216797,17.15999984741211,0.02,0.06,0.16,1.68,0.015546167836043873,0.19302262558279962,0.2191404175024529,0.24261889253225766,Medium,0.01,1.52,-0.5315944920028078
2021-04-08,136.09461975097656,16.950000762939453,0.01,0.05,0.14,1.64,0.0012257628446512862,0.19243476861191905,0.21720375151437588,0.22676885265290878,Medium,-0.01,1.5,-0.5592447364101615
2021-04-09,137.1123504638672,16.690000534057617,0.02,0.06,0.16,1.67,0.007450288839025729,0.18711604867286266,0.20589663962016014,0.21889234471557129,Medium,0.0,1.51,-0.5868223451706671
2021-04-12,136.82281494140625,16.90999984741211,0.02,0.06,0.18,1.69,-0.0021138989574414186,0.17223069390405835,0.20505820805560143,0.21905922024861593,Medium,0.0,1.51,-0.5273437343905117
2021-04-13,135.19093322753906,16.649999618530273,0.03,0.06,0.16,1.64,-0.011998667736744474,0.16295756993462335,0.2055232008821082,0.21937895163663773,Medium,0.0,1.48,-0.5177635459515264
2021-04-14,132.6642303466797,16.989999771118164,0.02,0.06,0.16,1.64,-0.018866747206929678,0.18065568401384932,0.2148729594524917,0.22141245239301963,Medium,0.0,1.48,-0.4386280844111427
2021-04-15,133.50640869140625,16.56999969482422,0.02,0.06,0.16,1.56,0.006328129640469311,0.16828802515291605,0.21239973553107272,0.2216397569593136,Medium,-0.009999999999999998,1.4000000000000001,-0.417290971205668
2021-04-16,134.4978485107422,16.25,0.02,0.06,0.16,1.59,0.007398720844127303,0.16519041223130457,0.21087317342098982,0.22179039487522798,Medium,0.0,1.4300000000000002,-0.31868604697670017
2021-04-19,133.92758178710938,17.290000915527344,0.02,0.08,0.16,1.61,-0.004248983272258169,0.16409491824431155,0.20228867144721216,0.2185524310535015,Medium,-0.009999999999999998,1.4500000000000002,-0.22730698205482278
2021-04-20,130.9621124267578,18.68000030517578,0.03,0.07,0.15,1.58,-0.02239115618586103,0.19588045330949852,0.20920721113638302,0.22348023573536915,Medium,0.009999999999999998,1.4300000000000002,-0.17583387075949033
2021-04-21,132.07635498046875,17.5,0.03,0.07,0.15,1.57,0.00847213891905566,0.18059124692021208,0.18961523067017483,0.2213945276554387,Medium,0.009999999999999998,1.4200000000000002,-0.06562547091605542
2021-04-22,129.29513549804688,18.709999084472656,0.03,0.06,0.16,1.57,-0.021282538926986245,0.20052917767208256,0.20088042099575296,0.22524749854451612,Medium,0.019999999999999997,1.4100000000000001,-0.10212097916270324
2021-04-23,131.769287109375,17.329999923706055,0.03,0.07,0.16,1.58,0.01895490518401752,0.22726468938253144,0.21014728716405362,0.22711338225194472,Medium,0.009999999999999998,1.4200000000000002,-0.09453516408233059
2021-04-26,132.09390258789062,17.639999389648438,0.03,0.06,0.18,1.58,0.002460484485585965,0.22946295939024597,0.20535165244565345,0.22519716746171672,Medium,0.009999999999999998,1.4000000000000001,-0.13347079106468604
2021-04-27,132.6992645263672,17.559999465942383,0.01,0.06,0.17,1.63,0.004572346029412082,0.22738224622556721,0.1969960063535002,0.2248844711585897,Medium,-0.019999999999999997,1.46,-0.15563524683390276
2021-04-28,133.55905151367188,17.280000686645508,0.01,0.05,0.17,1.63,0.006458314531195014,0.20915611812097223,0.19094098772323392,0.2160128565176303,Medium,-0.01,1.46,-0.15732865357655307
2021-04-29,136.156005859375,17.610000610351562,0.01,0.05,0.16,1.65,0.01925761674907751,0.22815381637344048,0.19834293587597865,0.21654016256647596,Medium,-0.01,1.49,-0.18961579023048422
2021-04-30,134.94532775878906,18.610000610351562,0.01,0.05,0.16,1.65,-0.008931613376997782,0.2319601982629076,0.19375473144496555,0.21600574166321818,Medium,-0.01,1.49,-0.374209711036722
2021-05-03,134.55047607421875,18.309999465942383,0.04,0.06,0.16,1.63,-0.002930301410950663,0.23132456655705713,0.19136168833609657,0.21612793929601473,Medium,0.02,1.47,-0.4693219060460737
2021-05-04,136.4104461669922,19.479999542236328,0.02,0.06,0.16,1.61,0.013728911842308407,0.20039651090033456,0.19637427047541378,0.2099907441265236,Medium,-0.009999999999999998,1.4500000000000002,-0.38589513710420337
2021-05-05,138.2002716064453,19.149999618530273,0.02,0.06,0.16,1.59,0.013035549367112828,0.20446754089856545,0.1988578962310958,0.21030013299473171,Medium,-0.009999999999999998,1.4300000000000002,-0.2236987701726156
2021-05-06,140.9814453125,18.389999389648438,0.02,0.05,0.16,1.58,0.019924411544607612,0.15819828438862596,0.20327553548101424,0.20926820644754604,Medium,-0.009999999999999998,1.4200000000000002,-0.06719189894577614
2021-05-07,141.46401977539062,16.690000534057617,0.02,0.05,0.14,1.6,0.0034171193530308864,0.14881785253633195,0.20334764830448213,0.20908111287714057,Medium,-0.009999999999999998,1.46,-0.13140965683750214
2021-05-10,141.44647216796875,19.65999984741211,0.02,0.05,0.16,1.63,-0.00012405059511112147,0.15161291689344344,0.2024064204035153,0.20747299360210686,Medium,-0.009999999999999998,1.47,0.004048115439375777
2021-05-11,139.09515380859375,21.84000015258789,0.01,0.05,0.16,1.64,-0.01676309824794742,0.19278977461916,0.21182772694852667,0.2105988388572688,High,0.0,1.48,0.20214321270144223
2021-05-12,138.13880920410156,27.59000015258789,0.02,0.05,0.16,1.69,-0.006899215287555684,0.20088395825864663,0.20866322379763844,0.21135010629372003,High,0.01,1.53,0.27061047332871846
2021-05-13,141.69212341308594,23.1299991607666,0.02,0.05,0.16,1.66,0.025397515380730325,0.21625573771793344,0.21180501201912494,0.21621750771600032,High,0.01,1.5,0.39220491552357395
2021-05-14,143.894287109375,18.809999465942383,0.01,0.06,0.16,1.63,0.015422353890181456,0.2099913892330811,0.21583698378918337,0.21651949962931333,Medium,0.0,1.47,0.3653923284314991
2021-05-17,144.47329711914062,19.719999313354492,0.02,0.06,0.16,1.64,0.004015782768594502,0.20414404396185695,0.2153981697151484,0.21217361744300361,Medium,-0.02,1.48,0.3733212347008627
2021-05-18,142.43788146972656,21.34000015258789,0.02,0.06,0.16,1.64,-0.014188710295050984,0.2257791681997419,0.22248510695744905,0.21466199917329742,High,0.0,1.48,0.411471955748517
2021-05-19,141.34991455078125,22.18000030517578,0.01,0.05,0.16,1.68,-0.007667505540307785,0.22732614952996363,0.20665100227154487,0.21548326628906506,High,-0.01,1.52,0.44536650765582925
2021-05-20,141.1043243408203,20.670000076293945,0.01,0.05,0.15,1.63,-0.0017389738799036287,0.20510019079523864,0.20666661481170265,0.2134548529700179,Medium,-0.01,1.48,0.4611730364200061
2021-05-21,142.70986938476562,20.149999618530273,0.01,0.04,0.17,1.63,0.011314178125261557,0.21239183567348602,0.18813039064414036,0.2137881664276098,Medium,-0.01,1.46,0.4767652157383807
2021-05-24,143.48190307617188,18.399999618530273,0.02,0.04,0.15,1.61,0.005395232417042221,0.21346801912933916,0.18091082516330392,0.2135267835677817,Medium,0.0,1.4600000000000002,0.4517785468443079
2021-05-25,141.99917602539062,18.84000015258789,0.02,0.04,0.15,1.56,-0.01038766133324455,0.20024470599672134,0.18768566051635635,0.2122795076076161,Medium,0.01,1.4100000000000001,0.43385531117752607
2021-05-26,141.98165893554688,17.360000610351562,0.02,0.04,0.14,1.58,-0.00012336811298113335,0.1945584375616121,0.1880342933657998,0.21020552412125035,Medium,0.0,1.44,0.3796417308476361
2021-05-27,144.19256591796875,16.739999771118164,0.02,0.04,0.14,1.61,0.015451782721617692,0.16651882610484836,0.19251359146438343,0.204205329018569,Medium,0.0,1.4700000000000002,0.2919870114715427
2021-05-28,144.09605407714844,16.760000228881836,0.01,0.05,0.14,1.58,-0.0006695501503142812,0.14809668230913964,0.1843581860081006,0.19994588767760108,Medium,0.0,1.44,0.21277977214786306
2021-06-01,145.68408203125,17.899999618530273,0.02,0.04,0.16,1.62,0.010960336155148867,0.15701964459803228,0.181400278891378,0.20059723583654523,Medium,0.0,1.4600000000000002,0.15599982598757012
2021-06-02,145.6928253173828,17.479999542236328,0.02,0.05,0.13,1.59,6.001358319709743e-05,0.13335635888270933,0.18032688269452934,0.19745945935247078,Medium,0.0,1.46,0.1120952726339795
2021-06-03,145.7893829345703,18.040000915527344,0.02,0.04,0.16,1.63,0.0006625284012941932,0.12207288250220935,0.1768996362755953,0.19446358588201848,Medium,0.01,1.47,0.054957186768311114
2021-06-04,146.0262451171875,16.420000076293945,0.02,0.05,0.14,1.56,0.0016233690855831913,0.11948626908963052,0.17325732545414943,0.1944589269960871,Medium,0.01,1.42,-0.008609756875688402
2021-06-07,145.34190368652344,16.420000076293945,0.02,0.05,0.16,1.57,-0.004697443367517801,0.11690599088754457,0.16296593182814514,0.19343770674826083,Medium,0.01,1.4100000000000001,-0.10305851134404075
2021-06-08,144.76283264160156,17.06999969482422,0.02,0.05,0.14,1.53,-0.003992156910782723,0.11837309679935754,0.1638580780342269,0.1929864627193955,Medium,0.0,1.3900000000000001,-0.18034716736716122
2021-06-09,142.95547485351562,17.889999389648438,0.03,0.05,0.16,1.5,-0.012563549236439365,0.12452120705303334,0.17055599337462152,0.1905852359329264,Medium,0.009999999999999998,1.34,-0.25394478629204875
2021-06-10,140.72702026367188,16.100000381469727,0.03,0.05,0.14,1.45,-0.01571122975744009,0.14940633973619732,0.16924800849649746,0.19308515198446563,Medium,0.009999999999999998,1.31,-0.3226736313490698
2021-06-11,140.63055419921875,15.649999618530273,0.03,0.05,0.16,1.47,-0.0006857186512019417,0.11882305992586681,0.16715541239855808,0.19178248169923512,Low,0.009999999999999998,1.31,-0.3472376062206489
2021-06-14,138.24412536621094,16.389999389648438,0.03,0.05,0.16,1.51,-0.017115122037197356,0.1387351475057698,0.15274817980332125,0.19470438710734417,Medium,0.019999999999999997,1.35,-0.3309459965399308
2021-06-15,136.1472625732422,17.020000457763672,0.03,0.08,0.16,1.51,-0.015284033713888132,0.12001236583319234,0.1476651737211878,0.19564602420122587,Medium,0.009999999999999998,1.35,-0.3107649553688116
2021-06-16,137.10360717773438,18.149999618530273,0.04,0.08,0.21,1.57,0.006999783826438795,0.1351705175506878,0.1497063685530164,0.195081089510588,Medium,0.02,1.36,-0.2811774337593139
2021-06-17,133.14669799804688,17.75,0.04,0.08,0.23,1.52,-0.02928538394283961,0.17196136046641927,0.17203573993410382,0.20099214471990173,Medium,0.02,1.29,-0.20272398687588378
2021-06-18,129.77769470214844,20.700000762939453,0.05,0.09,0.26,1.45,-0.025628566924815525,0.17878744433244448,0.18837219692732884,0.20487762997001838,Medium,0.030000000000000002,1.19,-0.24667965148543955
2021-06-21,131.9798583984375,17.889999389648438,0.05,0.09,0.27,1.5,0.016826377138835988,0.22846448313564952,0.20176595716566223,0.2005503534682662,Medium,0.030000000000000002,1.23,-0.19893303790785002
2021-06-22,131.78683471679688,16.65999984741211,0.04,0.09,0.25,1.48,-0.001463594313727609,0.23055895563953993,0.19493732211313647,0.19952734893332316,Medium,0.02,1.23,-0.12656231128950357
2021-06-23,132.58517456054688,16.31999969482422,0.05,0.08,0.26,1.5,0.0060395370343350385,0.24201973050740902,0.19533229699277618,0.19929545181054223,Medium,0.020000000000000004,1.24,-0.053470796268884395
2021-06-24,133.80471801757812,15.970000267028809,0.05,0.08,0.26,1.49,0.00915614301464221,0.2505295023569048,0.19868224762511616,0.19850416781952582,Medium,0.020000000000000004,1.23,0.0717462319300603
2021-06-25,135.15589904785156,15.619999885559082,0.06,0.09,0.28,1.54,0.010047511134429572,0.26131925815431983,0.2034940872058054,0.19674325105085272,Low,0.03,1.26,0.10176289331233183
2021-06-28,135.40151977539062,15.760000228881836,0.05,0.08,0.25,1.49,0.001815664830661556,0.25176202208640314,0.19371438871536287,0.1941818108060116,Medium,0.020000000000000004,1.24,0.12314120325873898
2021-06-29,135.23483276367188,16.020000457763672,0.04,0.08,0.27,1.49,-0.001231815543123268,0.2407650541950305,0.19363910192960454,0.1927987790730981,Medium,0.010000000000000002,1.22,0.11857072752724336
2021-06-30,136.46307373046875,15.829999923706055,0.05,0.07,0.25,1.45,0.009041286695950041,0.24279612460655067,0.1920002501572108,0.19126202073913565,Medium,0.010000000000000002,1.2,0.10495620288408938
2021-07-01,137.814208984375,15.479999542236328,0.05,0.09,0.25,1.48,0.009852410451729845,0.18544964931616154,0.19697194075254956,0.19129714633659842,Low,0.010000000000000002,1.23,0.09217037252363769
2021-07-02,137.681884765625,15.069999694824219,0.05,0.08,0.24,1.44,-0.0009606250827339863,0.09779013364684176,0.1967083530059595,0.19106136299650037,Low,0.0,1.2,0.08490933454364716
2021-07-06,135.3699493408203,16.440000534057617,0.05,0.07,0.22,1.37,-0.016934445305090223,0.13285878608699955,0.20197404687666093,0.1936197795017532,Medium,0.0,1.1500000000000001,0.04252039213477679
2021-07-07,135.52879333496094,16.200000762939453,0.05,0.08,0.22,1.33,0.0011727187123580227,0.13128631269450677,0.20259790492034652,0.19110143437383403,Medium,0.010000000000000002,1.11,0.017493114378263733
2021-07-08,133.1904296875,19.0,0.06,0.07,0.19,1.3,-0.017404208350391595,0.16380784603427276,0.20839556676308518,0.19420442572842808,Medium,0.009999999999999995,1.11,-0.08713305588876438
2021-07-09,137.45248413085938,16.18000030517578,0.06,0.08,0.23,1.37,0.03149838109411351,0.22427265434040827,0.23912634336803162,0.20384301467188246,Medium,0.009999999999999995,1.1400000000000001,-0.09447140659479648
2021-07-12,139.4202423095703,16.170000076293945,0.05,0.08,0.23,1.38,0.014214410613419616,0.22902553074757837,0.23976939169188294,0.20574893549090847,Medium,-0.009999999999999995,1.15,-0.09790681160343553
2021-07-13,137.3465576171875,17.1200008392334,0.05,0.08,0.26,1.42,-0.014985348665055239,0.24653676386116413,0.24501046290268788,0.20655959543082653,Medium,0.0,1.16,-0.09961656835492626
2021-07-14,136.8788604736328,16.329999923706055,0.06,0.08,0.23,1.37,-0.003411044827944469,0.2474357227618964,0.23824722353616978,0.20302811883044958,Medium,0.019999999999999997,1.1400000000000001,-0.15863185703996616
2021-07-15,137.17889404296875,17.010000228881836,0.05,0.07,0.23,1.31,0.0021895654055363346,0.24372527574391925,0.23217165288920494,0.2027134300770051,Medium,0.0,1.08,-0.2096943993760938
2021-07-16,134.04638671875,18.450000762939453,0.05,0.08,0.25,1.31,-0.023099960361169233,0.2637235641764222,0.24441530125698754,0.20757137818156432,Medium,0.0,1.06,-0.3368233601145479
2021-07-19,129.68727111816406,22.5,0.05,0.07,0.21,1.19,-0.0330599640394975,0.30374202914863924,0.25018647650869463,0.21768969384267478,High,0.0,0.98,-0.463475130380444
2021-07-20,132.1050567626953,19.729999542236328,0.05,0.08,0.2,1.23,0.0184715450525974,0.3195836644394024,0.24257504568445085,0.21633242121546908,Medium,0.0,1.03,-0.5139925337920502
2021-07-21,134.88462829589844,17.90999984741211,0.05,0.07,0.22,1.3,0.02082231723556865,0.34035348174603347,0.24625882589912276,0.21965094407513272,Medium,0.0,1.08,-0.5816657648284678
2021-07-22,133.18161010742188,17.690000534057617,0.05,0.07,0.2,1.27,-0.012706121521412369,0.33457903394609123,0.2507359209258864,0.21687253936669998,Medium,-0.009999999999999995,1.07,-0.693884557260382
2021-07-23,132.92568969726562,17.200000762939453,0.05,0.07,0.22,1.3,-0.0019234383216444643,0.2848271941598362,0.2500361468864647,0.21363535265831823,Medium,-0.009999999999999995,1.08,-0.6969105383239466
2021-07-26,133.81689453125,17.579999923706055,0.05,0.08,0.22,1.29,0.006682158776234906,0.27413131315825473,0.24905481832000517,0.21398839586154053,Medium,0.0,1.07,-0.695432734971994
2021-07-27,133.6404266357422,19.360000610351562,0.05,0.07,0.2,1.25,-0.0013195968638683882,0.26744221258972667,0.24637767083633402,0.21382410935770416,Medium,0.0,1.05,-0.6953831152083586
2021-07-28,133.86106872558594,18.309999465942383,0.05,0.07,0.2,1.26,0.0016496516371450405,0.26828951459356376,0.24635836730031252,0.21346000507365004,Medium,-0.009999999999999995,1.06,-0.697717104730267
2021-07-29,135.0081787109375,17.700000762939453,0.06,0.08,0.2,1.28,0.0085328981012395,0.2730622393764687,0.2483296232454669,0.2105931345768893,Medium,0.009999999999999995,1.08,-0.7297824250131147
2021-07-30,133.93165588378906,18.239999771118164,0.06,0.07,0.19,1.24,-0.008005720524321708,0.24925256505170218,0.24746008991786458,0.21044401648643482,Medium,0.009999999999999995,1.05,-0.7304143383451496
2021-08-02,133.3933563232422,19.459999084472656,0.05,0.07,0.17,1.2,-0.004027309556028143,0.17250267828681448,0.24452059388912298,0.210514991835024,Medium,0.0,1.03,-0.6866137553402535
2021-08-03,134.91107177734375,18.040000915527344,0.05,0.07,0.17,1.19,0.011313504239880414,0.1573959570072881,0.24855837872306347,0.2099229394533936,Medium,0.0,1.02,-0.6879691757554741
2021-08-04,133.4551544189453,17.969999313354492,0.05,0.07,0.17,1.19,-0.010850334356443274,0.12980411964636865,0.24449439711376847,0.20924774025407106,Medium,0.0,1.02,-0.7386745353570534
2021-08-05,135.14048767089844,17.280000686645508,0.05,0.08,0.21,1.23,0.012549387301835527,0.12829328922793592,0.2487194150452017,0.206819796627782,Medium,0.0,1.02,-0.7866884882282325
2021-08-06,138.97900390625,16.149999618530273,0.06,0.09,0.21,1.31,0.028007983934907735,0.1826587338001219,0.2585493325829954,0.21450084786182932,Medium,0.009999999999999995,1.1,-0.8127881066014033
2021-08-09,138.8289794921875,16.719999313354492,0.06,0.08,0.23,1.33,-0.001080058440446492,0.1841567208235897,0.23534603863433168,0.2145065206653003,Medium,0.009999999999999995,1.1,-0.8142081827387164
2021-08-10,140.5320281982422,16.790000915527344,0.05,0.08,0.24,1.36,0.012192609254796307,0.18637015137758384,0.23395890666368585,0.21328581051767265,Medium,0.0,1.12,-0.7903635625562246
2021-08-11,142.20863342285156,16.170000076293945,0.05,0.08,0.23,1.35,0.011859807265522647,0.1882261445798735,0.2301983775935204,0.21405953528203245,Medium,0.0,1.12,-0.7811089822625173
2021-08-12,142.76454162597656,15.59000015258789,0.06,0.09,0.23,1.36,0.0039014823635870207,0.18795071572938257,0.2295629157638742,0.2081161412910555,Low,0.0,1.1300000000000001,-0.7899498670428023
2021-08-13,141.16738891601562,15.449999809265137,0.06,0.08,0.23,1.29,-0.011250369431524868,0.19509078793335166,0.23410282058928072,0.2069784718358478,Low,0.0,1.06,-0.803810651553176
2021-08-16,140.24082946777344,16.1200008392334,0.06,0.08,0.21,1.26,-0.0065851864731660175,0.198886541013083,0.21885025600878105,0.2071650950640361,Medium,0.009999999999999995,1.05,-0.8190968493388248
2021-08-17,138.54661560058594,17.90999984741211,0.07,0.07,0.23,1.26,-0.012154311493635267,0.21247353123790116,0.18598375630639913,0.20665693390418427,Medium,0.020000000000000004,1.03,-0.816895516243647
2021-08-18,137.28477478027344,21.56999969482422,0.07,0.07,0.23,1.27,-0.00914942727266465,0.2095975255973491,0.18187398404803212,0.20688872245746207,High,0.020000000000000004,1.04,-0.7194363646486026
2021-08-19,136.1376495361328,21.670000076293945,0.06,0.06,0.22,1.24,-0.008390913638576466,0.20876487511903025,0.17128488068799572,0.20748234415160086,High,0.009999999999999995,1.02,-0.6532641422361901
2021-08-20,136.52590942382812,18.559999465942383,0.05,0.06,0.23,1.26,0.0028479064205989596,0.14528827331729094,0.16458658891026018,0.20619849244557642,Medium,-0.009999999999999995,1.03,-0.6500766915216898
2021-08-23,138.2730712890625,17.149999618530273,0.05,0.07,0.23,1.25,0.012716098171260452,0.16262384662069962,0.1688646336603823,0.2075936501463939,Medium,-0.009999999999999995,1.02,-0.6409328591414177
2021-08-24,139.12899780273438,17.219999313354492,0.05,0.06,0.24,1.29,0.006171037099569871,0.15203126853895485,0.16869061025239313,0.20705711845309668,Medium,0.0,1.05,-0.6410831947790085
2021-08-25,141.996826171875,16.790000915527344,0.06,0.07,0.23,1.35,0.020403161936702392,0.1763715906298553,0.17994976492434178,0.21116700042746012,Medium,0.009999999999999995,1.12,-0.6481555403466984
2021-08-26,142.72923278808594,18.84000015258789,0.05,0.07,0.25,1.34,0.005144651910657111,0.17727907916317934,0.1800539240753492,0.20909790390057895,Medium,-0.009999999999999995,1.09,-0.5814122676097502
2021-08-27,143.87637329101562,16.389999389648438,0.05,0.07,0.22,1.31,0.008005053665428655,0.16931233377670152,0.17986074789353845,0.20973109349598246,Medium,-0.009999999999999995,1.09,-0.5954802699655203
2021-08-30,141.57325744628906,16.190000534057617,0.05,0.08,0.2,1.29,-0.016137108444510377,0.18842801602462741,0.18816098347600002,0.21096109599280424,Medium,-0.009999999999999995,1.09,-0.532854054819934
2021-08-31,141.14089965820312,16.479999542236328,0.04,0.07,0.2,1.3,-0.003058623802779545,0.17583342381074638,0.1877578377096926,0.21102238765126904,Medium,-0.030000000000000006,1.1,-0.5117822245874039
2021-09-01,140.93797302246094,16.110000610351562,0.05,0.07,0.2,1.31,-0.0014387938296883097,0.16632465015185854,0.18556053634445221,0.21101702957799512,Medium,-0.020000000000000004,1.11,-0.5266099616471467
2021-09-02,141.5909423828125,16.40999984741211,0.05,0.07,0.2,1.29,0.004622327042323486,0.15460500337610256,0.17962022327120314,0.21122697101424684,Medium,-0.009999999999999995,1.09,-0.5506700901066709
2021-09-03,140.73500061035156,16.40999984741211,0.05,0.08,0.21,1.33,-0.006063519249181747,0.16261218620339607,0.17848310400595263,0.21135521196619908,Medium,0.0,1.12,-0.593095170655013
2021-09-07,140.48794555664062,18.139999389648438,0.05,0.08,0.22,1.38,-0.0017570053982760598,0.1545188439203347,0.15142115436488296,0.21125284118717538,Medium,0.0,1.16,-0.597293675291502
2021-09-08,139.86138916015625,17.959999084472656,0.05,0.08,0.22,1.35,-0.004469833611716538,0.1549164547595649,0.15232347385639125,0.2099868882076857,Medium,0.0,1.1300000000000001,-0.5646394983041787
2021-09-09,140.47024536132812,18.799999237060547,0.04,0.07,0.23,1.3,0.004343834826786416,0.1123449654341522,0.14696903310078038,0.20784264390051277,Medium,-0.019999999999999997,1.07,-0.5375294975524963
2021-09-10,138.85546875,20.950000762939453,0.05,0.08,0.23,1.35,-0.011562090552942628,0.11760360131581557,0.14550094619916423,0.20911673974863595,Medium,0.0,1.12,-0.5148734399666243
2021-09-13,141.0614471435547,19.3700008392334,0.06,0.07,0.21,1.33,0.015761991786028884,0.14149010515451832,0.1560906556253648,0.20864597823183667,Medium,0.009999999999999995,1.12,-0.4867042565933705
2021-09-14,138.59957885742188,19.459999084472656,0.04,0.07,0.21,1.28,-0.017606542586869365,0.14573663242597623,0.16297116568413575,0.20940230418797334,Medium,-0.010000000000000002,1.07,-0.45514753491997184
2021-09-15,139.56141662597656,18.18000030517578,0.04,0.07,0.21,1.31,0.006915718721655781,0.15239274522231017,0.16371887973005056,0.20939141214719548,Medium,0.0,1.1,-0.46917929756095794
2021-09-16,139.49961853027344,18.690000534057617,0.04,0.07,0.23,1.34,-0.0004429002184322522,0.15241739988003522,0.1578953301295508,0.20059885187597326,Medium,-0.010000000000000002,1.11,-0.5225382733246609
2021-09-17,139.13780212402344,20.809999465942383,0.04,0.07,0.23,1.37,-0.0025970424845317827,0.14920126663855773,0.15453635759939086,0.19345517259422748,Medium,-0.010000000000000002,1.1400000000000001,-0.6022349966520827
2021-09-20,134.97286987304688,25.709999084472656,0.04,0.07,0.23,1.31,-0.03039102988401652,0.20749612205131765,0.18626715151765758,0.2007701093021492,High,-0.010000000000000002,1.08,-0.7280715386854206
2021-09-21,134.9905242919922,24.360000610351562,0.03,0.07,0.22,1.33,0.00013079120615660896,0.20832822754448582,0.18590596439123286,0.2007366990794379,High,-0.020000000000000004,1.11,-0.7943342029149063
2021-09-22,137.5760040283203,20.8700008392334,0.03,0.08,0.25,1.32,0.018971935417310282,0.23795128892930095,0.19266606466586722,0.2038603777876245,Medium,-0.020000000000000004,1.07,-0.8007331142412822
2021-09-23,142.22625732421875,18.6299991607666,0.03,0.08,0.27,1.41,0.033242630023295715,0.29557127590540766,0.22425154764088473,0.21344230660004088,Medium,-0.010000000000000002,1.14,-0.7754967004541581
2021-09-24,143.8675079345703,17.75,0.03,0.08,0.29,1.47,0.01147364126550904,0.29020147437502425,0.216541730853106,0.21370775148229937,Medium,-0.020000000000000004,1.18,-0.7397848786592999
2021-09-27,147.34422302246094,18.760000228881836,0.04,0.09,0.31,1.48,0.02387871034399967,0.30237352329887374,0.23073025434079053,0.21855418481085098,Medium,-0.019999999999999997,1.17,-0.6320874100962371
2021-09-28,146.55003356933594,23.25,0.04,0.09,0.31,1.54,-0.0054046063744718174,0.28314912768777667,0.2306539655065717,0.21891294140407633,High,0.0,1.23,-0.42116723474430645
2021-09-29,146.43531799316406,22.559999465942383,0.04,0.09,0.3,1.55,-0.0007830806654475993,0.28476348688270015,0.22236718434667582,0.2183775395316735,High,0.0,1.25,-0.2997674156844412
2021-09-30,144.4410858154297,23.139999389648438,0.04,0.09,0.28,1.52,-0.013712101759423063,0.29904680909684855,0.22817086199184533,0.21962934961632122,High,0.0,1.24,-0.192644664710606
2021-10-01,147.4765625,21.100000381469727,0.04,0.09,0.27,1.48,0.020797551053066146,0.30863947246413,0.23784958859270405,0.22322401377670875,High,0.0,1.21,-0.08790470362755697
2021-10-04,147.3177032470703,22.959999084472656,0.04,0.09,0.27,1.49,-0.001077763625451401,0.2397273005150656,0.23792551831474892,0.22025268866777836,High,0.0,1.22,-0.008877481255379986
2021-10-05,149.72348022460938,21.299999237060547,0.04,0.09,0.28,1.54,0.016198626430258004,0.23710345872924904,0.2410288464900861,0.22224674419447313,High,0.010000000000000002,1.26,0.0204858022202024
2021-10-06,150.0430450439453,21.0,0.04,0.1,0.3,1.53,0.0021320922348256753,0.23503528839989388,0.24044807027782145,0.21887259265715825,High,0.010000000000000002,1.23,0.03729237773373687
2021-10-07,150.99290466308594,19.540000915527344,0.05,0.1,0.32,1.58,0.006310626835972664,0.19096234475582316,0.23904885151829983,0.21066741910034337,Medium,0.020000000000000004,1.26,0.029950919854086353
2021-10-08,151.10830688476562,18.770000457763672,0.05,0.09,0.32,1.61,0.0007639971167390268,0.18990269332854418,0.23923889244533678,0.2090772353864234,Medium,0.020000000000000004,1.29,0.005763936794315417
2021-10-11,147.93023681640625,20.0,0.05,0.09,0.32,1.61,-0.021256054070577082,0.19863498454586836,0.2490714877927284,0.21142277495523562,Medium,0.010000000000000002,1.29,0.020475354539564946
2021-10-12,146.7939910888672,19.850000381469727,0.06,0.1,0.35,1.59,-0.007710607065375993,0.2008458335468879,0.24720027145186912,0.21197626869056388,Medium,0.019999999999999997,1.2400000000000002,0.005407971586818626
2021-10-13,142.92347717285156,18.639999389648438,0.05,0.11,0.37,1.56,-0.02672082034127731,0.24222260501364254,0.25803945110252785,0.21914260692896256,Medium,0.010000000000000002,1.19,-0.01507514062532571
2021-10-14,145.11619567871094,16.860000610351562,0.05,0.1,0.36,1.52,0.015225408655607108,0.2479656461361379,0.2618297511672406,0.2156367267004711,Medium,0.010000000000000002,1.1600000000000001,-0.06295571948949841
2021-10-15,147.9036407470703,16.299999237060547,0.05,0.12,0.41,1.59,0.019026214668926626,0.24402720222934896,0.2682801218760061,0.2069296099306416,Medium,0.010000000000000002,1.1800000000000002,-0.13540212127181264
2021-10-18,147.85040283203125,16.309999465942383,0.06,0.11,0.44,1.59,-0.00036001479452196506,0.24394121222285126,0.26782612829911145,0.20427941059143656,Medium,0.019999999999999997,1.1500000000000001,-0.21550802844546835
2021-10-19,149.64358520507812,15.699999809265137,0.05,0.11,0.41,1.65,0.012055397167166299,0.23720294124657196,0.24031192683390215,0.2016952074005917,Medium,0.010000000000000002,1.24,-0.29330896582947147
2021-10-20,151.65872192382812,15.489999771118164,0.05,0.1,0.4,1.65,0.013376377929584982,0.24663235140158052,0.24136853389359386,0.20089465406160067,Low,0.010000000000000002,1.25,-0.3862581435832832
2021-10-21,150.4691619873047,15.010000228881836,0.06,0.12,0.45,1.68,-0.007874586536541186,0.24846749683860625,0.24046475694241565,0.20172540883848555,Low,0.009999999999999995,1.23,-0.44356179296774867
2021-10-22,152.4931640625,15.430000305175781,0.06,0.13,0.48,1.66,0.013361609768635081,0.2579136188206447,0.21920062424748496,0.20279936293377654,Low,0.009999999999999995,1.18,-0.4793747652644489
2021-10-25,151.74749755859375,15.239999771118164,0.06,0.14,0.47,1.64,-0.004901829972374288,0.23012357763261368,0.21886458967304745,0.20316920597790167,Low,0.009999999999999995,1.17,-0.5180726633732932
2021-10-26,152.1558074951172,15.979999542236328,0.06,0.14,0.47,1.63,0.00268710590124073,0.22295327184241712,0.20468234428829354,0.20317217884555666,Medium,0.0,1.16,-0.5568590476037956
2021-10-27,148.9866943359375,16.979999542236328,0.06,0.12,0.5,1.54,-0.021048042952763954,0.20221498489588616,0.21809460550590293,0.2078849641370532,Medium,0.009999999999999995,1.04,-0.5973671964951676
2021-10-28,151.23260498046875,16.530000686645508,0.06,0.15,0.5,1.57,0.014962079704193791,0.20181525003854497,0.22342314428717533,0.20866131472868013,Medium,0.009999999999999995,1.07,-0.638647014304806
2021-10-29,150.81536865234375,16.260000228881836,0.05,0.15,0.48,1.55,-0.002762717382210332,0.1857829518173121,0.21713939624538914,0.20852989434732885,Medium,0.0,1.07,-0.6487646964367441
2021-11-01,150.73548889160156,16.40999984741211,0.05,0.15,0.5,1.58,-0.0005297929726426791,0.18584399322763828,0.2062410649289134,0.20771171808600467,Medium,-0.009999999999999995,1.08,-0.5720500384075746
2021-11-02,151.33029174804688,16.030000686645508,0.05,0.15,0.46,1.56,0.003938239041540644,0.17775524853732405,0.20632378399521295,0.20616239441096154,Medium,0.0,1.1,-0.48309494817185683
2021-11-03,151.38352966308594,15.100000381469727,0.05,0.17,0.47,1.6,0.0003517375938750979,0.16411260953371343,0.19906088292786536,0.20506478202231623,Low,0.0,1.1300000000000001,-0.49549506943578886
2021-11-04,149.39503479003906,15.4399995803833,0.04,0.14,0.41,1.53,-0.013222510374589975,0.1730826228048782,0.20453015749141215,0.2001697956963587,Low,-0.019999999999999997,1.12,-0.5301371318268973
2021-11-05,149.18197631835938,16.479999542236328,0.05,0.14,0.39,1.45,-0.0014271594926320943,0.15430495019110896,0.20317567178454818,0.20018669620993518,Medium,-0.009999999999999995,1.06,-0.5759844438292601
2021-11-08,150.07855224609375,17.219999313354492,0.06,0.16,0.45,1.51,0.005991960346779308,0.15858590069422157,0.20441301787593066,0.19917700414367326,Medium,0.0,1.06,-0.5770683756618853
2021-11-09,148.94227600097656,17.780000686645508,0.04,0.14,0.41,1.46,-0.00760001716986808,0.16009746710904552,0.19188458745782802,0.19868353851487464,Medium,-0.019999999999999997,1.05,-0.5522197075209931
2021-11-10,148.80026245117188,18.729999542236328,0.05,0.17,0.51,1.56,-0.0009539353114421806,0.12051380561093837,0.18973501254912048,0.19860624935781682,Medium,-0.009999999999999995,1.05,-0.5212061093050468
2021-11-11,148.79136657714844,17.65999984741211,0.05,0.17,0.51,1.56,-5.9785781307931314e-05,0.08670825282442754,0.16168551752959665,0.1971348199143738,Medium,-0.009999999999999995,1.05,-0.4245589600105399
2021-11-12,148.12557983398438,16.290000915527344,0.05,0.17,0.53,1.58,-0.004484674028117489,0.08776400657375298,0.15554209770917163,0.19685803730186058,Medium,0.0,1.05,-0.3797382820851335
2021-11-15,147.8592529296875,16.489999771118164,0.05,0.18,0.53,1.63,-0.001799598808400597,0.08748062113211867,0.1411584824978413,0.19515585922043496,Medium,0.0,1.0999999999999999,-0.3203335863139045
2021-11-16,146.7939910888672,16.3700008392334,0.05,0.17,0.54,1.63,-0.007230644858859659,0.0844287599922165,0.14335983418590542,0.19478634082488983,Medium,0.0,1.0899999999999999,-0.3405598472018473
2021-11-17,146.00393676757812,17.110000610351562,0.05,0.18,0.52,1.6,-0.005396597199203529,0.0828732169729766,0.13694848538504067,0.19428706627577141,Medium,0.0,1.08,-0.41089916926598147
2021-11-18,144.7433319091797,17.59000015258789,0.05,0.18,0.52,1.59,-0.008671536372107961,0.07030091653454898,0.128470781296861,0.1952320890438739,Medium,0.010000000000000002,1.07,-0.5066798193562537
2021-11-19,142.85250854492188,17.90999984741211,0.05,0.18,0.52,1.54,-0.01314935991911337,0.08523695882123994,0.13262703893580394,0.19573712647923291,Medium,0.0,1.02,-0.5911911822375541
2021-11-22,145.89735412597656,19.170000076293945,0.05,0.2,0.63,1.63,0.021090631303273474,0.14745251102634005,0.1462567215826703,0.19972258377906857,Medium,-0.009999999999999995,0.9999999999999999,-0.655631371646149
2021-11-23,149.38612365722656,19.3799991607666,0.06,0.21,0.6,1.67,0.023631067392984574,0.1948629730363452,0.17073351602498418,0.20111284670204407,Medium,0.019999999999999997,1.0699999999999998,-0.5965210411828411
2021-11-24,148.21435546875,18.579999923706055,0.06,0.24,0.64,1.64,-0.007874814229381402,0.19915737962194607,0.17197268425276177,0.20165598885621092,Medium,0.009999999999999995,0.9999999999999999,-0.5348284200265522
2021-11-26,143.74911499023438,28.6200008392334,0.06,0.2,0.5,1.48,-0.030590050613125412,0.2501603394667497,0.1882229116188981,0.21047506074503713,High,0.009999999999999995,0.98,-0.5922904713002209
2021-11-29,143.12767028808594,22.959999084472656,0.06,0.21,0.51,1.52,-0.004332491899708718,0.2501438397149834,0.1783023139108762,0.20811049047175034,High,0.009999999999999995,1.01,-0.6627861197988084
2021-11-30,140.99713134765625,27.190000534057617,0.05,0.24,0.52,1.43,-0.01499748605000382,0.25642670361431624,0.18338778853377113,0.21022318498377246,High,0.0,0.9099999999999999,-0.7532895481164775
2021-12-01,140.1627197265625,31.1200008392334,0.06,0.25,0.56,1.43,-0.005935513677505325,0.256158473774423,0.18335004301517974,0.21053900298969674,High,0.009999999999999995,0.8699999999999999,-0.8070236094646196
2021-12-02,143.10992431640625,27.950000762939453,0.05,0.27,0.63,1.44,0.020809005031935123,0.28598430166147587,0.200447721654559,0.21446314731213165,High,0.0,0.8099999999999999,-0.8161348247029482
2021-12-03,140.51779174804688,30.670000076293945,0.06,0.26,0.6,1.35,-0.018278924058165846,0.29614405464538124,0.20719725608408787,0.21727915019322222,High,0.009999999999999995,0.7500000000000001,-0.8395477169398633
2021-12-06,142.1778564453125,27.18000030517578,0.05,0.28,0.65,1.43,0.011744671627616174,0.2985252427261961,0.21053103939631138,0.21851604062031024,High,0.0,0.7799999999999999,-0.8505133922831071
2021-12-07,144.31723022460938,21.889999389648438,0.06,0.31,0.7,1.48,0.014935080184493922,0.287469679065584,0.21890580460334283,0.22027355290662093,High,0.009999999999999995,0.78,-0.8470523600671788
2021-12-08,142.6660919189453,19.899999618530273,0.07,0.29,0.68,1.52,-0.011506985927446655,0.25516756675284036,0.21967212376541517,0.22142688362737145,Medium,0.010000000000000009,0.84,-0.8284997037787577
2021-12-09,142.44412231445312,21.579999923706055,0.06,0.28,0.7,1.49,-0.0015570796012065798,0.2548699288112847,0.2188698358302222,0.22015877057286126,High,0.0,0.79,-0.8186276014764009
2021-12-10,141.8759765625,18.690000534057617,0.06,0.27,0.67,1.48,-0.003996527226952576,0.20769784310754438,0.21891862036934961,0.21809374099012946,Medium,0.0,0.8099999999999999,-0.7828039263148538
2021-12-13,140.18931579589844,20.309999465942383,0.05,0.27,0.66,1.42,-0.011959506651907315,0.2142301638046272,0.22127377085559916,0.2165179284781727,Medium,-0.009999999999999995,0.7599999999999999,-0.7447884965468438
2021-12-14,141.26345825195312,21.889999389648438,0.05,0.26,0.67,1.44,0.007632880327594875,0.20596795923139583,0.22409951431808894,0.21661332539988795,High,0.0,0.7699999999999999,-0.7320163858944498
2021-12-15,140.2070770263672,19.290000915527344,0.05,0.29,0.69,1.47,-0.007506193744263701,0.20742141768205277,0.22482292149228866,0.21715748046981992,Medium,-0.009999999999999995,0.78,-0.6840985122709795
2021-12-16,142.3997344970703,20.56999969482422,0.05,0.26,0.64,1.44,0.015517683085958313,0.19383645729485852,0.2325097519157597,0.219261698932355,Medium,0.0,0.7999999999999999,-0.6567902816013322
2021-12-17,139.15953063964844,21.56999969482422,0.05,0.27,0.66,1.41,-0.023017157022022613,0.20701806176451243,0.24400872771388177,0.21552129168963724,High,-0.009999999999999995,0.7499999999999999,-0.6160912264761238
2021-12-20,136.65618896484375,22.8700008392334,0.07,0.27,0.65,1.43,-0.018152775486900842,0.20998060713570593,0.2492881650809759,0.21872176209487276,High,0.020000000000000004,0.7799999999999999,-0.5776241649612118
2021-12-21,138.56480407714844,21.010000228881836,0.07,0.29,0.7,1.48,0.013869913690216019,0.20734826959818323,0.25261829372342104,0.2171740169688745,High,0.010000000000000009,0.78,-0.5356128559749348
2021-12-22,139.10629272460938,18.6299991607666,0.08,0.28,0.68,1.46,0.0039002210897164558,0.20629246571432028,0.23999386209687454,0.20665518353672008,Medium,0.009999999999999995,0.7799999999999999,-0.4744203125258665
2021-12-23,139.60340881347656,17.959999084472656,0.07,0.31,0.71,1.5,0.0035672717045124006,0.20855837955145073,0.22210823383010905,0.2054175146494538,Medium,0.010000000000000009,0.79,-0.42287309540780055
2021-12-27,140.40240478515625,17.68000030517578,0.06,0.33,0.76,1.48,0.005707011079637204,0.2116419662605097,0.22350451040298572,0.19979821884610502,Medium,0.0,0.72,-0.3669457702589945
2021-12-28,140.82850646972656,17.540000915527344,0.06,0.39,0.74,1.49,0.0030302644095957063,0.20320401867425014,0.1994638575330392,0.19971444742596448,Medium,0.009999999999999995,0.75,-0.29794100251977124
2021-12-29,140.75746154785156,16.950000762939453,0.05,0.38,0.75,1.55,-0.0005046055659852,0.19922246188962195,0.19909301187215966,0.19971436850107518,Medium,0.0,0.8,-0.22128275556443833
2021-12-30,140.68646240234375,17.329999923706055,0.05,0.38,0.73,1.52,-0.000504534942644412,0.1952499595556365,0.19227993821314887,0.19793631719786048,Medium,0.0,0.79,-0.14722911396801985
2021-12-31,140.57107543945312,17.219999313354492,0.06,0.39,0.73,1.52,-0.0008205075693228581,0.1759656577597703,0.19113868410214765,0.1931834490453886,Medium,0.009999999999999995,0.79,-0.08244193423308495
2022-01-03,143.544921875,16.600000381469727,0.08,0.4,0.78,1.63,0.020934794760506945,0.16178224205117345,0.1913105062157234,0.19799346191926334,Medium,0.03,0.8499999999999999,-0.07413581794913736
2022-01-04,148.9866943359375,16.90999984741211,0.08,0.38,0.77,1.66,0.037208971562609265,0.19368036417196127,0.21859820316132034,0.2092943070682265,Medium,0.009999999999999995,0.8899999999999999,-0.1424045747703433
2022-01-05,146.26287841796875,19.729999542236328,0.09,0.41,0.83,1.71,-0.018451462405302245,0.23317299583469175,0.2278386048910968,0.2124358367822619,Medium,0.01999999999999999,0.88,-0.13761966776900397
2022-01-06,147.81675720214844,19.610000610351562,0.1,0.45,0.88,1.73,0.010567839845213764,0.2343660618795872,0.22504240245815038,0.21315226709460788,Medium,0.020000000000000004,0.85,-0.13112710425131793
2022-01-07,149.28140258789062,18.760000228881836,0.1,0.43,0.87,1.76,0.009859753101019953,0.2346105484665185,0.22206388000537677,0.2141173997489403,Medium,0.03,0.89,-0.13197954531605674
2022-01-10,149.42425537109375,19.399999618530273,0.13,0.46,0.92,1.78,0.0009564786624395497,0.2363804323680604,0.22170439388420066,0.20980128949987698,Medium,0.07,0.86,-0.19308189024588
2022-01-11,149.5760498046875,18.40999984741211,0.11,0.46,0.9,1.75,0.0010153464328089955,0.237357961737336,0.22059416589188063,0.20919582949876558,Medium,0.05,0.85,-0.22680568693095185
2022-01-12,150.42445373535156,17.6200008392334,0.12,0.48,0.92,1.74,0.005656031789308566,0.2346105851671245,0.21438119298597547,0.20210092490983964,Medium,0.06999999999999999,0.82,-0.25009479915769006
2022-01-13,150.23690795898438,20.309999465942383,0.12,0.47,0.91,1.7,-0.001247555054197126,0.23527305714056507,0.21435586739664456,0.20000029974159136,Medium,0.06999999999999999,0.7899999999999999,-0.20060407611559786
2022-01-14,141.0028076171875,19.190000534057617,0.13,0.51,0.99,1.78,-0.063433632211923,0.4243277633714619,0.3133612343251403,0.23412384980487427,Medium,0.07,0.79,-0.21769461579091734
2022-01-18,135.09088134765625,22.790000915527344,0.16,0.58,1.06,1.87,-0.04283205524652749,0.45701275060469654,0.3415119668136586,0.24878086329658863,High,0.08,0.81,-0.2595612264320712
2022-01-19,133.001220703125,23.850000381469727,0.17,0.57,1.04,1.83,-0.015589440713411578,0.38877563999282777,0.33682904033640887,0.24883281048645356,High,0.09000000000000001,0.79,-0.41848208927759895
2022-01-20,131.86700439453125,25.59000015258789,0.17,0.6,1.08,1.83,-0.008564434190021395,0.38688230479929064,0.3327035383535726,0.2472322962326759,High,0.08000000000000002,0.75,-0.5517618907938038
2022-01-21,129.56292724609375,28.850000381469727,0.17,0.58,1.01,1.75,-0.017627184411910087,0.3696831601928285,0.33202283362915846,0.24890274917378663,High,0.07,0.74,-0.6523327008099528
2022-01-24,129.4468536376953,29.899999618530273,0.19,0.58,0.99,1.75,-0.000896287512949041,0.35454613163026494,0.3311452648029727,0.24686407586244133,High,0.09,0.76,-0.7174747547222542
2022-01-25,130.85781860351562,31.15999984741211,0.19,0.65,1.02,1.78,0.010840979322410146,0.36957520142521594,0.3340271074141909,0.2482715095916571,High,0.06,0.76,-0.7438844469245043
2022-01-26,132.09922790527344,31.959999084472656,0.19,0.7,1.13,1.85,0.009441987130435646,0.3809400868204918,0.3355124715531885,0.24919449472243388,High,0.08,0.7200000000000002,-0.7539003663752366
2022-01-27,129.7683563232422,30.489999771118164,0.2,0.75,1.18,1.81,-0.017802380144240928,0.36773645326742843,0.33861754290613777,0.24828189078507198,High,0.08000000000000002,0.6300000000000001,-0.7795015941552531
2022-01-28,130.9293212890625,27.65999984741211,0.19,0.75,1.15,1.78,0.0089066588644065,0.38146866151232,0.3413630723225492,0.24687275534284348,High,0.07,0.6300000000000001,-0.79484185303899
2022-01-31,132.7064666748047,24.829999923706055,0.22,0.78,1.18,1.79,0.01348202622989929,0.28394519927774825,0.34628490031213954,0.24887561613915765,High,0.09,0.6100000000000001,-0.7973947929168378
2022-02-01,134.98374938964844,21.959999084472656,0.19,0.78,1.18,1.81,0.017014724614648324,0.21830481036746108,0.35300335564786495,0.2517624526730706,High,0.03,0.6300000000000001,-0.7927365790269749
2022-02-02,133.90313720703125,22.09000015258789,0.19,0.76,1.16,1.78,-0.008037714401181579,0.2062400012696078,0.3434959823509157,0.2518016500936469,High,0.01999999999999999,0.6200000000000001,-0.7860423875464091
2022-02-03,132.79576110839844,24.350000381469727,0.2,0.78,1.19,1.82,-0.008304364731686008,0.20591762492772803,0.3104403631693199,0.2520761403037379,High,0.03,0.6300000000000001,-0.788643910726895
2022-02-04,136.24288940429688,23.219999313354492,0.23,0.89,1.31,1.93,0.02562692715471817,0.21249018293224695,0.3244654414349514,0.25702221458211,High,0.06,0.6199999999999999,-0.795538963955545
2022-02-07,136.69837951660156,22.860000610351562,0.27,0.88,1.3,1.92,0.0033376450321883308,0.21023640097933435,0.3215026299912403,0.2572015002333689,High,0.08000000000000002,0.6199999999999999,-0.8034427134583998
2022-02-08,139.27037048339844,21.440000534057617,0.25,0.91,1.35,1.96,0.018640265887058194,0.21928637169855833,0.32755868669587584,0.25990621085168303,High,0.06,0.6099999999999999,-0.8100645673068039
2022-02-09,139.85081481933594,19.959999084472656,0.26,0.91,1.36,1.94,0.00415909076926548,0.2187229960506152,0.32827083675095653,0.2597908079109566,Medium,0.07,0.5799999999999998,-0.8148794659882942
2022-02-10,139.27037048339844,23.90999984741211,0.4,1.14,1.61,2.03,-0.004159090769265365,0.18593634705809925,0.32793216166753725,0.25986758736034865,High,0.2,0.4199999999999997,-0.8237007638202725
2022-02-11,137.45745849609375,27.360000610351562,0.36,1.07,1.5,1.92,-0.013102678763263414,0.21097769313771425,0.3278436899059642,0.2609723723707683,High,0.16999999999999998,0.41999999999999993,-0.8259063634817091
2022-02-14,136.18038940429688,28.329999923706055,0.43,1.13,1.58,1.98,-0.00933407694611896,0.21591884837866346,0.32809396238288524,0.2613959815432941,High,0.21,0.3999999999999999,-0.8326731496381754
2022-02-15,138.17185974121094,25.700000762939453,0.4,1.11,1.58,2.05,0.014517871249651286,0.2115663121816478,0.2552335435560319,0.26330822068862747,High,0.21000000000000002,0.46999999999999975,-0.8342908287847405
2022-02-16,138.4219512939453,24.290000915527344,0.38,1.09,1.52,2.03,0.0018083674392594263,0.2036770756383674,0.2048423459636284,0.263069897146886,High,0.19,0.5099999999999998,-0.8193810290378871
2022-02-17,135.23377990722656,28.110000610351562,0.36,1.05,1.49,1.97,-0.023301654435906594,0.23856688976899904,0.21431129704161228,0.26671697226281865,High,0.15999999999999998,0.48,-0.8090810037754453
2022-02-18,135.86782836914062,27.75,0.35,1.03,1.47,1.92,0.004677579170505011,0.20010881402463304,0.21192234321765485,0.266536552612188,High,0.11999999999999997,0.44999999999999996,-0.7959390667360664
2022-02-22,135.62672424316406,28.809999465942383,0.37,1.17,1.56,1.94,-0.0017761254289587326,0.19916773121130316,0.20078971866630596,0.26539837295644564,High,0.09999999999999998,0.3799999999999999,-0.7714371810151497
2022-02-23,132.7868194580078,31.020000457763672,0.34,1.16,1.58,1.99,-0.0211614564801607,0.19049300101328626,0.21636696291350357,0.2646701645451408,High,0.09000000000000002,0.4099999999999999,-0.7537676256302969
2022-02-24,129.08966064453125,30.31999969482422,0.32,1.08,1.54,1.96,-0.028237774360721363,0.21573615836330245,0.23592167968631947,0.2649862991209317,High,0.06,0.41999999999999993,-0.737311578702828
2022-02-25,132.14382934570312,27.59000015258789,0.33,1.13,1.55,1.97,0.023383738954093552,0.26757028864042887,0.24806527583827961,0.26965552725851133,High,-0.07,0.41999999999999993,-0.6869415408326767
2022-02-28,126.6337661743164,30.149999618530273,0.35,1.01,1.44,1.83,-0.04259175605599884,0.32629958063367837,0.2829162249411936,0.2758567921649465,High,-0.010000000000000009,0.3900000000000001,-0.7009582193218484
2022-03-01,121.85595703125,33.31999969482422,0.32,0.91,1.31,1.72,-0.038459522475067016,0.36013272349504677,0.30812852950275677,0.2853055796364235,High,-0.10999999999999999,0.4099999999999999,-0.7077173474831286
2022-03-02,124.38327026367188,30.739999771118164,0.34,1.06,1.5,1.86,0.02052802074066825,0.373139052030093,0.3139108694861327,0.2878436549904342,High,-0.06,0.3600000000000001,-0.7202612918123045
2022-03-03,123.49917602539062,30.479999542236328,0.38,1.08,1.53,1.86,-0.007133203663786864,0.36752938956480813,0.30546135498183435,0.28792033800418143,High,0.0,0.33000000000000007,-0.7338322226342869
2022-03-04,120.02523040771484,31.979999542236328,0.34,1.05,1.5,1.74,-0.02853251010706795,0.37316428566651344,0.31671980330863386,0.28893627597122085,High,-0.019999999999999962,0.24,-0.749909572692359
2022-03-07,115.39032745361328,36.45000076293945,0.38,1.07,1.55,1.78,-0.03938144107808751,0.3836574608239511,0.3381183259148164,0.29651655858421094,High,0.030000000000000027,0.22999999999999998,-0.7973521300255014
2022-03-08,114.57764434814453,35.130001068115234,0.36,1.12,1.63,1.86,-0.007067823246615611,0.37892484424431816,0.3170569780271023,0.2950650658564196,High,-0.010000000000000009,0.2300000000000002,-0.8182269006290116
2022-03-09,119.16790008544922,32.45000076293945,0.38,1.15,1.68,1.94,0.03928071402497528,0.4702178954901639,0.3556978038653349,0.30507043652246235,High,0.03999999999999998,0.26,-0.831011311580813
2022-03-10,117.75690460205078,30.229999542236328,0.39,1.19,1.72,1.98,-0.011911054793047538,0.46032409885578557,0.34400428427486895,0.3051170886780357,High,0.07,0.26,-0.83588999129173
2022-03-11,115.10454559326172,30.75,0.4,1.22,1.75,2.0,-0.022781561482145513,0.42590824834134206,0.34467420292918094,0.30763858525974,High,0.07,0.25,-0.8262090940272101
2022-03-14,116.24764251708984,31.770000457763672,0.45,1.28,1.87,2.14,0.009881957334351377,0.4076703967474923,0.35067882271508094,0.3087761249377842,High,0.10000000000000003,0.27,-0.8279245158665459
2022-03-15,118.3105697631836,29.829999923706055,0.46,1.28,1.85,2.15,0.01759034926477002,0.3892394724161096,0.36166447929234186,0.3110020906706106,High,0.14,0.2999999999999998,-0.8210342872436752
2022-03-16,123.59739685058594,26.670000076293945,0.44,1.35,1.95,2.19,0.043716369618678454,0.44220828681533897,0.4020498751586783,0.3239742288510049,High,0.09999999999999998,0.24,-0.8089240645485102
2022-03-17,125.16024017333984,25.670000076293945,0.4,1.3,1.94,2.2,0.012565354006926974,0.44514830144147804,0.400934362295091,0.32510312483913295,High,0.020000000000000018,0.26000000000000023,-0.7978356730307027
2022-03-18,125.11558532714844,23.8700008392334,0.42,1.29,1.97,2.14,-0.00035684506544703544,0.413563517499581,0.4005608239412311,0.32321051098776266,High,0.07999999999999996,0.17000000000000015,-0.7638912209793404
2022-03-21,124.7137451171875,23.530000686645508,0.54,1.4,2.14,2.32,-0.0032169205736231696,0.34033135285124644,0.3948820920258951,0.32040453378297895,High,0.16000000000000003,0.17999999999999972,-0.7178708135365889
2022-03-22,127.36605072021484,22.940000534057617,0.51,1.59,2.18,2.38,0.021044157672964664,0.33523385049448534,0.4033186967199104,0.32183055762474805,High,0.15000000000000002,0.19999999999999973,-0.6798095765458964
2022-03-23,124.82978820800781,23.56999969482422,0.5,1.52,2.13,2.32,-0.020114114745074674,0.32530500509179705,0.40755390972630545,0.32257430246919117,High,0.12,0.18999999999999995,-0.6197591052695385
2022-03-24,125.64244842529297,21.670000076293945,0.52,1.55,2.13,2.34,0.006489047088116926,0.31192792214712284,0.40408186429233095,0.32279705254358637,High,0.13,0.20999999999999996,-0.5294125866037085
2022-03-25,126.74090576171875,20.809999465942383,0.55,1.67,2.3,2.48,0.008704728376467892,0.26586444182098967,0.3947440525648211,0.3232954857569393,Medium,0.15000000000000002,0.18000000000000016,-0.46616990134547376
2022-03-28,125.80320739746094,19.6299991607666,0.59,1.69,2.35,2.46,-0.007426050536156081,0.2792654288517965,0.38520073491446677,0.32316683760714227,Medium,0.13999999999999996,0.10999999999999988,-0.4366935286523591
2022-03-29,126.0800552368164,18.899999618530273,0.55,1.67,2.35,2.41,0.0021982242721638907,0.2749663233585261,0.35640227374115657,0.3231211705968372,Medium,0.09000000000000002,0.06000000000000005,-0.4301260682053129
2022-03-30,125.50852966308594,19.329999923706055,0.55,1.64,2.31,2.35,-0.004543342513531882,0.18259549224345417,0.32883694390156737,0.32315855713447567,Medium,0.11000000000000004,0.040000000000000036,-0.4087575521558837
2022-03-31,121.73988342285156,20.559999465942383,0.52,1.63,2.28,2.32,-0.030487056231053515,0.23120274878820105,0.3387946272185746,0.32818687500154337,Medium,0.12,0.040000000000000036,-0.35335481577095706
2022-04-01,120.83790588378906,19.6299991607666,0.53,1.72,2.44,2.39,-0.007436638766642757,0.23186366451048096,0.3388652049024722,0.3283327008491923,Medium,0.11000000000000004,-0.04999999999999982,-0.33738627658907683
2022-04-04,121.37374114990234,18.56999969482422,0.66,1.72,2.43,2.42,0.004424528273691975,0.23525367811187686,0.32408088482270037,0.3252087983201519,Medium,0.12,-0.010000000000000231,-0.3355162381594912
2022-04-05,119.96127319335938,21.030000686645508,0.65,1.77,2.51,2.54,-0.011705587674229348,0.1969749480028369,0.29390975424926885,0.3153998369944849,High,0.14,0.03000000000000025,-0.3727238015347243
2022-04-06,118.296875,22.100000381469727,0.67,1.79,2.5,2.61,-0.013971612563339874,0.186792374721014,0.29750018660663863,0.31465956974884024,High,0.17000000000000004,0.10999999999999988,-0.435461397996568
2022-04-07,117.93701171875,21.549999237060547,0.68,1.78,2.47,2.66,-0.003046671793017691,0.17563376841708536,0.26406331372994135,0.3133842746233944,High,0.16000000000000003,0.18999999999999995,-0.4551774393198509
2022-04-08,120.09620666503906,21.15999984741211,0.7,1.81,2.53,2.72,0.018142460832505748,0.2025766478070854,0.26818207269360306,0.3152607216713651,High,0.1499999999999999,0.1900000000000004,-0.5113686658129779
2022-04-11,119.6553726196289,24.3700008392334,0.77,1.85,2.5,2.79,-0.0036774276401096806,0.20239314827310217,0.2547208141142616,0.31513348436773087,High,0.18000000000000005,0.29000000000000004,-0.5611672440066848
2022-04-12,118.34185028076172,24.260000228881836,0.74,1.77,2.39,2.72,-0.011038243722105791,0.2000871254891827,0.25670665298748035,0.31534938384284533,High,0.18999999999999995,0.33000000000000007,-0.5731094484887236
2022-04-13,114.52728271484375,21.81999969482422,0.75,1.78,2.37,2.7,-0.03276440082453056,0.23932194480684457,0.2740133329129015,0.320034495596261,High,0.19999999999999996,0.33000000000000007,-0.5483653052091607
2022-04-14,113.4656753540039,22.700000762939453,0.79,1.84,2.47,2.83,-0.009312700201517397,0.20803840420732334,0.21986484265298725,0.3201254781797285,High,0.27,0.3599999999999999,-0.5266643721024394
2022-04-18,115.57088470458984,22.170000076293945,0.81,1.84,2.46,2.85,0.018383690703709356,0.2439365774571353,0.22624391383092723,0.3000511528855483,High,0.28,0.3900000000000001,-0.5027379356394439
2022-04-19,117.9639892578125,21.3700008392334,0.81,1.94,2.61,2.93,0.020495340010240913,0.27204078416460376,0.24126983119799544,0.2926565050357467,High,0.15000000000000002,0.3200000000000003,-0.43970497890458765
2022-04-20,118.37781524658203,20.31999969482422,0.82,1.93,2.6,2.85,0.003501931556721416,0.2688719771610845,0.24224518279955473,0.29158243734631334,Medium,0.16999999999999993,0.25,-0.3418510593048724
2022-04-21,117.46017456054688,22.68000030517578,0.83,2.01,2.68,2.9,-0.007781997444670949,0.26244111911418844,0.22707626719921864,0.29151338284600986,High,0.15999999999999992,0.21999999999999975,-0.33525497975142404
2022-04-22,114.08646392822266,28.209999084472656,0.83,2.06,2.72,2.9,-0.02914271979766845,0.29908474837637583,0.2371518272644117,0.2949383977165808,High,0.1499999999999999,0.17999999999999972,-0.3654734926999326
2022-04-25,114.05046081542969,27.020000457763672,0.91,2.03,2.63,2.81,-0.0003156272324816739,0.2754146511083839,0.23441212619935534,0.2949496694807687,High,0.21000000000000008,0.18000000000000016,-0.34593291986021835
2022-04-26,110.67671203613281,33.52000045776367,0.83,1.99,2.54,2.77,-0.030027541650968104,0.30191872954755256,0.24485899970118372,0.29900983713924323,High,0.05999999999999994,0.22999999999999998,-0.4523550367641894
2022-04-27,109.23726654052734,31.600000381469727,0.82,1.97,2.58,2.82,-0.013091173761702666,0.3027100606791317,0.2459264962967122,0.2986994139757746,High,0.07999999999999996,0.23999999999999977,-0.5564010087060719
2022-04-28,110.96459197998047,29.989999771118164,0.82,2.04,2.63,2.85,0.015688885474441524,0.2891636156056901,0.25631413826345645,0.29947033886491337,High,0.06999999999999995,0.2200000000000002,-0.641618434505274
2022-04-29,107.38394927978516,33.400001525878906,0.85,2.1,2.7,2.89,-0.032800436392881986,0.32497730928061325,0.2723662941014901,0.3045952786519887,High,0.05999999999999994,0.18999999999999995,-0.7406627846493081
2022-05-02,108.36458587646484,32.34000015258789,0.9,2.1,2.73,2.99,0.009090614211750073,0.30879204026323576,0.2645388379771024,0.303746288764669,High,0.08999999999999997,0.26000000000000023,-0.789147835892812
2022-05-03,110.68572235107422,29.25,0.91,2.16,2.78,2.97,0.021193518273392557,0.3105122507402097,0.2800896248676342,0.3049900033451748,High,0.09999999999999998,0.1900000000000004,-0.8141784833439795
2022-05-04,114.34735107421875,25.420000076293945,0.89,2.07,2.66,2.93,0.0325458997855002,0.3656900064982712,0.30665415562571163,0.31304087138533176,High,0.07000000000000006,0.27,-0.8411668232678917
2022-05-05,111.48639678955078,31.200000762939453,0.85,2.08,2.71,3.05,-0.0253381735603409,0.381761014451759,0.31513923221137713,0.31616148479335143,High,0.020000000000000018,0.33999999999999986,-0.8665269835509394
2022-05-06,111.30647277832031,30.190000534057617,0.85,2.08,2.72,3.12,-0.0016151688399587082,0.3577132634986045,0.3128590360933955,0.31086436544964297,High,0.020000000000000018,0.3999999999999999,-0.8827537969954243
2022-05-09,109.63312530517578,34.75,0.92,1.99,2.61,3.05,-0.015147845694876282,0.3629266761328257,0.31572554618354964,0.3114799906398762,High,0.010000000000000009,0.43999999999999995,-0.8978204112350867
2022-05-10,106.96110534667969,32.9900016784668,0.89,2.01,2.62,2.99,-0.024674300088720253,0.35301616242440714,0.3136163353961778,0.311011115718232,High,0.06000000000000005,0.3700000000000001,-0.9095299229632833
2022-05-11,106.28634643554688,32.560001373291016,0.91,1.99,2.66,2.91,-0.006328433539979841,0.34944006377593223,0.31355500185548973,0.3105738281047352,High,0.09000000000000008,0.25,-0.9162257055699329
2022-05-12,106.19638061523438,31.770000457763672,0.96,1.96,2.56,2.84,-0.0008468060151266888,0.33456687689116044,0.31333241095641157,0.31065301288630986,High,0.14,0.2799999999999998,-0.920758272922239
2022-05-13,107.14102172851562,28.8700008392334,1.03,2.04,2.61,2.93,0.008855899403220315,0.2989877096526918,0.30001366935302953,0.3112287886635347,High,0.18000000000000005,0.3200000000000003,-0.9069368940955156
2022-05-16,106.39433288574219,27.469999313354492,1.07,2.07,2.58,2.88,-0.00699361365745193,0.29583929436673495,0.2995229952222089,0.31109955050734117,High,0.17000000000000004,0.2999999999999998,-0.8735598747337283
2022-05-17,109.92098236083984,26.100000381469727,1.06,2.16,2.71,2.98,0.03260945234986072,0.3248490938523941,0.31596095774708827,0.31749558560679775,High,0.15000000000000002,0.27,-0.8478350535361447
2022-05-18,108.04070281982422,30.959999084472656,1.03,2.16,2.68,2.89,-0.017253731401973553,0.2744561844355015,0.30848665123950814,0.31845576932084957,High,0.14,0.20999999999999996,-0.8410326068467099
2022-05-19,106.43929290771484,29.350000381469727,1.05,2.11,2.63,2.84,-0.014933231104247064,0.25806227740087667,0.3093080833460685,0.3168227031236242,High,0.20000000000000007,0.20999999999999996,-0.8236538490358732
2022-05-20,105.56661987304688,29.43000030517578,1.03,2.07,2.6,2.78,-0.00823258136557933,0.2580337187115202,0.30936193864011624,0.3164704827827584,High,0.18000000000000005,0.17999999999999972,-0.8002136309148339
2022-05-23,112.09820556640625,28.479999542236328,1.07,2.09,2.65,2.86,0.06003310089876368,0.40930720456223,0.370224935601055,0.34140179649473984,High,0.15000000000000002,0.20999999999999996,-0.7780156195051309
2022-05-24,113.68160247802734,29.450000762939453,1.06,2.02,2.5,2.76,0.014026257569285421,0.38338146453090266,0.3737957797434484,0.34105703167794865,High,0.17000000000000004,0.2599999999999998,-0.7676182043875711
2022-05-25,114.4732894897461,28.3700008392334,1.06,2.01,2.48,2.75,0.006939936131730315,0.3770780388681341,0.35818019318687955,0.3374907437237344,High,0.15000000000000002,0.27,-0.7517228693722392
2022-05-26,116.45254516601562,27.5,1.07,1.99,2.46,2.75,0.017142336175631687,0.3768479991772764,0.35786060004255243,0.33581637458698244,High,0.1100000000000001,0.29000000000000004,-0.7341630908360777
2022-05-27,118.09894561767578,25.719999313354492,1.08,2.01,2.47,2.74,0.014038942895555717,0.3776054616141435,0.3571711006664972,0.3269820005973226,High,0.050000000000000044,0.27,-0.7405890832628028
2022-05-31,118.9626235961914,26.190000534057617,1.16,2.08,2.53,2.85,0.007286561062744724,0.36653090453072834,0.3327500419227305,0.3184304003499322,High,0.08999999999999986,0.3200000000000003,-0.7286213112260965
2022-06-01,116.87539672851562,25.690000534057617,1.15,2.16,2.66,2.94,-0.01770097427710704,0.3710988240418451,0.34130727673044364,0.3174048253055434,High,0.08999999999999986,0.2799999999999998,-0.7110022785525092
2022-06-02,118.75570678710938,24.719999313354492,1.17,2.15,2.65,2.92,0.015960116842975002,0.3493023388302383,0.33837715628795223,0.3189442865231523,High,0.1399999999999999,0.27,-0.702495919878402
2022-06-03,117.10033416748047,24.790000915527344,1.21,2.18,2.66,2.96,-0.01403737462179026,0.3475755860513649,0.32598683350914404,0.3150827210962521,High,0.15999999999999992,0.2999999999999998,-0.6975935322530827
2022-06-06,116.71346282958984,25.06999969482422,1.26,2.23,2.73,3.04,-0.003309228932693146,0.34134737421082123,0.31208308375437666,0.30503911777728115,High,0.22999999999999998,0.31000000000000005,-0.7142107230715348
2022-06-07,117.01934814453125,24.020000457763672,1.26,2.26,2.75,2.98,0.002617394522363412,0.19708651714906367,0.31177849769690846,0.30471850755365776,High,0.18999999999999995,0.22999999999999998,-0.729025941608881
2022-06-08,115.15704345703125,23.959999084472656,1.28,2.29,2.78,3.03,-0.01604249781796901,0.21270529710726735,0.31242708428564714,0.2959409389923029,High,0.21999999999999997,0.25,-0.7505922261136504
2022-06-09,112.73694610595703,26.09000015258789,1.3,2.35,2.83,3.04,-0.021239597715241604,0.23735596588695518,0.3088915164464743,0.2979784482046866,High,0.24,0.20999999999999996,-0.7444076443304836
2022-06-10,107.55488586425781,27.75,1.39,2.58,3.06,3.15,-0.047055910897021457,0.30508064030335297,0.35268129845988655,0.30904222126823244,High,0.31999999999999984,0.08999999999999986,-0.7242086972009516
2022-06-13,104.35208129882812,34.02000045776367,1.73,2.89,3.4,3.43,-0.03023070476308433,0.29656825034775935,0.3684975535294186,0.31363958818182647,High,0.6499999999999999,0.03000000000000025,-0.7421490614085425
2022-06-14,102.61572265625,32.689998626708984,1.83,3.15,3.45,3.49,-0.01677941542929324,0.27577121301525676,0.37069737046420853,0.3125724680300502,High,0.6700000000000002,0.040000000000000036,-0.7576256450953758
2022-06-15,103.83026123046875,29.6200008392334,1.74,2.93,3.2,3.33,0.011766298996310699,0.3051464185258283,0.3732358750252096,0.29973969936204387,High,0.5900000000000001,0.1299999999999999,-0.7448387886363869
2022-06-16,102.04893493652344,32.95000076293945,1.59,2.88,3.14,3.28,-0.01730500973760635,0.263100062325387,0.35598266137615436,0.2994830081325628,High,0.42000000000000015,0.13999999999999968,-0.7598037125618119
2022-06-17,101.6890640258789,31.1299991607666,1.63,2.86,3.17,3.25,-0.0035326869483284216,0.2695621754585467,0.35247773456354703,0.2994260740874172,High,0.41999999999999993,0.08000000000000007,-0.7715586545113635
2022-06-21,104.20813751220703,30.190000534057617,1.7,2.92,3.21,3.31,0.02447045582645383,0.3300227274663898,0.36181341507724896,0.304530716820412,High,0.43999999999999995,0.10000000000000009,-0.7757435096852935
2022-06-22,103.62335205078125,28.950000762939453,1.61,2.79,3.06,3.16,-0.005627511075885269,0.3227799224651912,0.3612702010886514,0.3006718851971799,High,0.3500000000000001,0.10000000000000009,-0.810288372514185
2022-06-23,102.48977661132812,29.049999237060547,1.65,2.78,3.01,3.09,-0.010999657094088474,0.32207242237469064,0.2863904754668429,0.2991458013804263,High,0.3699999999999999,0.08000000000000007,-0.8052667859481898
2022-06-24,105.54862976074219,27.229999542236328,1.73,2.83,3.04,3.13,0.029408739086010827,0.37574668881276846,0.30323295023037955,0.3055840732482085,High,0.42999999999999994,0.08999999999999986,-0.7906133513693226
2022-06-27,104.70294189453125,26.950000762939453,1.79,2.89,3.08,3.2,-0.008044576506963514,0.3018785069990201,0.3011466512730282,0.3048638317481753,High,0.40000000000000013,0.1200000000000001,-0.7649697410465561
2022-06-28,104.19913482666016,28.360000610351562,1.79,2.88,3.1,3.2,-0.004823389528125214,0.26116883569003074,0.2909273611909809,0.3047557815925473,High,0.06000000000000005,0.10000000000000009,-0.7560292716275029
2022-06-29,103.7313232421875,28.15999984741211,1.78,2.88,3.06,3.1,-0.004499700314654263,0.2461125081704228,0.2823666523610687,0.30458662100079303,High,-0.050000000000000044,0.040000000000000036,-0.7533148588629721
2022-06-30,101.31121826171875,28.709999084472656,1.72,2.8,2.92,2.98,-0.02360697788122891,0.2663407197469817,0.2840812909218442,0.30732854051797764,High,-0.020000000000000018,0.06000000000000005,-0.7459612117600348
2022-07-01,102.60671997070312,26.700000762939453,1.73,2.79,2.84,2.88,0.012706279300513922,0.2620663662823603,0.2899902172982604,0.3039778783454285,High,0.1399999999999999,0.040000000000000036,-0.7170659358684616
2022-07-05,102.21644592285156,27.540000915527344,1.9,2.77,2.82,2.82,-0.0038108435485086287,0.26219124469873817,0.27882629701616946,0.3038353841099484,High,0.27,0.0,-0.6940319088233756
2022-07-06,101.55387878417969,26.729999542236328,1.9,2.82,2.97,2.93,-0.006503100730074174,0.22665593255904176,0.27769776905343607,0.3035861997409355,High,0.19999999999999996,-0.040000000000000036,-0.6549541085017346
2022-07-07,104.1224594116211,26.079999923706055,1.95,2.87,3.03,3.01,0.024978217677391557,0.2641116309234438,0.2986543421815605,0.30805945748532565,High,0.33999999999999986,-0.020000000000000018,-0.6353617961494804
2022-07-08,103.79571533203125,24.639999389648438,1.98,2.96,3.12,3.09,-0.0031430090127643057,0.25740924873410065,0.2973610050983981,0.30714434503956173,High,0.33000000000000007,-0.03000000000000025,-0.6153602615195555
2022-07-11,102.43426513671875,26.170000076293945,2.18,2.97,3.07,2.99,-0.013203414660140139,0.21180531166664587,0.29627870368814785,0.30794553010929615,High,0.4500000000000002,-0.07999999999999963,-0.6085206405745338
2022-07-12,102.53411102294922,27.290000915527344,2.22,3.07,3.03,2.96,0.0009742565755637026,0.21062040638679025,0.2914338284380677,0.30522985827236004,High,0.43000000000000016,-0.06999999999999984,-0.6168349320630879
2022-07-13,101.5720443725586,26.81999969482422,2.39,3.21,3.13,2.91,-0.009427190214568861,0.21353911868491676,0.24816864706093103,0.30553575087719953,High,0.6000000000000001,-0.21999999999999975,-0.5928834964786328
2022-07-14,98.02322387695312,26.399999618530273,2.4,3.16,3.15,2.96,-0.035563914537328226,0.2707436161908947,0.2561749893397838,0.3121543074429578,High,0.6199999999999999,-0.18999999999999995,-0.5550057259541001
2022-07-15,102.51595306396484,24.229999542236328,2.37,3.12,3.13,2.93,0.044813997184409204,0.3500126235580675,0.2995509395158412,0.32052632610751725,High,0.6500000000000001,-0.19999999999999973,-0.5012797249114543
2022-07-18,101.46311950683594,25.299999237060547,2.5,3.13,3.15,2.96,-0.010323048276201032,0.3478672463726971,0.2983463145015795,0.3206294614408009,High,0.77,-0.18999999999999995,-0.4362176538387615
2022-07-19,103.97723388671875,24.5,2.52,3.18,3.23,3.01,0.024476592402687604,0.37002007004219106,0.30478657074200444,0.3224130539590046,High,0.6200000000000001,-0.2200000000000002,-0.3795951221583321
2022-07-20,103.9590835571289,23.8799991607666,2.51,3.18,3.25,3.04,-0.00017457584955878866,0.3674427125540992,0.3043941366878144,0.31927019490916975,High,0.6099999999999999,-0.20999999999999996,-0.32555389990990347
2022-07-21,104.66703796386719,23.110000610351562,2.48,3.11,3.1,2.91,0.006786850266099624,0.34683188542161547,0.29321001247807865,0.3195679916287478,High,0.53,-0.18999999999999995,-0.23297352834231855
2022-07-22,104.15876770019531,23.030000686645508,2.49,3.01,2.98,2.77,-0.004867897104358529,0.34744973202556373,0.2930312388058795,0.319405086047511,High,0.5100000000000002,-0.20999999999999996,-0.10953012175976004
2022-07-25,104.57626342773438,23.360000610351562,2.62,3.07,3.0,2.81,0.0040002512468925375,0.33929785590070527,0.2903733184042978,0.3147630210212316,High,0.43999999999999995,-0.18999999999999995,-0.0980490778284447
2022-07-26,102.94254302978516,24.690000534057617,2.55,3.06,3.02,2.81,-0.015745600882154143,0.3509890401162853,0.27642678887209976,0.3160607402698673,High,0.3299999999999996,-0.20999999999999996,-0.12109950903653595
2022-07-27,104.59441375732422,23.239999771118164,2.44,3.0,2.96,2.78,0.01591914652325119,0.35417161466007185,0.28136065594756454,0.31261947808365437,High,0.04999999999999982,-0.18000000000000016,-0.25564361615600417
2022-07-28,104.20413970947266,22.329999923706055,2.42,2.93,2.85,2.68,-0.0037382874150364226,0.2869717381310768,0.28115370340815743,0.3116949419940035,High,0.020000000000000018,-0.16999999999999993,-0.2824575092256865
2022-07-29,104.70332336425781,21.329999923706055,2.41,2.98,2.89,2.67,0.0047790021237693265,0.1896870837873357,0.28111895558404526,0.31011617028215777,High,0.040000000000000036,-0.2200000000000002,-0.35285860264794183
2022-08-01,103.6595687866211,22.84000015258789,2.56,2.98,2.9,2.6,-0.010018706280894185,0.18913382659817501,0.2701996916837081,0.30388217222401287,High,0.06000000000000005,-0.2999999999999998,-0.3347435614824719
2022-08-02,102.04402160644531,23.93000030517578,2.56,3.09,3.06,2.75,-0.015707848315367662,0.16187462600951896,0.2727258759285451,0.30472729930223813,High,0.040000000000000036,-0.31000000000000005,-0.2620845418252132
2022-08-03,103.11500549316406,21.950000762939453,2.52,3.14,3.1,2.73,0.010440618972783844,0.1733633723366834,0.27484920209349245,0.30230002298895187,High,0.010000000000000231,-0.3700000000000001,-0.31660524676163526
2022-08-04,101.98046112060547,21.440000534057617,2.5,3.11,3.03,2.68,-0.011063686234580249,0.17460052583343003,0.2767434739752469,0.2950528246140281,High,0.020000000000000018,-0.34999999999999964,-0.28412778786320003
2022-08-05,105.06637573242188,21.149999618530273,2.58,3.29,3.24,2.83,0.02981106297393267,0.23746137576338636,0.2826392702902488,0.2977869460934548,High,0.08999999999999986,-0.41000000000000014,-0.32553275792067743
2022-08-08,103.78663635253906,21.290000915527344,2.65,3.3,3.21,2.77,-0.012255082019221571,0.2453466855191197,0.28583510286575575,0.29864388351958265,High,0.029999999999999805,-0.43999999999999995,-0.409859634883816
2022-08-09,104.72146606445312,21.770000457763672,2.67,3.33,3.28,2.8,0.008966903106835216,0.23418668635735315,0.28324135793080624,0.297930333419585,High,0.1200000000000001,-0.48,-0.48642342587107545
2022-08-10,107.45342254638672,19.739999771118164,2.65,3.26,3.23,2.78,0.025753353681957056,0.25515468183146894,0.2958807823262209,0.2985260982751908,Medium,0.20999999999999996,-0.4500000000000002,-0.6301684367053138
2022-08-11,109.04177856445312,20.200000762939453,2.62,3.25,3.23,2.87,0.014673623337451718,0.2588662502561286,0.2956937949808234,0.2996486302990855,Medium,0.20000000000000018,-0.3599999999999999,-0.7104199048724271
2022-08-12,110.84793853759766,19.530000686645508,2.63,3.26,3.25,2.84,0.016428240650549486,0.2656854614569401,0.2623922634507999,0.30134207061498586,Medium,0.21999999999999975,-0.41000000000000014,-0.733066938873644
2022-08-15,111.14744567871094,19.950000762939453,2.72,3.23,3.2,2.79,0.0026983202726926407,0.2519285978176681,0.220877087794587,0.3009144130590197,Medium,0.16000000000000014,-0.41000000000000014,-0.7527494344312076
2022-08-16,112.20936584472656,19.690000534057617,2.7,3.26,3.25,2.82,0.00950880485888227,0.2178569019797228,0.21546092933383854,0.30103562448199817,Medium,0.14000000000000012,-0.43000000000000016,-0.7742781052900166
2022-08-17,111.26544189453125,19.899999618530273,2.68,3.27,3.28,2.89,-0.008447749196342518,0.23548525251480357,0.20760762754328216,0.294556543172433,Medium,0.16000000000000014,-0.3899999999999997,-0.7831228056042452
2022-08-18,110.40320587158203,19.559999465942383,2.71,3.24,3.22,2.88,-0.007779542847130537,0.2286728398520748,0.21082377479297915,0.29288039100346813,Medium,0.20999999999999996,-0.3400000000000003,-0.8161523597257613
2022-08-19,107.67124938964844,20.600000381469727,2.74,3.26,3.25,2.98,-0.025056574473977817,0.2468625453168453,0.23122870801926043,0.29571271080230455,Medium,0.16000000000000014,-0.27,-0.8220821925193654
2022-08-22,105.89232635498047,23.799999237060547,2.82,3.32,3.32,3.03,-0.016659808894550647,0.25506278141701727,0.23870957527706096,0.29716421057865106,High,0.16999999999999993,-0.29000000000000004,-0.8144889014143349
2022-08-23,104.84854888916016,24.110000610351562,2.8,3.29,3.29,3.05,-0.009905871367046837,0.25822218074455733,0.24119794317513482,0.27160489479728867,High,0.1299999999999999,-0.2400000000000002,-0.8276711106245691
2022-08-24,105.1026840209961,22.81999969482422,2.82,3.35,3.36,3.11,0.002420897962177295,0.2165787281797864,0.234247202843484,0.2699714730253038,High,0.16999999999999993,-0.25,-0.8307164885645937
2022-08-25,107.59864807128906,21.780000686645508,2.88,3.33,3.35,3.03,0.02347026791567859,0.23911167084495535,0.24165478811387278,0.2740027751371012,High,0.2599999999999998,-0.3200000000000003,-0.7952933390491422
2022-08-26,104.07705688476562,25.559999465942383,2.89,3.36,3.37,3.04,-0.03327652688416568,0.26456893075110316,0.2695431827863724,0.27895689800049006,High,0.26000000000000023,-0.33000000000000007,-0.7691765670816527
2022-08-29,103.82294464111328,26.209999084472656,2.97,3.43,3.42,3.12,-0.002444563427925508,0.2609040255009032,0.2690709350840031,0.2770986553487433,High,0.25,-0.2999999999999998,-0.7319547832408038
2022-08-30,103.84111022949219,26.209999084472656,2.97,3.48,3.46,3.11,0.00017495168758559354,0.2484610451671687,0.26678788885613824,0.27648960519666244,High,0.27,-0.3500000000000001,-0.7179784915695887
2022-08-31,103.22390747070312,25.8700008392334,2.96,3.5,3.45,3.15,-0.005961456875128784,0.24857912660818834,0.26160510025659073,0.2747989749072834,High,0.2799999999999998,-0.30000000000000027,-0.7187893846566421
2022-09-01,103.93185424804688,25.559999465942383,2.97,3.51,3.51,3.26,0.006834949002004835,0.25874039847373903,0.2601813132022518,0.27297875711874736,High,0.26000000000000023,-0.25,-0.716904199023167
2022-09-02,103.20574951171875,25.469999313354492,2.94,3.47,3.4,3.2,-0.0070108729394528085,0.23650773439030248,0.25830815042707134,0.2720918567952031,High,0.19999999999999973,-0.19999999999999973,-0.7243885674587335
2022-09-06,103.23297882080078,26.90999984741211,3.04,3.61,3.5,3.33,0.00026380039694953717,0.22666914010472242,0.2354272939074734,0.27211607654697556,High,0.2200000000000002,-0.16999999999999993,-0.7234567286392521
2022-09-07,105.19344329833984,24.639999389648438,3.07,3.6,3.45,3.27,0.01881260808445724,0.24560560067579962,0.24097748611789685,0.27513153116975925,High,0.27,-0.18000000000000016,-0.711263888684423
2022-09-08,107.64404296875,23.610000610351562,3.06,3.6,3.48,3.29,0.023028912949644664,0.27099657689526946,0.2517804060382496,0.2779306892000327,High,0.2400000000000002,-0.18999999999999995,-0.6948271362818913
2022-09-09,108.16136169433594,22.790000915527344,3.08,3.67,3.56,3.33,0.0047943165954942146,0.24531813075536693,0.23612486829521345,0.27511491289972945,High,0.20000000000000018,-0.22999999999999998,-0.6934050196314206
2022-09-12,109.44113159179688,23.8700008392334,3.17,3.7,3.58,3.37,0.011762591813119401,0.16141374049352072,0.23410073524350397,0.25950325530263557,High,0.2799999999999998,-0.20999999999999996,-0.6718765072240814
2022-09-13,105.63819885253906,27.270000457763672,3.28,3.92,3.75,3.42,-0.03536675623690048,0.2591140900091154,0.25647677043874434,0.2621471787000075,High,0.3099999999999996,-0.33000000000000007,-0.6514646675824223
2022-09-14,105.39312744140625,26.15999984741211,3.24,3.95,3.78,3.41,-0.0023226079805934987,0.2598369887711572,0.2558347009667101,0.2599276358924283,High,0.27,-0.36999999999999966,-0.6500349370867681
2022-09-15,106.9814682006836,26.270000457763672,3.22,4.0,3.87,3.45,0.014958195635276119,0.26423806659052296,0.25973287595575884,0.2605713531060311,High,0.26000000000000023,-0.41999999999999993,-0.6558159027988919
2022-09-16,106.26443481445312,26.299999237060547,3.2,3.96,3.85,3.45,-0.006724969421896795,0.268291343371201,0.2592849124181845,0.25848798284799884,High,0.22999999999999998,-0.3999999999999999,-0.7169845681137432
2022-09-19,107.24468994140625,25.760000228881836,3.37,4.05,3.95,3.49,0.009182389892580313,0.2649866064091741,0.2613272165656937,0.258903797219854,High,0.43000000000000016,-0.45999999999999996,-0.7278265427928097
2022-09-20,105.12991333007812,27.15999984741211,3.35,4.03,3.96,3.57,-0.01991619036630851,0.2907236433507749,0.25601225110726195,0.25765691613243286,High,0.31000000000000005,-0.3900000000000001,-0.7815325225509048
2022-09-21,102.09844970703125,27.989999771118164,3.31,4.08,4.02,3.51,-0.029259314189262527,0.31146890141758327,0.2690273586537969,0.2640622167332571,High,0.2400000000000002,-0.5099999999999998,-0.830058447955178
2022-09-22,100.93668365478516,27.350000381469727,3.29,4.08,4.11,3.7,-0.011444115237345169,0.277016453571895,0.26966786026736067,0.26413734341175216,High,0.22999999999999998,-0.41000000000000014,-0.853058280492365
2022-09-23,99.05790710449219,29.920000076293945,3.24,4.15,4.2,3.69,-0.01878882637084392,0.27554525600826807,0.2754220191449,0.2596984094126341,High,0.16000000000000014,-0.5100000000000002,-0.8717627239559043
2022-09-26,96.92500305175781,32.2599983215332,3.39,4.17,4.27,3.88,-0.021767084340057502,0.25624503307064167,0.2654113307418944,0.26264328090739925,High,0.2200000000000002,-0.3899999999999997,-0.8900264639556221
2022-09-27,96.07184600830078,32.599998474121094,3.35,4.16,4.3,3.97,-0.008841207563701839,0.22112878341485406,0.2453178141982763,0.2629897027123116,High,0.07000000000000028,-0.3299999999999996,-0.9024131467528157
2022-09-28,98.01416015625,30.18000030517578,3.4,3.99,4.07,3.72,0.02001565214394656,0.26540845750115866,0.25885880219538804,0.266322637947954,High,0.1599999999999997,-0.3500000000000001,-0.8980541015799589
2022-09-29,96.35320281982422,31.84000015258789,3.36,3.98,4.16,3.76,-0.0170913238016296,0.23759706288869853,0.2632799266705405,0.2643763585456865,High,0.13999999999999968,-0.40000000000000036,-0.8993679186514504
2022-09-30,94.8465576171875,31.6200008392334,3.33,4.05,4.22,3.83,-0.01576023301210571,0.23794535007503917,0.26657183948527263,0.2645971011233341,High,0.1299999999999999,-0.3899999999999997,-0.8980697504234355
2022-10-03,97.77818298339844,30.100000381469727,3.46,4.01,4.12,3.67,0.03044107146657187,0.30408955756341816,0.29019148554230056,0.27201268277239754,High,0.08999999999999986,-0.4500000000000002,-0.9086135551157315
2022-10-04,102.35260009765625,29.06999969482422,3.45,4.15,4.1,3.62,0.0457222414917467,0.40224800365216296,0.33485238169745374,0.28712218609074047,High,0.10000000000000009,-0.47999999999999954,-0.9041035805904248
2022-10-05,101.08887481689453,28.549999237060547,3.46,4.14,4.15,3.76,-0.012423637172075954,0.37932135532523753,0.33741228109937854,0.2836867175210274,High,0.1499999999999999,-0.39000000000000057,-0.9081850707069243
2022-10-06,99.0284423828125,30.520000457763672,3.46,4.19,4.23,3.83,-0.02059297292665576,0.3890347946152258,0.33586734041804633,0.2864880868973913,High,0.16999999999999993,-0.40000000000000036,-0.9236275962339905
2022-10-07,97.0504379272461,31.360000610351562,3.45,4.24,4.3,3.89,-0.020176283676111444,0.3907788800795514,0.3271127211554338,0.28805556674838584,High,0.20999999999999996,-0.4099999999999997,-0.9328571731604209
2022-10-10,96.14384460449219,32.45000076293945,3.45,4.24,4.3,3.89,-0.00938537068126487,0.37801890788578857,0.32548355995531414,0.28853263385268074,High,0.06000000000000005,-0.4099999999999997,-0.9392843645758179
2022-10-11,93.36915588378906,33.630001068115234,3.67,4.28,4.3,3.93,-0.029284397407124452,0.40326810486915343,0.32892159808344423,0.2935731123831155,High,0.31999999999999984,-0.36999999999999966,-0.9468944515141595
2022-10-12,94.880126953125,33.56999969482422,3.7,4.28,4.28,3.91,0.016053219383005416,0.39742451111853433,0.32231988468418094,0.287194717790985,High,0.30000000000000027,-0.3700000000000001,-0.9505955278842535
2022-10-13,100.1548080444336,31.940000534057617,3.79,4.46,4.47,3.97,0.05410279610378916,0.48009430257168695,0.38218576109258107,0.2936815483624667,High,0.43000000000000016,-0.49999999999999956,-0.9431470297021463
2022-10-14,101.82147979736328,32.02000045776367,3.81,4.5,4.48,4.0,0.0165040124420099,0.4703786322422461,0.3831081941375001,0.2948848002132824,High,0.48,-0.4800000000000004,-0.9237185415136072
2022-10-17,106.09797668457031,31.3700008392334,3.97,4.5,4.45,4.02,0.041141893713998186,0.4879867315665904,0.41108916169206833,0.30228513815719227,High,0.5100000000000002,-0.4300000000000006,-0.8770931365663784
2022-10-18,108.82688903808594,30.5,4.04,4.5,4.43,4.01,0.02539547023433165,0.4536441976475325,0.41944107148726517,0.30641264510080485,High,0.5899999999999999,-0.41999999999999993,-0.8159579450958742
2022-10-19,106.69322204589844,30.760000228881836,4.07,4.6,4.55,4.14,-0.019800812960098807,0.46349849864433473,0.41936981050196825,0.3088793615352199,High,0.6100000000000003,-0.41000000000000014,-0.7805409934092805
2022-10-20,106.34524536132812,29.979999542236328,4.09,4.66,4.62,4.24,-0.003266799637379782,0.4440493584163202,0.4054044655205744,0.30878697421756707,High,0.6299999999999999,-0.3799999999999999,-0.749543404812313
2022-10-21,111.93128967285156,29.690000534057617,4.09,4.58,4.49,4.21,0.05119436478829871,0.4652018542302287,0.4362431016060932,0.3250641345841147,High,0.6399999999999997,-0.28000000000000025,-0.682466394799545
2022-10-24,112.06861114501953,29.850000381469727,4.16,4.61,4.5,4.25,0.0012260852694073782,0.4529857261982918,0.42796649693793526,0.32326101471976115,High,0.71,-0.25,-0.6044838559968357
2022-10-25,112.36165618896484,28.459999084472656,4.14,4.6,4.42,4.1,0.002611458908522136,0.3887807538858746,0.4162986159008643,0.321915832555233,High,0.46999999999999975,-0.3200000000000003,-0.596895945186563
2022-10-26,113.6528549194336,27.280000686645508,4.11,4.54,4.39,4.04,0.01142592810938893,0.39029254732817725,0.4124608019471971,0.32241066241281735,High,0.41000000000000014,-0.34999999999999964,-0.6249167857951063
2022-10-27,114.10157775878906,27.389999389648438,4.13,4.5,4.3,3.96,0.003940414372476483,0.33833730300832393,0.41031498869276656,0.32237906566752234,High,0.33999999999999986,-0.33999999999999986,-0.6436505850394302
2022-10-28,115.4568862915039,25.75,4.18,4.55,4.41,4.02,0.011808096782411584,0.3378108343952122,0.4008279272933782,0.32220208398406075,High,0.36999999999999966,-0.39000000000000057,-0.6940216384129364
2022-10-31,115.27371215820312,25.8799991607666,4.22,4.66,4.51,4.1,-0.0015877752930372458,0.30290697849618353,0.3928975294027355,0.32033158419435964,High,0.24999999999999956,-0.41000000000000014,-0.7382076548849843
2022-11-01,117.35243225097656,25.809999465942383,4.23,4.75,4.54,4.07,0.01787224242839716,0.29321381258612994,0.3867354159678751,0.32147640738393657,High,0.1900000000000004,-0.46999999999999975,-0.7807823733299157
2022-11-02,116.27188110351562,25.860000610351562,4.22,4.76,4.61,4.1,-0.009250397248054563,0.26948919139172356,0.36677837050570916,0.3211960295763408,High,0.14999999999999947,-0.5100000000000007,-0.8183457394174054
2022-11-03,116.48251342773438,25.299999237060547,4.25,4.78,4.71,4.14,0.001809911105151605,0.26438792025137475,0.36100340823831567,0.31621406912219613,High,0.16000000000000014,-0.5700000000000003,-0.8668989037314611
2022-11-04,119.6692886352539,24.549999237060547,4.21,4.76,4.66,4.17,0.026990847774172065,0.166179535930731,0.3531392291089297,0.31893605675137343,High,0.1200000000000001,-0.4900000000000002,-0.8875417709759739
2022-11-07,120.30115509033203,24.350000381469727,4.29,4.8,4.72,4.22,0.005266214501789661,0.16368254807510993,0.3372815469656568,0.3187055566875043,High,0.1299999999999999,-0.5,-0.8952407947498869
2022-11-08,120.37442016601562,25.540000915527344,4.28,4.77,4.67,4.14,0.0006088285266893256,0.16551480813067357,0.3316896061555757,0.315100309128154,High,0.14000000000000057,-0.5300000000000002,-0.8970814206001291
2022-11-09,118.80850219726562,26.09000015258789,4.29,4.75,4.61,4.12,-0.013094081524844823,0.1905666270970974,0.3112054648179454,0.3153839396678,High,0.17999999999999972,-0.4900000000000002,-0.9062150611497674
2022-11-10,123.69854736328125,23.530000686645508,4.28,4.59,4.34,3.82,0.0403345644214409,0.26207438655302473,0.32668927847922363,0.3235445180193632,High,0.15000000000000036,-0.52,-0.9129540061266243
2022-11-11,123.9000244140625,22.520000457763672,4.28,4.59,4.34,3.82,0.00162744957536863,0.2629962649149539,0.29142287231450886,0.3235387292201087,High,0.10000000000000053,-0.52,-0.9200880963852058
2022-11-14,122.62715148925781,23.729999542236328,4.34,4.63,4.4,3.88,-0.010326522675702339,0.2744491309536558,0.29875920562503167,0.3240306253596585,High,0.1200000000000001,-0.5200000000000005,-0.9322933903167349
2022-11-15,121.7388687133789,24.540000915527344,4.31,4.6,4.37,3.8,-0.007270132628437258,0.2734874152340698,0.2792681264767945,0.32389355274152015,High,0.07999999999999918,-0.5700000000000003,-0.9405360219499393
2022-11-16,121.90369415283203,24.110000610351562,4.32,4.62,4.35,3.67,0.0013530104318289337,0.26449355895026544,0.2711240686358925,0.3233528964984251,High,0.10000000000000053,-0.6799999999999997,-0.9565586532360516
2022-11-17,121.37257385253906,23.93000030517578,4.32,4.68,4.43,3.77,-0.0043664032540936025,0.2681941989320945,0.25799957128082673,0.31904637601274216,High,0.07000000000000028,-0.6599999999999997,-0.9621041643359811
2022-11-18,122.56303405761719,23.1200008392334,4.34,4.74,4.51,3.82,0.009760523822728035,0.2394456374873379,0.2559544474185543,0.3171692338076635,High,0.1299999999999999,-0.69,-0.9669729756921382
2022-11-21,121.839599609375,22.360000610351562,4.41,4.75,4.48,3.83,-0.005920038996543095,0.24225067305948345,0.2017473095569911,0.3166444668681534,High,0.1200000000000001,-0.6500000000000004,-0.9648457653439158
2022-11-22,123.66193389892578,21.290000915527344,4.4,4.79,4.47,3.76,0.014846080466538542,0.25152672888325267,0.20484762294629852,0.3176239781732186,High,0.1200000000000001,-0.71,-0.9622758608806262
2022-11-23,124.98060607910156,20.350000381469727,4.4,4.75,4.46,3.71,0.010607071049989274,0.23762598488031914,0.20569730179866022,0.3152182785540093,Medium,0.11000000000000032,-0.75,-0.9599031909914586
2022-11-25,125.21867370605469,20.5,4.41,4.76,4.42,3.68,0.001903024653023956,0.13333857167995194,0.20463122970595948,0.3067848206698489,Medium,0.1299999999999999,-0.7399999999999998,-0.9615606158645073
2022-11-28,123.03006744384766,22.209999084472656,4.41,4.76,4.46,3.69,-0.017632822288732152,0.16336881539126907,0.2186903667360618,0.3093604700835413,High,0.1299999999999999,-0.77,-0.9607445409894657
2022-11-29,125.05386352539062,21.889999389648438,4.38,4.78,4.48,3.75,0.016315776428961273,0.17384204928961683,0.22136644131626765,0.3105083599731842,High,0.040000000000000036,-0.7300000000000004,-0.9570438460859477
2022-11-30,126.53736877441406,20.579999923706055,4.37,4.74,4.38,3.68,0.011793117184198924,0.1718307022284079,0.22211296766140715,0.3104675476956319,Medium,0.0600000000000005,-0.6999999999999997,-0.9554773426250855
2022-12-01,124.76080322265625,19.84000015258789,4.33,4.66,4.25,3.53,-0.014139340013986087,0.19430454706739494,0.22537731835685296,0.3123067938285299,Medium,0.009999999999999787,-0.7200000000000002,-0.94486566300541
2022-12-02,123.77183532714844,19.059999465942383,4.34,4.69,4.28,3.51,-0.00795849688945002,0.19855420031935922,0.2245415457744157,0.31243474036349284,Medium,0.019999999999999574,-0.7700000000000005,-0.9306209538130598
2022-12-05,120.30115509033203,20.75,4.36,4.77,4.41,3.6,-0.02844160828897865,0.24394167517734455,0.24957998685146543,0.31862669591144305,Medium,0.020000000000000462,-0.81,-0.8982684172096439
2022-12-06,120.50263214111328,22.170000076293945,4.37,4.73,4.34,3.51,0.0016733715039273596,0.24338297749718915,0.23182254906082128,0.31688372362776024,High,-0.040000000000000036,-0.8300000000000001,-0.8747894031163362
2022-12-07,120.42019653320312,22.68000030517578,4.29,4.67,4.26,3.42,-0.000684332087423068,0.22680841649552036,0.23114165952050986,0.3140718298384457,High,-0.11000000000000032,-0.8399999999999999,-0.8499573195169261
2022-12-08,121.68392181396484,22.290000915527344,4.28,4.71,4.31,3.48,0.010439613887473796,0.22653561460509722,0.23393452039246213,0.3144946876759377,High,-0.1200000000000001,-0.8299999999999996,-0.8306113849225847
2022-12-09,121.02457427978516,22.829999923706055,4.31,4.72,4.33,3.57,-0.005433259789441185,0.22537663793334123,0.22978751862309937,0.3141764462414715,High,-0.10000000000000053,-0.7600000000000002,-0.8019520268796719
2022-12-12,122.90186309814453,25.0,4.38,4.75,4.39,3.61,0.015392557723769993,0.2279687373334653,0.188331760436968,0.3062037913940048,High,-0.03000000000000025,-0.7799999999999998,-0.7576368931173065
2022-12-13,122.78282165527344,22.549999237060547,4.35,4.64,4.22,3.51,-0.0009690587942533363,0.20881774241094003,0.188210346656373,0.3061308513711117,High,-0.03000000000000025,-0.71,-0.7398070151299659
2022-12-14,122.16927337646484,21.139999389648438,4.33,4.64,4.23,3.49,-0.00500954737162199,0.19467488509801473,0.1855708544920653,0.3054119023417816,High,-0.040000000000000036,-0.7400000000000002,-0.7062781922848856
2022-12-15,119.1381607055664,22.829999923706055,4.34,4.65,4.23,3.44,-0.02512373576727327,0.21788850272968371,0.2035984303712138,0.30976032770553313,High,0.009999999999999787,-0.7900000000000005,-0.6498035160650429
2022-12-16,118.39639282226562,22.6200008392334,4.31,4.61,4.17,3.48,-0.006245578030446454,0.21732068095434745,0.2041793274291199,0.30980572708465803,High,-0.03000000000000025,-0.69,-0.5765043209878957
2022-12-19,119.1015396118164,22.420000076293945,4.37,4.64,4.25,3.57,0.005938147371411494,0.1755126134985746,0.205403370245468,0.3068184418584612,High,0.009999999999999787,-0.6800000000000002,-0.5290673605532253
2022-12-20,119.67845916748047,21.479999542236328,4.35,4.64,4.25,3.69,0.004832236210961131,0.17756528294745438,0.20287461085312136,0.3002147987260983,High,-0.020000000000000462,-0.56,-0.4725715584415818
2022-12-21,121.02457427978516,20.06999969482422,4.33,4.6,4.21,3.68,0.01118497865745249,0.18729902404435536,0.2064125483169848,0.2993462355845043,Medium,0.040000000000000036,-0.5299999999999998,-0.40701941628902655
2022-12-22,119.6509780883789,21.969999313354492,4.35,4.64,4.24,3.67,-0.011414629297486026,0.18695707763459604,0.20210255209114736,0.297534345844286,High,0.0699999999999994,-0.5700000000000003,-0.3047469866826114
2022-12-23,120.21875,20.8700008392334,4.34,4.66,4.31,3.75,0.004734011052584879,0.18821185462077622,0.1986381579494911,0.2932589620825972,Medium,0.03000000000000025,-0.5599999999999996,-0.30357963607518446
2022-12-27,120.63998413085938,21.649999618530273,4.46,4.75,4.32,3.84,0.0034977727657836332,0.16819940738810357,0.19909408135932682,0.2921987463316637,High,0.08000000000000007,-0.4800000000000004,-0.3101751843001851
2022-12-28,121.29933166503906,22.139999389648438,4.46,4.71,4.31,3.88,0.005450533447628003,0.17218875858391378,0.19185248284516437,0.2903218528541885,High,0.11000000000000032,-0.4299999999999997,-0.33387996451270574
2022-12-29,121.99529266357422,21.440000534057617,4.45,4.71,4.34,3.83,0.005721153098065029,0.17398514075786153,0.1833525275079389,0.28735261848649357,High,0.1200000000000001,-0.5099999999999998,-0.34992227604080645
2022-12-30,122.80113220214844,21.670000076293945,4.42,4.73,4.41,3.88,0.006583776293695954,0.10606074386625271,0.17955739207243354,0.2846500178510262,High,0.08000000000000007,-0.5300000000000002,-0.36940593579091285
2023-01-03,123.73519134521484,22.899999618530273,4.53,4.72,4.4,3.79,0.007577492833269768,0.09426155565597882,0.17590740212360545,0.2796800022966711,High,0.22000000000000064,-0.6100000000000003,-0.33414194016736354
2023-01-04,124.8890609741211,22.010000228881836,4.55,4.71,4.36,3.69,0.009282102632120065,0.0972269966872205,0.17670137867282387,0.2666373840861007,High,0.17999999999999972,-0.6700000000000004,-0.3305701808721025
2023-01-05,124.8613510131836,22.459999084472656,4.66,4.78,4.45,3.71,-0.00022190122395168021,0.10035984538295217,0.14230049830366703,0.26484982933196355,High,0.3100000000000005,-0.7400000000000002,-0.29171226642615156
2023-01-06,127.25066375732422,21.1299991607666,4.67,4.71,4.24,3.55,0.018954941785425734,0.12089487544317444,0.15424150590406033,0.262113448850632,High,0.33999999999999986,-0.6900000000000004,-0.29895535414099933
2023-01-09,126.7248306274414,21.969999313354492,4.7,4.69,4.19,3.53,-0.004140823763353709,0.09620761619602276,0.15562589668296165,0.25803709250833085,High,0.35000000000000053,-0.6600000000000006,-0.2382997021573442
2023-01-10,127.85951232910156,20.579999923706055,4.73,4.74,4.24,3.61,0.008914053409488948,0.09726160721519617,0.15472371046653904,0.2567032111500134,Medium,0.39000000000000057,-0.6300000000000003,-0.2593712165866481
2023-01-11,128.8096923828125,21.09000015258789,4.72,4.73,4.2,3.54,0.007403961027618357,0.0962369925274547,0.1529597907241565,0.2473808453553742,High,0.2599999999999998,-0.6600000000000001,-0.2825158092784642
2023-01-12,128.68052673339844,18.829999923706055,4.66,4.66,4.12,3.43,-0.001003266537203888,0.10348648546691078,0.1465924438929444,0.24666440603707432,Medium,0.20000000000000018,-0.69,-0.39973383947912283
2023-01-13,131.92774963378906,18.350000381469727,4.67,4.69,4.22,3.49,0.024921625754658353,0.14071123050858744,0.16575135000461605,0.22926594866956382,Medium,0.21999999999999975,-0.7299999999999995,-0.5130179506389568
2023-01-17,129.88902282714844,19.360000610351562,4.71,4.67,4.18,3.53,-0.015574006164844919,0.18361619461629897,0.17623045634699322,0.2313346253096024,Medium,0.29000000000000004,-0.6499999999999999,-0.5563544506418174
2023-01-18,125.98680877685547,20.34000015258789,4.69,4.63,4.06,3.37,-0.03050320608728496,0.25703255308231376,0.18763213197807324,0.22877324791262862,Medium,0.16000000000000014,-0.6899999999999995,-0.5890565230189692
2023-01-19,124.30786895751953,20.520000457763672,4.71,4.65,4.09,3.39,-0.01341590653603446,0.26370931870391556,0.1934741239523279,0.22629776603479093,Medium,0.16000000000000014,-0.6999999999999997,-0.6179288441578848
2023-01-20,124.61225891113281,19.850000381469727,4.72,4.68,4.14,3.48,0.002445684950767974,0.2641182702390483,0.1930289708593598,0.22187314005663586,Medium,0.05999999999999961,-0.6599999999999997,-0.611119539104153
2023-01-23,126.6325912475586,19.809999465942383,4.73,4.7,4.21,3.52,0.016082923755841614,0.25862255277457047,0.19884288198910857,0.22321261326184574,Medium,0.0600000000000005,-0.69,-0.6130080562819745
2023-01-24,127.72109985351562,19.200000762939453,4.72,4.7,4.12,3.46,0.008559067858367091,0.2614410300579488,0.19763367954053004,0.20077932968577622,Medium,0.019999999999999574,-0.6600000000000001,-0.6277972028076215
2023-01-25,128.33917236328125,19.079999923706055,4.72,4.67,4.11,3.46,0.00482756426666276,0.25867261236313754,0.19105773285852745,0.20084519630172076,Medium,-0.010000000000000675,-0.6500000000000004,-0.6385986765265048
2023-01-26,129.13253784179688,18.729999542236328,4.71,4.68,4.17,3.49,0.006162758532631916,0.25780174569258063,0.19125327833079708,0.20100375285976171,Medium,-0.009999999999999787,-0.6799999999999997,-0.7195255186877316
2023-01-27,129.4462127685547,18.510000228881836,4.73,4.68,4.19,3.52,0.00242614739130676,0.25790960767654886,0.19128282492754917,0.20013027851320098,Medium,0.07000000000000028,-0.6700000000000004,-0.7408768530726505
2023-01-30,128.34844970703125,19.940000534057617,4.72,4.71,4.25,3.55,-0.008516620835322489,0.22167098459806822,0.19542906840373533,0.20120378475962264,Medium,0.04999999999999982,-0.7000000000000002,-0.7456546164841074
2023-01-31,129.11410522460938,19.399999618530273,4.7,4.68,4.21,3.52,0.005947721406661408,0.21296771683164017,0.19547491880685355,0.20036662045703033,Medium,-0.009999999999999787,-0.69,-0.7344831935818346
2023-02-01,128.77279663085938,17.8700008392334,4.66,4.66,4.09,3.39,-0.002646964933648558,0.13512841400961195,0.19577960974502936,0.20045004550862064,Medium,-0.03000000000000025,-0.6999999999999997,-0.7146247859801667
2023-02-02,128.17315673828125,18.729999542236328,4.66,4.64,4.09,3.4,-0.004667448335457567,0.11200084806327186,0.19618468224806346,0.1981408212492667,Medium,-0.04999999999999982,-0.69,-0.6965880849189524
2023-02-03,130.15652465820312,18.329999923706055,4.7,4.79,4.3,3.53,0.015355625272617619,0.12766580548255912,0.2002371286127771,0.19887504332497416,Medium,-0.019999999999999574,-0.77,-0.7114464991800025
2023-02-06,130.92222595214844,19.43000030517578,4.71,4.85,4.44,3.63,0.005865689854631845,0.11053426755785287,0.20050881132541315,0.1990419995273701,Medium,-0.020000000000000462,-0.8100000000000005,-0.7499009883020811
2023-02-07,132.51817321777344,18.65999984741211,4.71,4.88,4.47,3.67,0.01211634050904801,0.11652514084284858,0.1946468583402133,0.1935546600406922,Medium,-0.009999999999999787,-0.7999999999999998,-0.7482326099477296
2023-02-08,131.58641052246094,19.6299991607666,4.72,4.87,4.45,3.63,-0.007056042329719428,0.12797610820347388,0.1960496713375995,0.19417880820016598,Medium,0.0,-0.8200000000000003,-0.762698230352968
2023-02-09,129.53843688964844,20.709999084472656,4.77,4.88,4.48,3.67,-0.015686102993132216,0.15467577192350948,0.2031815913027528,0.19716843123067687,Medium,0.05999999999999961,-0.8100000000000005,-0.7388570207096496
2023-02-10,130.11044311523438,20.530000686645508,4.79,4.89,4.5,3.74,0.004406005147661658,0.1557484212865204,0.20218354488103557,0.1951204195699441,Medium,0.05999999999999961,-0.7599999999999998,-0.6914009201005261
2023-02-13,131.52186584472656,20.34000015258789,4.81,4.91,4.52,3.72,0.010789465776268145,0.15456139147850018,0.20519910917382733,0.1795070400603493,Medium,0.08999999999999986,-0.7999999999999994,-0.6479354457505785
2023-02-14,132.10301208496094,18.90999984741211,4.8,4.99,4.6,3.77,0.004408894837051316,0.15377526111533843,0.1865771645930099,0.17963438158346517,Medium,0.09999999999999964,-0.8299999999999996,-0.6300177097429341
2023-02-15,132.656494140625,18.229999542236328,4.79,4.96,4.62,3.81,0.004181023524611631,0.1514414491283113,0.17807173821567063,0.17824856618954865,Medium,0.1299999999999999,-0.81,-0.5928088445777161
2023-02-16,130.8300018310547,20.170000076293945,4.84,4.99,4.62,3.86,-0.01386425182603504,0.17029415030173856,0.14771867063668018,0.18000854786096715,Medium,0.17999999999999972,-0.7600000000000002,-0.5235529480947381
2023-02-17,131.21742248535156,20.020000457763672,4.84,5.0,4.6,3.82,0.0029568765087431216,0.1537424135498785,0.13697141682173514,0.18004472380150463,Medium,0.13999999999999968,-0.7799999999999998,-0.4190889239908898
2023-02-21,128.8096923828125,22.8700008392334,4.86,5.07,4.67,3.95,-0.018519598768847772,0.17810174173515828,0.15525622016501348,0.18399502965312164,High,0.15000000000000036,-0.7199999999999998,-0.3517023515747272
2023-02-22,127.82258605957031,22.290000915527344,4.84,5.07,4.66,3.93,-0.0076928061991864485,0.16236810728421727,0.14898678291637982,0.18390695227419407,High,0.1299999999999999,-0.73,-0.32127134431702675
2023-02-23,128.84657287597656,21.139999389648438,4.84,5.03,4.66,3.88,0.007979082904927704,0.17075291651978805,0.14860185645840163,0.18398442681690083,High,0.1200000000000001,-0.7800000000000002,-0.30926188414233186
2023-02-24,130.0089569091797,21.670000076293945,4.86,5.05,4.78,3.95,0.008981008419416554,0.16040061240833425,0.15083462135541698,0.18254413348524115,High,0.09000000000000075,-0.8300000000000001,-0.2739907678624289
2023-02-27,131.1436309814453,20.950000762939453,4.89,5.03,4.78,3.92,0.00868979489422632,0.16480529920606524,0.15225296950829248,0.18216511534092772,Medium,0.09999999999999964,-0.8600000000000003,-0.249509348234416
2023-02-28,132.24143981933594,20.700000762939453,4.88,5.02,4.81,3.92,0.008336199101765427,0.16105535606481894,0.15444042802876534,0.18278193535764795,Medium,0.07000000000000028,-0.8899999999999997,-0.16962591387582837
2023-03-01,131.50338745117188,20.579999923706055,4.9,5.06,4.89,4.01,-0.005596730008517381,0.16216354072562258,0.1524881473543596,0.179384316723613,Medium,0.10000000000000053,-0.8799999999999999,-0.14489129469548068
2023-03-02,130.13809204101562,19.59000015258789,4.91,5.04,4.89,4.08,-0.010436478230621802,0.1669928877378508,0.15651094966959617,0.17811003536612582,Medium,0.1200000000000001,-0.8099999999999996,-0.1325100480807564
2023-03-03,132.5274200439453,18.489999771118164,4.91,5.03,4.86,3.97,0.018193434603897166,0.17982190908867401,0.16768977281883826,0.180187975425662,Medium,0.07000000000000028,-0.8900000000000001,-0.14473804410737126
2023-03-06,131.7524871826172,18.610000610351562,4.93,5.05,4.89,3.98,-0.005864502454552591,0.18295631400222695,0.16828290552637737,0.1781603527966134,Medium,0.08999999999999986,-0.9099999999999997,-0.19349744341015562
2023-03-07,127.87794494628906,19.59000015258789,5.04,5.22,5.0,3.97,-0.02984881140010362,0.22071505518065446,0.19194300268823347,0.18769139529540751,Medium,0.17999999999999972,-1.0299999999999998,-0.19306026845625143
2023-03-08,127.12149047851562,19.110000610351562,5.06,5.25,5.05,3.98,-0.005933006757296775,0.21933218015736633,0.19109824430421737,0.1787617708483264,Medium,0.21999999999999975,-1.0699999999999998,-0.1781059774596193
2023-03-09,120.23960876464844,22.610000610351562,5.05,5.18,4.9,3.93,-0.05565675547991027,0.3460638743310608,0.2618160388980981,0.21149662137264438,High,0.20999999999999996,-0.9700000000000002,-0.41627781199778724
2023-03-10,123.2930908203125,24.799999237060547,5.01,4.9,4.6,3.7,0.025077881427267117,0.37499005567412397,0.2810236396493706,0.2173695860983067,High,0.14999999999999947,-0.8999999999999995,-0.5711128313104676
2023-03-13,121.07908630371094,26.520000457763672,4.87,4.3,4.03,3.55,-0.018120435174389608,0.3711081516876803,0.2825199040416831,0.21948897321561153,High,-0.019999999999999574,-0.4800000000000004,-0.7060942408146056
2023-03-14,124.18791961669922,23.729999542236328,4.88,4.45,4.2,3.64,0.025351961297466905,0.4007114719276398,0.29850531021130494,0.22500317127334196,High,0.0,-0.56,-0.7362388931225401
2023-03-15,118.32077026367188,26.139999389648438,4.75,4.19,3.93,3.51,-0.048396570817405136,0.45286425949192766,0.3342754701764337,0.24317338864167812,High,-0.15000000000000036,-0.4200000000000004,-0.7994614246145242
2023-03-16,120.61780548095703,22.989999771118164,4.74,4.49,4.14,3.56,0.019227585813867153,0.4769398997917874,0.3433694019189523,0.2463834611267324,High,-0.16999999999999993,-0.5799999999999996,-0.8193511679554933
2023-03-17,116.06063079833984,25.510000228881836,4.52,4.26,3.81,3.39,-0.03851418034605629,0.4760337389776394,0.3614120257791817,0.2578420891816781,High,-0.39000000000000057,-0.41999999999999993,-0.8555981154467315
2023-03-20,117.28756713867188,24.149999618530273,4.81,4.34,3.92,3.47,0.010516024191045492,0.49006207203654095,0.36488845444157675,0.2540087283893265,High,-0.1200000000000001,-0.44999999999999973,-0.8620782494653823
2023-03-21,120.43333435058594,21.3799991607666,4.78,4.68,4.17,3.59,0.026467599887889486,0.5124699208222069,0.3802779453143322,0.2592416990064818,High,-0.2599999999999998,-0.5800000000000001,-0.8326188758928281
2023-03-22,117.32447052001953,22.260000228881836,4.79,4.56,3.96,3.48,-0.026153009195781025,0.5223550713222144,0.3848213169739776,0.2642861652312295,High,-0.2699999999999996,-0.48,-0.7989710928565427
2023-03-23,117.01080322265625,22.610000610351562,4.73,4.38,3.76,3.38,-0.002677082964808465,0.4497284053139809,0.38468053302576316,0.2641272303943001,High,-0.3199999999999994,-0.3799999999999999,-0.7779447950948284
2023-03-24,115.23038482666016,21.739999771118164,4.74,4.32,3.76,3.38,-0.015332795111647242,0.4248490185201127,0.38384993078397617,0.2647409188878127,High,-0.2699999999999996,-0.3799999999999999,-0.7344741207452189
2023-03-27,118.53295135498047,20.600000381469727,4.91,4.51,3.94,3.53,0.02825752176706111,0.45299319898802576,0.39842945553797315,0.27009856748699107,Medium,0.040000000000000036,-0.41000000000000014,-0.6932494307596561
2023-03-28,118.89273071289062,19.969999313354492,4.8,4.55,4.02,3.55,0.0030306715782118803,0.4282664235513797,0.39656464897794,0.26999486806409057,Medium,-0.08000000000000007,-0.46999999999999975,-0.6437671302560184
2023-03-29,119.13257598876953,19.1200008392334,4.8,4.59,4.08,3.57,0.0020152929146754037,0.35089735434890357,0.39455194786527825,0.2699291500160864,Medium,0.04999999999999982,-0.5100000000000002,-0.5666908691226609
2023-03-30,118.77279663085938,19.020000457763672,4.97,4.63,4.1,3.55,-0.0030245608009549342,0.33540885952733024,0.39460116257755096,0.269740234158466,Medium,0.22999999999999954,-0.5499999999999998,-0.4749226405822157
2023-03-31,120.21192169189453,18.700000762939453,4.85,4.64,4.06,3.48,0.01204380319294639,0.26876409327106454,0.39825729556205053,0.2706121210198495,Medium,0.33000000000000007,-0.5799999999999996,-0.4176957370056327
2023-04-03,120.07352447509766,18.549999237060547,4.9,4.6,3.97,3.43,-0.0011519401970332232,0.2666270104675867,0.39036982571564804,0.2702620445150482,Medium,0.09000000000000075,-0.54,-0.359694189380053
2023-04-04,118.46836853027344,19.0,4.88,4.5,3.84,3.35,-0.013458266406301515,0.23944074471776752,0.39153998547589414,0.27102557624140877,Medium,0.09999999999999964,-0.48999999999999977,-0.3445802341842235
2023-04-05,118.64502716064453,19.079999923706055,4.86,4.43,3.79,3.3,0.0014900774588719767,0.19659488188345575,0.3814617582998584,0.27030732239583216,Medium,0.07000000000000028,-0.4900000000000002,-0.3267711211102363
2023-04-06,118.51486206054688,18.399999618530273,4.91,4.51,3.82,3.3,-0.001097699223888444,0.1958995592455338,0.3814518719907312,0.27030519856285934,Medium,0.17999999999999972,-0.52,-0.2908305440743957
2023-04-10,118.90534973144531,18.969999313354492,5.08,4.65,4.0,3.41,0.0032894252772427664,0.1726094483202217,0.3308855922284555,0.26744581218028846,Medium,0.33999999999999986,-0.5899999999999999,-0.2852328821991301
2023-04-11,119.49109649658203,19.100000381469727,5.04,4.67,4.03,3.43,0.0049140660703970145,0.10339593793076592,0.31835742314575616,0.2676372225816093,Medium,0.1299999999999999,-0.6000000000000001,-0.27925991029349984
2023-04-12,119.47249603271484,19.09000015258789,5.02,4.64,3.95,3.41,-0.00015567613214952775,0.10271050384253992,0.3125638241551832,0.2668945885659827,Medium,0.21999999999999975,-0.54,-0.27635503516721094
2023-04-13,119.9280776977539,17.799999237060547,5.1,4.66,3.96,3.45,0.003806024420877961,0.10384397212306198,0.2985908007510905,0.2665266504338254,Medium,0.2999999999999998,-0.5099999999999998,-0.2693843917483086
2023-04-14,128.98379516601562,17.06999969482422,5.14,4.77,4.08,3.52,0.07279456702305714,0.3741378779909818,0.35025141834457546,0.3047939986785992,Medium,0.16999999999999993,-0.56,-0.31982389096635305
2023-04-17,130.0065460205078,16.950000762939453,5.21,4.8,4.18,3.6,0.007898025588903035,0.3735383493974146,0.34626566620067667,0.30102321372423174,Medium,0.3600000000000003,-0.5799999999999996,-0.35258794797922566
2023-04-18,131.46621704101562,16.829999923706055,5.2,4.81,4.19,3.58,0.011165110789343364,0.37034669462236064,0.3111769087863436,0.3002337339434855,Medium,0.2999999999999998,-0.6100000000000003,-0.39965677933015137
2023-04-19,131.2989044189453,16.459999084472656,5.16,4.84,4.24,3.6,-0.001273476812692688,0.3543016811755488,0.3116697067115336,0.29370807508234875,Medium,0.28000000000000025,-0.6400000000000001,-0.46202395117613143
2023-04-20,130.9176788330078,17.170000076293945,5.12,4.77,4.14,3.54,-0.0029077173518857174,0.3580259286706448,0.30311382098981715,0.29241087267517274,Medium,0.2599999999999998,-0.5999999999999996,-0.49274223665982225
2023-04-21,130.6666717529297,16.770000457763672,5.14,4.78,4.17,3.57,-0.0019191297686988662,0.3587518011318811,0.28377182537040585,0.292442688089023,Medium,0.22999999999999954,-0.6000000000000001,-0.528326595608715
2023-04-24,130.8433074951172,16.889999389648438,5.2,4.76,4.12,3.52,0.001350891232200012,0.3598612344952706,0.2827168213296534,0.2907834169016357,Medium,0.1200000000000001,-0.6000000000000001,-0.5958760246242939
2023-04-25,127.998291015625,18.760000228881836,5.12,4.6,3.86,3.4,-0.021983568889978097,0.39337112460846824,0.2896913981049272,0.29375202960268537,Medium,0.08000000000000007,-0.45999999999999996,-0.6431597168995754
2023-04-26,125.72969818115234,18.84000015258789,5.16,4.64,3.9,3.43,-0.017882562319523957,0.41187574705712976,0.287106937235746,0.29575054337828816,Medium,0.14000000000000057,-0.46999999999999975,-0.6938119092252129
2023-04-27,127.42183685302734,17.030000686645508,5.18,4.78,4.07,3.53,0.013368782249482177,0.41382430675465787,0.28943259662407245,0.2967426383439507,Medium,0.08000000000000007,-0.5400000000000005,-0.7330495737807285
2023-04-28,128.52822875976562,15.779999732971191,5.1,4.8,4.04,3.44,0.00864542695367167,0.18767328569488484,0.2899728116525274,0.29722764228937765,Medium,-0.040000000000000036,-0.6000000000000001,-0.7621829761963771
2023-05-01,131.2802734375,16.079999923706055,5.27,4.86,4.14,3.59,0.021185970363231957,0.2140355535074738,0.2950716798310861,0.299740148767043,Medium,0.05999999999999961,-0.5499999999999998,-0.7920733622289547
2023-05-02,129.16046142578125,17.780000686645508,5.24,4.74,3.97,3.44,-0.016279011240208148,0.22165383794481736,0.30249013839147976,0.30134763513688456,Medium,0.040000000000000036,-0.5300000000000002,-0.8141943853392303
2023-05-03,126.42700958251953,18.34000015258789,5.26,4.7,3.89,3.38,-0.02139037610499105,0.24242499397835665,0.31423978387674095,0.30433506885102585,Medium,0.09999999999999964,-0.5100000000000002,-0.8226937046340096
2023-05-04,124.69767761230469,20.09000015258789,5.26,4.59,3.75,3.37,-0.013772913577832393,0.24741336251585241,0.31444237953213044,0.3054101346564622,Medium,0.13999999999999968,-0.3799999999999999,-0.8041457984420353
2023-05-05,127.13360595703125,17.190000534057617,5.26,4.73,3.92,3.44,0.019346320173983994,0.27589959934948416,0.3198008406412091,0.3063516806527046,Medium,0.1200000000000001,-0.48,-0.8163645252162481
2023-05-08,127.44043731689453,16.979999542236328,5.31,4.79,4.0,3.52,0.0024105482593102644,0.27639049833925394,0.31942497045410156,0.30614355838525587,Medium,0.10999999999999943,-0.48,-0.799691074705123
2023-05-09,126.8268051147461,17.709999084472656,5.29,4.81,4.01,3.53,-0.004826680681219671,0.2553817800326006,0.3207135371491636,0.30519571865996836,Medium,0.16999999999999993,-0.48,-0.7929665046678087
2023-05-10,126.8918685913086,16.940000534057617,5.24,4.7,3.9,3.43,0.0005128789066910097,0.2372190499380326,0.320757265090226,0.30493000585346364,Medium,0.08000000000000007,-0.46999999999999975,-0.7797046796997689
2023-05-11,126.49210357666016,16.93000030517578,5.2,4.7,3.89,3.39,-0.003155411472323011,0.22723172834250255,0.3212807018865698,0.3034325221708672,Medium,0.020000000000000462,-0.5,-0.7654532563038572
2023-05-12,124.6790771484375,17.030000686645508,5.25,4.75,3.98,3.46,-0.014436830789593902,0.2300844187450051,0.3266727226317719,0.3045632275029828,Medium,0.15000000000000036,-0.52,-0.7419427941013843
2023-05-15,125.72969818115234,17.1200008392334,5.21,4.73,3.99,3.5,0.008391296959797378,0.19926321398268332,0.20334242549027706,0.30423384305283674,Medium,-0.05999999999999961,-0.4900000000000002,-0.7292049697971329
2023-05-16,124.88362884521484,17.989999771118164,5.23,4.88,4.06,3.54,-0.006752015627519879,0.1887135629052368,0.20139168867141366,0.30428872187556116,Medium,-0.009999999999999787,-0.5199999999999996,-0.7228196574412468
2023-05-17,128.7234649658203,16.8700008392334,5.26,4.92,4.12,3.57,0.03028408650700309,0.2252743415893075,0.22637738675155755,0.3104731493991481,Medium,0.0,-0.5500000000000003,-0.7072299918436392
2023-05-18,129.69972229003906,16.049999237060547,5.31,5.02,4.24,3.65,0.007555529198456212,0.20883424707261092,0.22830281617734646,0.3096738838983336,Medium,0.04999999999999982,-0.5900000000000003,-0.687067551045709
2023-05-19,129.40219116210938,16.809999465942383,5.29,5.02,4.28,3.7,-0.002296634978442579,0.19166325035193463,0.2282342358066545,0.30963874733425734,Medium,0.03000000000000025,-0.5800000000000001,-0.6909318273533951
2023-05-22,128.3330078125,17.209999084472656,5.4,5.07,4.29,3.72,-0.008296806079545744,0.19808847294738519,0.22977878850286274,0.3078531242573765,Medium,0.09000000000000075,-0.5699999999999998,-0.6590977135167561
2023-05-23,126.99413299560547,18.530000686645508,5.34,5.06,4.26,3.7,-0.010487620583997515,0.20444555097386313,0.23199369086367913,0.3081853775813907,Medium,0.04999999999999982,-0.5599999999999996,-0.5996900719608765
2023-05-24,125.83196258544922,20.030000686645508,5.37,5.12,4.31,3.73,-0.009193501905517857,0.20967846626985934,0.2217134920611711,0.308268645110542,Medium,0.1299999999999999,-0.5799999999999996,-0.5284008493256698
2023-05-25,126.13877868652344,19.139999389648438,5.38,5.24,4.5,3.83,0.0024353323815712287,0.2098271419759885,0.21300419535208123,0.3077386318784396,Medium,0.17999999999999972,-0.6699999999999999,-0.6140195053162044
2023-05-26,127.319580078125,17.950000762939453,5.34,5.25,4.54,3.8,0.009317585264784331,0.19853117629581205,0.21028243903850136,0.30781721351613905,Medium,0.08999999999999986,-0.7400000000000002,-0.6136241868715474
2023-05-30,127.80303192138672,17.459999084472656,5.55,5.22,4.46,3.69,0.003789961369214835,0.19577017003860345,0.20842048401026003,0.3074226304310613,Medium,0.33999999999999986,-0.77,-0.6095973168157827
2023-05-31,126.17597961425781,17.940000534057617,5.52,5.18,4.4,3.64,-0.012812669487260148,0.20517874989224363,0.19730110467909415,0.3082425387392075,Medium,0.28999999999999915,-0.7600000000000002,-0.6113516842185182
2023-06-01,127.91461944580078,15.649999618530273,5.5,5.11,4.33,3.61,0.013685409643446216,0.1478122214413536,0.19706786585346725,0.3089064229231929,Low,0.2400000000000002,-0.7200000000000002,-0.5722059918187432
2023-06-02,130.60159301757812,14.600000381469727,5.5,5.22,4.5,3.69,0.020788408679580477,0.17979785868282303,0.19477930767612353,0.30957982440716136,Low,0.1900000000000004,-0.81,-0.6379784548781512
2023-06-05,129.3185272216797,14.729999542236328,5.46,5.17,4.46,3.69,-0.009872850295249256,0.18719537829652963,0.19135266523101485,0.3099797622898112,Low,0.16999999999999993,-0.77,-0.6553861350035329
2023-06-06,129.55093383789062,13.960000038146973,5.44,5.2,4.51,3.7,0.0017955511453507987,0.18153870849564321,0.18033870281608635,0.3041230051080534,Low,0.040000000000000036,-0.8099999999999996,-0.692290381531008
2023-06-07,130.80612182617188,13.9399995803833,5.42,5.16,4.56,3.79,0.009642125577852345,0.17401265560478454,0.18282623252661112,0.30444020273333894,Low,0.08000000000000007,-0.7699999999999996,-0.7530429134388221
2023-06-08,130.8433074951172,13.649999618530273,5.38,5.12,4.52,3.73,0.0002842403997755982,0.16153901534550172,0.1815416304217449,0.2822861595984758,Low,0.009999999999999787,-0.7899999999999996,-0.7707382780037401
2023-06-09,131.10362243652344,13.829999923706055,5.37,5.17,4.59,3.75,0.001987540202651176,0.16166869890558977,0.18151403779390424,0.2781416194873337,Low,-0.009999999999999787,-0.8399999999999999,-0.7937269710321834
2023-06-12,131.09434509277344,15.010000228881836,5.4,5.18,4.55,3.73,-7.076594712984965e-05,0.15965240664656463,0.18081863857946573,0.275434425039893,Low,0.0600000000000005,-0.8199999999999998,-0.8009060225081556
2023-06-13,132.04269409179688,14.609999656677246,5.36,5.26,4.67,3.84,0.007208054844715736,0.16108851400833865,0.17179804965878592,0.2713443662954315,Low,-0.1899999999999995,-0.8300000000000001,-0.8249141135092405
2023-06-14,131.54989624023438,13.880000114440918,5.36,5.27,4.74,3.83,-0.003739091642024001,0.14090986264322153,0.17190261321481506,0.2523539319054973,Low,-0.15999999999999925,-0.9100000000000001,-0.858782186189036
2023-06-15,133.03750610351562,14.5,5.33,5.21,4.62,3.72,0.011244870507073627,0.1367674354668534,0.17145759715235656,0.2505970065026915,Low,-0.16999999999999993,-0.8999999999999999,-0.8513509502755535
2023-06-16,133.19557189941406,13.539999961853027,5.34,5.24,4.7,3.77,0.001187424309980824,0.09939272515073369,0.13985746592080708,0.23700585788471634,Low,-0.16000000000000014,-0.9300000000000002,-0.8506617915910732
2023-06-20,132.51686096191406,13.880000114440918,5.39,5.24,4.68,3.74,-0.005108623682195369,0.0853940529933518,0.1399730062597118,0.2368337960172992,Low,-0.07000000000000028,-0.9399999999999995,-0.8578190874010888
2023-06-21,132.32162475585938,13.199999809265137,5.4,5.25,4.68,3.72,-0.0014743796838477582,0.08763661660046858,0.13975609199294825,0.23160641910164556,Low,-0.040000000000000036,-0.9599999999999995,-0.8663326658988382
2023-06-22,129.7740936279297,12.90999984741211,5.4,5.29,4.77,3.8,-0.01944031268120942,0.1293719217836735,0.15378593441521973,0.22872062708483343,Low,-0.019999999999999574,-0.9699999999999998,-0.8420432139289387
2023-06-23,129.0953826904297,13.4399995803833,5.41,5.25,4.71,3.74,-0.005243665667398177,0.131049430012393,0.15007970778618884,0.22897320402005872,Low,0.03000000000000025,-0.9699999999999998,-0.820649267896511
2023-06-26,129.4114990234375,14.25,5.5,5.27,4.65,3.72,0.002445710446722338,0.13139537722785913,0.14568402951787976,0.2263882413465607,Low,0.1299999999999999,-0.9300000000000002,-0.8146605705226401
2023-06-27,129.42079162597656,13.739999771118164,5.44,5.33,4.74,3.77,7.180404361252706e-05,0.13143463820863305,0.1456893166390144,0.2199478254787332,Low,0.040000000000000036,-0.9700000000000002,-0.8170891866810808
2023-06-28,128.85365295410156,13.430000305175781,5.44,5.32,4.71,3.71,-0.004391759195195415,0.12308120793994257,0.14382038970538735,0.22022424341010016,Low,0.08000000000000007,-1.0,-0.7941923466425114
2023-06-29,133.35360717773438,13.539999961853027,5.46,5.41,4.87,3.85,0.03432701357807714,0.22114578811155924,0.18534307685705315,0.22993218462357634,Low,0.09999999999999964,-1.02,-0.7856265685664511
2023-06-30,135.22244262695312,13.59000015258789,5.43,5.4,4.87,3.81,0.01391684488071152,0.22486480796642308,0.1814706529145034,0.23098444156502415,Low,0.09999999999999964,-1.06,-0.7652261383938508
2023-07-03,136.31021118164062,13.569999694824219,5.44,5.43,4.94,3.86,0.008012107261718153,0.2270883969158248,0.17841714247672272,0.23041611583278068,Low,0.10000000000000053,-1.0800000000000005,-0.7428508470113651
2023-07-05,135.4021759033203,14.180000305175781,5.44,5.4,4.94,3.95,-0.006683822320243193,0.22866176479956943,0.16909535277703228,0.23098809908468548,Low,0.05000000000000071,-0.9900000000000002,-0.7241966922784518
2023-07-06,134.06350708007812,15.4399995803833,5.46,5.44,4.99,4.05,-0.009935809422702578,0.23624069626529456,0.16914986581352623,0.23014160692891047,Low,0.05999999999999961,-0.9400000000000004,-0.6858480768055776
2023-07-07,135.12130737304688,14.829999923706055,5.46,5.41,4.94,4.06,0.00785932698360308,0.20705353372814378,0.17048481597992604,0.23044075977504425,Low,0.05999999999999961,-0.8800000000000008,-0.6346940368835262
2023-07-10,135.87960815429688,15.069999694824219,5.48,5.38,4.85,4.01,0.005596311428368288,0.20049463973421122,0.16876855879399855,0.23045635635418343,Low,0.07000000000000028,-0.8399999999999999,-0.5288549333875825
2023-07-11,138.00462341308594,14.84000015258789,5.49,5.44,4.88,3.99,0.01551792806404527,0.20626524939303684,0.17516021436803458,0.2319903485410684,Low,-0.009999999999999787,-0.8899999999999997,-0.37882345221114944
2023-07-12,138.68801879882812,13.539999961853027,5.47,5.35,4.72,3.86,0.004939753872134914,0.2034932744825143,0.1753418820626758,0.2319915017019725,Low,0.02999999999999936,-0.8599999999999999,-0.3186867382040279
2023-07-13,139.36204528808594,13.609999656677246,5.47,5.27,4.59,3.76,0.004848247827229207,0.19419075441322617,0.1751981616642747,0.2319863931246824,Low,0.02999999999999936,-0.8300000000000001,-0.25488587227606574
2023-07-14,140.20452880859375,13.34000015258789,5.49,5.34,4.74,3.83,0.006027087276446545,0.1261567664161055,0.17488078292375797,0.23208189433604673,Low,0.03000000000000025,-0.9100000000000001,-0.0844621107386344
2023-07-17,143.58396911621094,13.479999542236328,5.49,5.33,4.74,3.81,0.023817738136236038,0.15272308274519836,0.18739252729988634,0.18831383419134726,Low,0.0600000000000005,-0.9300000000000002,-0.0481876939713721
2023-07-18,143.8460693359375,13.300000190734863,5.49,5.32,4.74,3.8,0.001823750181330122,0.15359707779953455,0.18574439234433823,0.1878929106562621,Low,0.04999999999999982,-0.9400000000000004,-0.11003526430801905
2023-07-19,144.3983917236328,13.760000228881836,5.49,5.32,4.74,3.75,0.0038323238659843163,0.13883032418592475,0.1855158984247228,0.18694652452194002,Low,0.04999999999999982,-0.9900000000000002,-0.08289666829426062
2023-07-20,146.1770477294922,13.989999771118164,5.49,5.35,4.8,3.85,0.012242453968036193,0.10648828230292838,0.18469883320168823,0.188085549236853,Low,0.03000000000000025,-0.9499999999999997,-0.06652768248475455
2023-07-21,145.05368041992188,13.600000381469727,5.5,5.35,4.82,3.84,-0.007714659014363689,0.13469223962040458,0.18854038329386086,0.18880890052546467,Low,0.040000000000000036,-0.9800000000000004,-0.09607981304896576
2023-07-24,147.90890502929688,13.90999984741211,5.51,5.38,4.81,3.86,0.019492694000982205,0.14779568843218752,0.17427464041506427,0.19200349259414215,Low,0.02999999999999936,-0.9499999999999997,-0.10352907097396698
2023-07-25,146.8042755126953,13.859999656677246,5.51,5.38,4.85,3.91,-0.007496337201205552,0.16162906321865794,0.17630597424928424,0.19293204714430165,Low,0.019999999999999574,-0.9399999999999995,-0.11021210888133318
2023-07-26,147.68418884277344,13.1899995803833,5.51,5.37,4.82,3.86,0.00597589417007511,0.16148984135418104,0.17580203125215982,0.18691698446437963,Low,0.040000000000000036,-0.9600000000000004,-0.12400410620361502
2023-07-27,146.0553436279297,14.40999984741211,5.51,5.4,4.91,4.01,-0.011090518846538052,0.18374769661402898,0.18479852411365968,0.18441736677386364,Low,0.040000000000000036,-0.9000000000000004,-0.04311323130899288
2023-07-28,146.88851928710938,13.329999923706055,5.52,5.37,4.87,3.96,0.00568831104682133,0.18368658489181308,0.18108447314251855,0.1831926673734685,Low,0.02999999999999936,-0.9100000000000001,-0.08280127645646054
2023-07-31,147.8714599609375,13.630000114440918,5.55,5.37,4.88,3.97,0.0066694557375173375,0.15083498427019695,0.1496449621248122,0.18295505042345403,Low,0.05999999999999961,-0.9099999999999997,-0.0687113057773391
2023-08-01,147.1412811279297,13.930000305175781,5.54,5.38,4.92,4.05,-0.004950161280107636,0.15598666654541082,0.1496264577825132,0.17937817995229818,Low,0.04999999999999982,-0.8700000000000001,-0.07293341283085741
2023-08-02,145.47496032714844,16.09000015258789,5.53,5.36,4.88,4.08,-0.011389243499754823,0.16980735205250364,0.15796974687042295,0.17763201036167148,Medium,0.040000000000000036,-0.7999999999999998,0.042120416445727164
2023-08-03,146.3643035888672,15.920000076293945,5.54,5.37,4.9,4.2,0.006094766021256609,0.16071076993797606,0.15415513953496957,0.17138790964822576,Medium,0.04999999999999982,-0.7000000000000002,0.09035989063717033
2023-08-04,146.0553436279297,17.100000381469727,5.54,5.33,4.78,4.05,-0.002113128025732587,0.15543011024226464,0.14767765234856475,0.168498888326115,Medium,0.040000000000000036,-0.7300000000000004,0.11335031115471365
2023-08-07,146.7480926513672,15.770000457763672,5.56,5.3,4.76,4.09,0.004731845533064997,0.11876533038664674,0.14706520428460634,0.16506349416871333,Medium,0.04999999999999982,-0.6699999999999999,0.12157120591852466
2023-08-08,145.92428588867188,15.989999771118164,5.57,5.35,4.74,4.02,-0.005629563968261364,0.11615389622406909,0.1505630329418183,0.16581866961120595,Medium,0.0600000000000005,-0.7200000000000006,0.1691161001150801
2023-08-09,143.9677734375,15.960000038146973,5.55,5.35,4.79,4.0,-0.013498418433401963,0.12600014096201864,0.15462535584676718,0.16819161931840573,Medium,0.040000000000000036,-0.79,0.15761302801027868
2023-08-10,143.7524871826172,15.850000381469727,5.54,5.33,4.82,4.09,-0.0014964972893927433,0.11664619686758497,0.15469851424949937,0.16831239145565202,Medium,0.03000000000000025,-0.7300000000000004,0.10680044733977394
2023-08-11,144.58560180664062,14.84000015258789,5.54,5.36,4.89,4.16,0.0057787505310781155,0.11680496327886711,0.1549698588496024,0.16815276646581861,Low,0.020000000000000462,-0.7299999999999995,0.0626749579961596
2023-08-14,144.8852081298828,14.819999694824219,5.56,5.37,4.96,4.19,0.0020700286173432002,0.10977999346724772,0.15419881922424505,0.1647522466264569,Low,0.009999999999999787,-0.7699999999999996,0.020616466833492185
2023-08-15,141.1968231201172,16.459999084472656,5.56,5.36,4.92,4.21,-0.025786935159426184,0.16244481973670824,0.1596448473090386,0.17362861367576776,Medium,0.019999999999999574,-0.71,-0.05704262898254466
2023-08-16,140.5977020263672,16.780000686645508,5.56,5.37,4.97,4.28,-0.004252190465163761,0.15737898530834338,0.15977485293675422,0.17319717047956162,Medium,0.02999999999999936,-0.6899999999999995,-0.12774616738638594
2023-08-17,139.13735961914062,17.889999389648438,5.56,5.36,4.94,4.3,-0.010440991308913109,0.15118549023419256,0.16187363101889107,0.1650105494750979,Medium,0.019999999999999574,-0.6400000000000006,-0.17676874952324356
2023-08-18,139.4556427001953,17.299999237060547,5.55,5.35,4.92,4.26,0.00228493333918997,0.15514895330727452,0.1545232167271986,0.1645259536540657,Medium,0.009999999999999787,-0.6600000000000001,-0.25632725578923266
2023-08-21,139.93307495117188,17.1299991607666,5.57,5.37,4.97,4.34,0.0034176950287476463,0.1530562170689799,0.15436699122173173,0.16443614467531145,Medium,0.010000000000000675,-0.6299999999999999,-0.32111644124365507
2023-08-22,137.03103637695312,16.969999313354492,5.57,5.39,5.02,4.34,-0.0209568291819554,0.1734840196575091,0.14781474361105773,0.16929859149720033,Medium,0.0,-0.6799999999999997,-0.4086014211994627
2023-08-23,137.95779418945312,15.979999542236328,5.57,5.35,4.95,4.19,0.006740356103369327,0.17957392958993243,0.15131759028593528,0.16803180851929156,Medium,0.020000000000000462,-0.7599999999999998,-0.5026858455588896
2023-08-24,137.82675170898438,17.200000762939453,5.58,5.39,4.98,4.23,-0.000950325116326401,0.17983037683957181,0.1480306341968742,0.16674040995464437,Medium,0.040000000000000036,-0.75,-0.6146638292013433
2023-08-25,137.6582489013672,15.680000305175781,5.61,5.44,5.03,4.25,-0.0012233176271496044,0.17221475914682055,0.14540167890821173,0.1668126510711194,Low,0.07000000000000028,-0.7800000000000002,-0.6724918577848187
2023-08-28,138.1356658935547,15.079999923706055,5.58,5.44,4.98,4.2,0.0034621320011114136,0.17392782513725125,0.1439577289471421,0.1660907116937833,Low,0.020000000000000462,-0.7800000000000002,-0.6549663803986192
2023-08-29,139.259033203125,14.449999809265137,5.56,5.37,4.87,4.12,0.00809945867323098,0.138946898416684,0.14523820030811466,0.16657683640864746,Low,0.0,-0.75,-0.628711507048376
2023-08-30,138.69737243652344,13.880000114440918,5.56,5.39,4.9,4.12,-0.004041364182691628,0.13882893547639244,0.14510727221321193,0.16445320147353742,Low,0.0,-0.7800000000000002,-0.5588413435371903
2023-08-31,136.98422241210938,13.569999694824219,5.56,5.37,4.85,4.09,-0.012428628599142422,0.14277157739326046,0.14592356004088922,0.16488262356164965,Low,0.0,-0.7599999999999998,-0.4397399839053011
2023-09-01,137.4429473876953,13.09000015258789,5.53,5.36,4.87,4.18,0.003343148589630797,0.14366547728000384,0.14409494644997137,0.1600304952875864,Low,-0.019999999999999574,-0.6900000000000004,-0.3246870091406504
2023-09-05,135.92640686035156,14.010000228881836,5.55,5.42,4.94,4.27,-0.01109528966295984,0.14828483758502423,0.1467376836167976,0.16038048302045801,Low,-0.020000000000000462,-0.6700000000000008,-0.22296785503891908
2023-09-06,135.70175170898438,14.449999809265137,5.55,5.44,5.01,4.3,-0.00165413780202347,0.108925170331853,0.14390645723151452,0.160441052734244,Low,-0.020000000000000462,-0.71,-0.1458336917537042
2023-09-07,134.54090881347656,14.399999618530273,5.53,5.4,4.94,4.27,-0.008591167902421573,0.10566045470927672,0.14476307054697166,0.1604715766357562,Low,-0.040000000000000036,-0.6700000000000008,-0.02692262621664252
2023-09-08,134.6438751220703,13.84000015258789,5.55,5.42,4.98,4.26,0.0007650232833385846,0.1067141287739014,0.14119492376491052,0.1604724772588974,Low,-0.03000000000000025,-0.7200000000000006,0.061378875155634116
2023-09-11,135.23365783691406,13.800000190734863,5.55,5.4,4.97,4.29,0.004370750297621383,0.11191604556594589,0.14352440739970387,0.160635720812174,Low,-0.0600000000000005,-0.6799999999999997,0.19001041895233017
2023-09-12,136.99356079101562,14.229999542236328,5.56,5.42,4.98,4.27,0.012929842073871744,0.1325210011391799,0.15092551094032208,0.16254350172176038,Low,-0.020000000000000462,-0.7100000000000009,0.31052879947325235
2023-09-13,137.0591278076172,13.479999542236328,5.55,5.42,4.96,4.25,0.00047849935855678036,0.12334685977800304,0.15040901381154959,0.16200445547311998,Low,-0.009999999999999787,-0.71,0.4254173791374123
2023-09-14,139.71775817871094,12.819999694824219,5.55,5.42,5.0,4.29,0.019211952153858913,0.16016059142597183,0.14380027280274385,0.1659651191192751,Low,-0.009999999999999787,-0.71,0.3947504006283167
2023-09-15,139.3058319091797,13.789999961853027,5.56,5.43,5.02,4.33,-0.002952628977833003,0.14467184145201478,0.1434432011993681,0.16481279355612394,Low,0.0,-0.6899999999999995,0.3858713687617927
2023-09-18,139.59603881835938,14.0,5.55,5.44,5.05,4.32,0.0020810689663679238,0.14440421841044007,0.13893007950302153,0.16483254661980307,Low,0.019999999999999574,-0.7299999999999995,0.3250101753510131
2023-09-19,139.41818237304688,14.109999656677246,5.54,5.45,5.08,4.37,-0.0012748917861099458,0.12777432199680155,0.13879019623331076,0.16445708662004413,Low,-0.009999999999999787,-0.71,0.3137925377089978
2023-09-20,138.8284149169922,15.140000343322754,5.56,5.47,5.12,4.35,-0.004239177370044394,0.13077197944245275,0.13894001334485323,0.16470567093370792,Low,0.009999999999999787,-0.7700000000000005,0.2910121825364978
2023-09-21,137.7424774169922,17.540000915527344,5.57,5.46,5.12,4.49,-0.007852909404020295,0.12909566204217343,0.12070280816348691,0.1605057307793007,Medium,0.040000000000000036,-0.6299999999999999,0.23168994789923114
2023-09-22,136.4225616455078,17.200000762939453,5.56,5.46,5.1,4.44,-0.009628696449618813,0.14251871578032163,0.12290581439299515,0.1614299742951112,Medium,0.009999999999999787,-0.6599999999999993,0.16223792248834354
2023-09-25,137.09658813476562,16.899999618530273,5.58,5.45,5.09,4.55,0.004928560608502426,0.14288093233974059,0.12433315093077156,0.1616043652595852,Medium,0.03000000000000025,-0.54,0.18080880236535232
2023-09-26,135.6736297607422,18.940000534057617,5.58,5.45,5.04,4.56,-0.010433479822587324,0.1379984483616534,0.12923574563470933,0.16318541849084425,Medium,0.020000000000000462,-0.4800000000000004,0.13810617537541614
2023-09-27,136.46934509277344,18.219999313354492,5.58,5.49,5.1,4.61,0.005847790853505097,0.1421444862817904,0.13046028579356658,0.16315935394032244,Medium,0.03000000000000025,-0.4899999999999993,0.05264303306021293
2023-09-28,138.1637725830078,17.34000015258789,5.56,5.46,5.04,4.59,0.012339728035975602,0.11762487488795513,0.1347696702537028,0.15027374691692338,Medium,0.009999999999999787,-0.4500000000000002,0.017192362464420546
2023-09-29,135.75790405273438,17.520000457763672,5.55,5.46,5.03,4.59,-0.017566557179423476,0.14393936670136975,0.1469942786057842,0.1520829939112237,Medium,-0.009999999999999787,-0.4400000000000004,-0.07919364588684515
2023-10-02,134.58773803710938,17.610000610351562,5.62,5.49,5.12,4.69,-0.00865686840291213,0.14429641667660686,0.14385293210041367,0.15219557984276344,Medium,0.07000000000000028,-0.4299999999999997,-0.19854084005065298
2023-10-03,133.59544372558594,19.780000686645508,5.62,5.49,5.15,4.81,-0.007400157111711296,0.14474454076247958,0.1447275319500469,0.15232626910282845,Medium,0.08000000000000007,-0.34000000000000075,-0.39379323793521354
2023-10-04,134.19456481933594,18.579999923706055,5.61,5.42,5.05,4.73,0.004474566445745353,0.15125335052717104,0.14153528430170084,0.15131094210207915,Medium,0.05000000000000071,-0.3199999999999994,-0.449386065035718
2023-10-05,134.7603759765625,18.489999771118164,5.61,5.39,5.03,4.72,0.004207485389647233,0.15340165879276024,0.1424443690035034,0.15071660130571832,Medium,0.040000000000000036,-0.3100000000000005,-0.4882710907936329
2023-10-06,136.8350830078125,17.450000762939453,5.63,5.43,5.08,4.78,0.015278218539043533,0.16966990184506833,0.14885933671512666,0.15340876048812316,Medium,0.07000000000000028,-0.2999999999999998,-0.5035139553106466
2023-10-09,136.52386474609375,17.700000762939453,5.63,5.43,5.08,4.78,-0.0022769943968575855,0.16801596038736685,0.14924216744107616,0.1502405422101843,Medium,0.04999999999999982,-0.2999999999999998,-0.5031517774591302
2023-10-10,137.35374450683594,17.030000686645508,5.61,5.37,4.96,4.66,0.006060242039415083,0.16073157683726014,0.1498847913094376,0.1504120867949264,Medium,0.03000000000000025,-0.2999999999999998,-0.4904605708968651
2023-10-11,137.8252716064453,16.09000015258789,5.61,5.38,4.99,4.58,0.003427060447895731,0.15923699107141476,0.143632030287758,0.1502467668819778,Medium,0.03000000000000025,-0.41000000000000014,-0.47323779694732254
2023-10-12,137.50460815429688,16.690000534057617,5.63,5.43,5.06,4.7,-0.002329304740998877,0.1464734244752137,0.14391421891224063,0.14977328114367133,Medium,0.07000000000000028,-0.35999999999999943,-0.4441649729503787
2023-10-13,139.56991577148438,19.31999969482422,5.62,5.41,5.04,4.63,0.014908233640071494,0.130207747280323,0.13735617066933728,0.14492130145585522,Medium,0.07000000000000028,-0.41000000000000014,-0.3256084998641638
2023-10-16,139.42845153808594,17.209999084472656,5.61,5.42,5.09,4.71,-0.0010140865474286003,0.11634308321059934,0.13700378146422762,0.14485144960545812,Medium,-0.009999999999999787,-0.3799999999999999,-0.2839864975478987
2023-10-17,139.1266632080078,17.8799991607666,5.62,5.48,5.19,4.83,-0.0021668131883334665,0.1049837280130957,0.13699738557637828,0.1446197223575302,Medium,0.0,-0.3600000000000003,-0.27192751107851937
2023-10-18,137.5989532470703,19.219999313354492,5.61,5.47,5.19,4.91,-0.01104144604454124,0.12932693252752028,0.14208170289805025,0.14371670025748737,Medium,0.0,-0.28000000000000025,-0.2795995599541307
2023-10-19,137.0142364501953,21.399999618530273,5.6,5.44,5.14,4.98,-0.004258482130130099,0.13313372888438588,0.1420879050899038,0.14322183412719217,High,-0.010000000000000675,-0.15999999999999925,-0.3252156627831994
2023-10-20,134.80751037597656,21.709999084472656,5.58,5.41,5.07,4.93,-0.01623692424261743,0.13680968718815134,0.15019745221051817,0.14033689496184298,High,-0.04999999999999982,-0.14000000000000057,-0.47201278393614216
2023-10-23,132.9686279296875,20.3700008392334,5.58,5.42,5.05,4.86,-0.013734691711778178,0.1500941284246759,0.1537912712222955,0.141970444295381,Medium,-0.04999999999999982,-0.1899999999999995,-0.5972790409859159
2023-10-24,133.12892150878906,18.969999313354492,5.58,5.41,5.02,4.83,0.001204773203123331,0.144073164072477,0.15245022082640197,0.14125844951693262,Medium,-0.03000000000000025,-0.1899999999999995,-0.6202633861790346
2023-10-25,132.4027862548828,20.190000534057617,5.59,5.43,5.08,4.95,-0.005469305870196394,0.13959849488728426,0.14968811192719278,0.14017424096444012,Medium,-0.020000000000000462,-0.1299999999999999,-0.674566503289315
2023-10-26,132.7422637939453,20.68000030517578,5.59,5.39,5.02,4.86,0.0025606944161360424,0.14335831993176784,0.14817398559165737,0.13965571543227462,Medium,-0.040000000000000036,-0.15999999999999925,-0.6753255479909667
2023-10-27,127.96109008789062,21.270000457763672,5.59,5.39,4.99,4.84,-0.036683147899930796,0.18539281713819583,0.18417725031118104,0.15525667565905152,High,-0.03000000000000025,-0.15000000000000036,-0.6813104212900853
2023-10-30,129.59249877929688,19.75,5.6,5.41,5.03,4.88,0.012668668434842798,0.21205021040090197,0.1851760780017817,0.15800670287344332,Medium,-0.010000000000000675,-0.15000000000000036,-0.6524462083455635
2023-10-31,131.1391143798828,18.139999389648438,5.59,5.44,5.07,4.88,0.011863799117266564,0.23231797992626188,0.18976623751325725,0.15923922322935927,Medium,-0.03000000000000025,-0.1900000000000004,-0.5896467000615407
2023-11-01,131.02597045898438,16.8700008392334,5.57,5.37,4.95,4.77,-0.000863150239801002,0.23164400805706217,0.18843722984180475,0.15847053898071928,Medium,-0.040000000000000036,-0.1800000000000006,-0.47338576951143896
2023-11-02,133.3646697998047,15.65999984741211,5.54,5.38,4.98,4.67,0.017691702993547345,0.258036265165333,0.19850258388154177,0.16317025983476285,Low,-0.05999999999999961,-0.3100000000000005,-0.39652120323218554
2023-11-03,134.8546905517578,14.90999984741211,5.53,5.29,4.83,4.57,0.011110578132238914,0.2543576386362142,0.20188714992265616,0.16464343791066682,Low,-0.04999999999999982,-0.2599999999999998,-0.3543267015111035
2023-11-06,135.8731689453125,14.890000343322754,5.56,5.33,4.93,4.67,0.007524036870161608,0.24432330885276474,0.1962167506813801,0.16535124278031796,Low,-0.020000000000000462,-0.2599999999999998,-0.33666941750213836
2023-11-07,135.80715942382812,14.8100004196167,5.55,5.33,4.91,4.58,-0.00048593523998983064,0.24465574952224745,0.19609155688373991,0.16343289227749508,Low,-0.03000000000000025,-0.33000000000000007,-0.33661754391564885
2023-11-08,136.47669982910156,14.449999809265137,5.54,5.34,4.93,4.49,0.004917968744763981,0.24132006558083288,0.1956678192991557,0.16384491744684493,Low,-0.04999999999999982,-0.4399999999999995,-0.3482950448855036
2023-11-09,136.07119750976562,15.289999961853027,5.54,5.39,5.03,4.62,-0.0029756429787465865,0.24321480804515525,0.1953859359121522,0.16334564865704876,Low,-0.04999999999999982,-0.41000000000000014,-0.34883204704539184
2023-11-10,138.0893096923828,14.170000076293945,5.53,5.38,5.04,4.61,0.014722387662712293,0.11408238169624926,0.20230166958901985,0.16623513765333028,Low,-0.05999999999999961,-0.4299999999999997,-0.38545391179873434
2023-11-13,137.476318359375,14.760000228881836,5.55,5.37,5.02,4.63,-0.004448975356171469,0.12472646010339965,0.19557271535543566,0.1584761891128196,Low,-0.04999999999999982,-0.3899999999999997,-0.4073103437247576
2023-11-14,139.9848175048828,14.15999984741211,5.52,5.24,4.8,4.44,0.01808229817519446,0.13640380995011894,0.2061142626815824,0.16252678793218148,Low,-0.07000000000000028,-0.35999999999999943,-0.4457452546137735
2023-11-15,141.21078491210938,14.180000305175781,5.53,5.27,4.9,4.53,0.008719732204808057,0.1302075771808531,0.2079875495119003,0.16207412375657518,Low,-0.040000000000000036,-0.3700000000000001,-0.48812467256928616
2023-11-16,142.82334899902344,14.319999694824219,5.51,5.23,4.83,4.45,0.011354842396283022,0.11976742129281283,0.20651075517987216,0.16354886263428575,Low,-0.03000000000000025,-0.3799999999999999,-0.5246143704903568
2023-11-17,144.11537170410156,13.800000190734863,5.5,5.24,4.88,4.44,0.009005626246334515,0.11812670073308917,0.20673984048737623,0.1643507600512763,Low,-0.03000000000000025,-0.4399999999999995,-0.5667786384852656
2023-11-20,144.55856323242188,13.40999984741211,5.54,5.25,4.89,4.42,0.003070536150938689,0.11930489538440091,0.1953047443278815,0.15854290933215115,Low,-0.019999999999999574,-0.46999999999999975,-0.6059912915392566
2023-11-21,144.25680541992188,13.350000381469727,5.53,5.24,4.86,4.41,-0.0020896251034769535,0.12205972122314397,0.18645322693736452,0.15819241587168628,Low,-0.019999999999999574,-0.4500000000000002,-0.6365067352113971
2023-11-22,144.59628295898438,12.850000381469727,5.54,5.26,4.89,4.42,0.0023505214866660178,0.12339134297713561,0.18628825702308077,0.15818946562989156,Low,0.0,-0.46999999999999975,-0.6653392929120734
2023-11-24,144.79434204101562,12.460000038146973,5.54,5.27,4.92,4.47,0.0013688011693893435,0.1164950841723418,0.1834228422319843,0.15814224374020178,Low,0.0,-0.4500000000000002,-0.6925727857989548
2023-11-27,144.46426391601562,12.6899995803833,5.49,5.24,4.84,4.39,-0.002282236458814428,0.11293941615321709,0.1847506601977138,0.15816685162198926,Low,-0.040000000000000036,-0.4500000000000002,-0.7406720763928865
2023-11-28,144.79434204101562,12.6899995803833,5.47,5.21,4.73,4.34,0.002282236458814474,0.10256144060509076,0.11124473368797197,0.15748881584929575,Low,-0.08000000000000007,-0.39000000000000057,-0.7623779372592264
2023-11-29,145.52993774414062,12.979999542236328,5.45,5.12,4.64,4.27,0.005067418252207389,0.07340539442728468,0.10848661600871162,0.15744697185870166,Low,-0.0699999999999994,-0.3700000000000001,-0.7826609758367541
2023-11-30,147.1896514892578,12.920000076293945,5.45,5.16,4.73,4.37,0.011340078302663413,0.07918874690738349,0.10811547227508736,0.15652621720794685,Low,-0.08000000000000007,-0.3600000000000003,-0.8011281469916791
2023-12-01,147.90635681152344,12.630000114440918,5.43,5.05,4.56,4.22,0.004857447822502571,0.06864426965386046,0.1056626946739951,0.15664208345697392,Low,-0.08000000000000007,-0.33999999999999986,-0.8419972366203563
2023-12-04,148.9908905029297,13.079999923706055,5.46,5.1,4.64,4.28,0.00730581724906099,0.06527245016780721,0.09663838194182284,0.1551040627839991,Low,-0.040000000000000036,-0.35999999999999943,-0.8652529796780413
2023-12-05,148.9720001220703,12.850000381469727,5.45,5.06,4.57,4.18,-0.00012679686953677948,0.06755774300402345,0.09592757259174314,0.15500960592694338,Low,-0.08999999999999986,-0.39000000000000057,-0.8679821252337898
2023-12-06,147.4065399169922,12.970000267028809,5.45,5.07,4.6,4.12,-0.010564022371106175,0.09376916868753817,0.10890207730539132,0.15557980866736582,Low,-0.08000000000000007,-0.47999999999999954,-0.8659643435416322
2023-12-07,147.8592071533203,13.0600004196167,5.44,5.05,4.58,4.14,0.0030661706985099313,0.09387865372018744,0.10779747547298828,0.15560672174743398,Low,-0.09999999999999964,-0.4400000000000004,-0.8677920735470779
2023-12-08,149.49066162109375,12.350000381469727,5.44,5.13,4.71,4.23,0.010973408836709329,0.103314368081328,0.11042169246439279,0.15666096602126453,Low,-0.09999999999999964,-0.47999999999999954,-0.8899369510668491
2023-12-11,150.03762817382812,12.630000114440918,5.47,5.14,4.71,4.23,0.0036521903228879603,0.09870213801960695,0.10723197445230973,0.15502192505972087,Low,-0.020000000000000462,-0.47999999999999954,-0.8964010361595383
2023-12-12,151.37677001953125,12.069999694824219,5.46,5.14,4.73,4.2,0.008885777620058663,0.10141566380383994,0.10210984810690572,0.15571950038717083,Low,-0.009999999999999787,-0.5300000000000002,-0.919092042063102
2023-12-13,151.88597106933594,12.1899995803833,5.44,4.94,4.46,4.04,0.0033581542296060862,0.10148524691789824,0.09706619157227296,0.15159561029288637,Low,-0.009999999999999787,-0.41999999999999993,-0.9391862213092765
2023-12-14,154.6491241455078,12.479999542236328,5.43,4.9,4.37,3.92,0.01802878667305326,0.11863005504962272,0.09697369148433804,0.15495947469407648,Low,-0.020000000000000462,-0.4500000000000002,-0.9261576350188665
2023-12-15,155.81846618652344,12.279999732971191,5.44,4.95,4.44,3.91,0.0075328157062806815,0.11933373347511157,0.09644629591511053,0.15540286682561313,Low,0.010000000000000675,-0.5300000000000002,-0.911854695993053
2023-12-18,156.76150512695312,12.5600004196167,5.46,4.95,4.43,3.95,0.006033923399913228,0.11887858160389556,0.09352877637945142,0.15551302161331945,Low,0.0,-0.47999999999999954,-0.8861313787640441
2023-12-19,158.8550567626953,12.529999732971191,5.43,4.93,4.41,3.93,0.013266619020854475,0.12142607749284565,0.09724390379574042,0.15665891022330877,Low,-0.020000000000000462,-0.48,-0.8531440018995068
2023-12-20,157.06329345703125,13.670000076293945,5.44,4.88,4.34,3.86,-0.011343326633079897,0.12450278963046568,0.11188607344353299,0.15771573220414242,Low,-0.009999999999999787,-0.48,-0.7542536898657084
2023-12-21,157.95916748046875,13.649999618530273,5.42,4.84,4.33,3.89,0.005687698812910002,0.12325872210840223,0.1098203307427068,0.1560588320994425,Low,-0.020000000000000462,-0.43999999999999995,-0.6511033252204089
2023-12-22,157.86483764648438,13.029999732971191,5.44,4.82,4.31,3.9,-0.0005973569789382013,0.12544989301111,0.11095569670201438,0.15607569865067958,Low,0.0,-0.4099999999999997,-0.5638630338813464
2023-12-26,158.7984619140625,12.989999771118164,5.45,4.83,4.26,3.89,0.0058966541060472095,0.1250543505142337,0.11061802304808363,0.15409112713058554,Low,-0.019999999999999574,-0.36999999999999966,-0.49974655821501257
2023-12-27,159.75091552734375,12.430000305175781,5.44,4.79,4.2,3.79,0.005979961155387212,0.12380990804111072,0.10800463742213427,0.15410303125811828,Low,-0.019999999999999574,-0.41000000000000014,-0.42825178098290456
2023-12-28,160.59970092773438,12.470000267028809,5.45,4.82,4.26,3.84,0.005299115050776995,0.12330284027302374,0.10762708661093774,0.15291461256911992,Low,0.009999999999999787,-0.41999999999999993,-0.38076784324422924
2023-12-29,160.41107177734375,12.449999809265137,5.4,4.79,4.23,3.88,-0.001175220199069354,0.10539374986960005,0.1096820253879228,0.14764368384870746,Low,-0.02999999999999936,-0.35000000000000053,-0.3259584643731997
2024-01-02,162.2782745361328,13.199999809265137,5.46,4.8,4.33,3.95,0.011572886554069515,0.11133640441810604,0.10986413350739092,0.1468892492746569,Low,0.019999999999999574,-0.3799999999999999,-0.16283607289167415
2024-01-03,161.57101440429688,14.039999961853027,5.48,4.81,4.33,3.91,-0.004367841958695558,0.11821067977241036,0.1142038359892684,0.14614244587245057,Low,0.020000000000000462,-0.41999999999999993,0.07633350160158708
2024-01-04,162.6432342529297,14.130000114440918,5.48,4.85,4.38,3.99,0.006614291395908031,0.10617198492098494,0.11399240563781414,0.14629171209303798,Low,0.05000000000000071,-0.3899999999999997,0.25487437993712325
2024-01-05,163.459228515625,13.350000381469727,5.47,4.84,4.4,4.05,0.0050045372785087324,0.07392675021225431,0.11293351472299688,0.14632598427295856,Low,0.02999999999999936,-0.35000000000000053,0.35173921254624724
2024-01-08,163.22201538085938,13.079999923706055,5.49,4.82,4.36,4.01,-0.00145226076420966,0.07792060375795815,0.1015374490383584,0.1444639607012633,Low,0.07000000000000028,-0.35000000000000053,0.3707097443184208
2024-01-09,161.93157958984375,12.760000228881836,5.47,4.82,4.36,4.02,-0.007937433791680652,0.09498443174058413,0.11071733962936597,0.1457105451843726,Low,0.02999999999999936,-0.34000000000000075,0.3292394417143136
2024-01-10,162.27317810058594,12.6899995803833,5.46,4.82,4.37,4.04,0.0021073018149864744,0.09312537503178815,0.10824572570661828,0.14555542700901797,Low,0.009999999999999787,-0.33000000000000007,0.3015890288938951
2024-01-11,161.5900115966797,12.4399995803833,5.46,4.75,4.26,3.98,-0.004218864872176787,0.0954694644394038,0.1118531335242757,0.1461906297488384,Low,0.019999999999999574,-0.2799999999999998,0.2586382445935595
2024-01-12,160.4039306640625,12.699999809265137,5.45,4.65,4.14,3.96,-0.007367134231141257,0.10104726366201598,0.11613925552052477,0.14721418512192525,Low,0.0,-0.17999999999999972,0.27756874483445293
2024-01-16,159.3981475830078,13.84000015258789,5.45,4.7,4.22,4.07,-0.006290055416144587,0.10569532837872794,0.12024776532747124,0.14601989472816354,Low,0.04999999999999982,-0.14999999999999947,0.3120684778934704
2024-01-17,158.5441436767578,14.789999961853027,5.47,4.8,4.34,4.1,-0.005372081560411423,0.08260995903339788,0.10841927082083459,0.14665743080023422,Low,0.009999999999999787,-0.2400000000000002,0.28231070714498774
2024-01-18,158.85728454589844,14.130000114440918,5.45,4.8,4.34,4.14,0.0019731541379069376,0.08434036537326388,0.10600110113672828,0.14640834714115902,Low,-0.03000000000000025,-0.20000000000000018,0.30838097849347196
2024-01-19,161.59947204589844,13.300000190734863,5.45,4.84,4.39,4.15,0.01711466135851422,0.12156132194260798,0.11890198936552795,0.14696075185030102,Low,-0.03000000000000025,-0.23999999999999932,0.3200914737022974
2024-01-22,161.40972900390625,13.1899995803833,5.46,4.83,4.37,4.11,-0.001174846185186856,0.11740878930286217,0.11108124976562037,0.1465086311907249,Low,-0.009999999999999787,-0.2599999999999998,0.35018335075404305
2024-01-23,160.34701538085938,12.550000190734863,5.45,4.81,4.31,4.14,-0.006605720041182584,0.12045359060524197,0.10565713373336731,0.1426918214329124,Low,-0.040000000000000036,-0.16999999999999993,0.3851688660910325
2024-01-24,161.77976989746094,13.140000343322754,5.44,4.83,4.34,4.18,0.008895652458627985,0.12586700740993617,0.10801418841054916,0.13919844820877,Low,-0.02999999999999936,-0.16000000000000014,0.3477082712853512
2024-01-25,164.09498596191406,13.449999809265137,5.44,4.76,4.28,4.14,0.014209477586025082,0.14500031983670328,0.1168350572882439,0.1408934405346716,Low,-0.019999999999999574,-0.14000000000000057,0.3543083866271193
2024-01-26,163.46873474121094,13.260000228881836,5.44,4.78,4.34,4.15,-0.003823695630121928,0.14460622666480757,0.11743652218596855,0.1405141422154553,Low,-0.019999999999999574,-0.1899999999999995,0.2659136860581842
2024-01-29,163.8957061767578,13.600000381469727,5.42,4.76,4.29,4.08,0.0026085403561826284,0.13659210722429121,0.11634838412407482,0.14051308848561328,Low,-0.03000000000000025,-0.20999999999999996,0.18306659470955178
2024-01-30,167.25465393066406,13.3100004196167,5.42,4.8,4.36,4.06,0.020287237230213005,0.15456613530117075,0.13331712669753787,0.11911421426867312,Low,-0.03000000000000025,-0.3000000000000007,0.11734464116115129
2024-01-31,165.4423370361328,14.350000381469727,5.42,4.73,4.27,3.99,-0.010894807407694765,0.16675948246803748,0.14024450125904203,0.12164164545253324,Low,-0.04999999999999982,-0.27999999999999936,0.1260125676594172
2024-02-01,164.8445587158203,13.880000114440918,5.42,4.68,4.2,3.87,-0.0036197559195149955,0.17121016339781728,0.1362740519650043,0.12145096332845598,Low,-0.03000000000000025,-0.33000000000000007,0.10907835835184138
2024-02-02,165.7934112548828,13.850000381469727,5.43,4.81,4.36,4.03,0.0057395413111805795,0.15501030847977598,0.1359915646670422,0.1211755311224537,Low,-0.020000000000000462,-0.33000000000000007,0.11376037574627461
2024-02-05,165.5751953125,13.670000076293945,5.42,4.87,4.46,4.17,-0.0013170588257421184,0.15510791914874716,0.13480399085590042,0.11820454723363971,Low,-0.040000000000000036,-0.29000000000000004,0.18205689073258596
2024-02-06,166.1444854736328,13.0600004196167,5.44,4.82,4.39,4.09,0.0034323602307150093,0.14646544028544572,0.13430267949941913,0.11717075718386696,Low,-0.009999999999999787,-0.2999999999999998,0.1896481792136092
2024-02-07,166.45758056640625,12.829999923706055,5.43,4.83,4.41,4.09,0.0018827013853719918,0.14350196076113383,0.1341022564372777,0.11688939125593294,Low,-0.010000000000000675,-0.3200000000000003,0.11903721930391326
2024-02-08,165.85983276367188,12.789999961853027,5.44,4.83,4.46,4.15,-0.0035974548634058385,0.13136330060355506,0.13129780996217472,0.11745491177613612,Low,0.0,-0.3099999999999996,0.0562753539575355
2024-02-09,166.05909729003906,12.930000305175781,5.44,4.86,4.48,4.17,0.0012006820477149154,0.12851313861768013,0.13125132518102947,0.11746575547003191,Low,0.0,-0.3100000000000005,-0.03123532467058869
2024-02-12,166.7991943359375,13.930000305175781,5.43,4.87,4.46,4.17,0.004446927020569981,0.12925743846198223,0.130257163065277,0.11683807435460067,Low,0.009999999999999787,-0.29000000000000004,-0.0267372994843954
2024-02-13,165.34742736816406,15.850000381469727,5.45,4.99,4.64,4.31,-0.008741779190722086,0.08842135766401114,0.13151862157401895,0.11688329882308497,Medium,0.03000000000000025,-0.33000000000000007,0.026524929138961515
2024-02-14,167.02691650390625,14.380000114440918,5.43,4.94,4.56,4.27,0.010106095497308001,0.086420011062537,0.13163202037783434,0.1168091500143697,Low,0.009999999999999787,-0.29000000000000004,0.07827695410425688
2024-02-15,170.67050170898438,14.010000228881836,5.43,4.93,4.56,4.24,0.021579830970721983,0.13045158307008253,0.14451022333429228,0.11882570352715358,Low,0.009999999999999787,-0.3199999999999994,0.14498101635953417
2024-02-16,169.8734893798828,14.239999771118164,5.44,4.98,4.64,4.3,-0.004680827177562619,0.13576237721806483,0.14721461595303004,0.11929243936879463,Low,0.010000000000000675,-0.33999999999999986,0.21201965696611655
2024-02-20,170.53768920898438,15.420000076293945,5.44,4.97,4.59,4.27,0.003902343482021022,0.1342474403190142,0.13831710438792894,0.11807902773036122,Low,0.020000000000000462,-0.3200000000000003,0.3312234121198059
2024-02-21,171.64785766601562,15.34000015258789,5.44,4.98,4.64,4.32,0.006488715624172283,0.13542454165450832,0.1382548720845096,0.11764920968918523,Low,0.0,-0.3199999999999994,0.41984149824025196
2024-02-22,173.70687866210938,14.539999961853027,5.45,5.02,4.69,4.33,0.011924234282457574,0.14179918811091874,0.1370498398688868,0.11906364704064076,Low,0.020000000000000462,-0.3600000000000003,0.4359094049783916
2024-02-23,174.57980346679688,13.75,5.46,5.0,4.67,4.26,0.005012690276799583,0.13485251300780737,0.13588981314171253,0.11869686406152362,Low,0.019999999999999574,-0.41000000000000014,0.38363097836896276
2024-02-26,173.98204040527344,13.739999771118164,5.47,5.03,4.69,4.28,-0.003429885732160319,0.1405093487171125,0.13226989309615653,0.11939199785455656,Low,0.02999999999999936,-0.41000000000000014,0.32871140886314676
2024-02-27,174.06744384765625,13.430000305175781,5.45,5.03,4.7,4.31,0.0004907546079555839,0.14207279864473413,0.13038428428994359,0.11945176231418737,Low,0.020000000000000462,-0.39000000000000057,0.24182556848971057
2024-02-28,174.9498748779297,13.84000015258789,5.45,5.0,4.64,4.27,0.005056671192149489,0.12219661310233197,0.1305693572533642,0.11905312317127442,Low,0.0,-0.3700000000000001,0.2404738695498842
2024-02-29,176.54391479492188,13.399999618530273,5.45,5.01,4.64,4.25,0.009070150836057897,0.12124462440145542,0.11705633193307009,0.11965025124584526,Low,0.020000000000000462,-0.3899999999999997,0.2853327980788178
2024-03-01,175.81332397460938,13.109999656677246,5.42,4.94,4.54,4.19,-0.0041468815559930605,0.09095504985991498,0.10935389286728496,0.12046552755077067,Low,-0.009999999999999787,-0.34999999999999964,0.26581406654099815
2024-03-04,177.13223266601562,13.489999771118164,5.48,4.98,4.61,4.22,0.007473757953780343,0.0823950738520796,0.1077671401662371,0.11962288023202866,Low,0.040000000000000036,-0.39000000000000057,0.21254077388446857
2024-03-05,178.90658569335938,14.460000038146973,5.47,4.94,4.54,4.13,0.009967271125894123,0.08729342030853308,0.1098862538366788,0.12038999691571536,Low,0.02999999999999936,-0.41000000000000014,0.22957003591349423
2024-03-06,179.83645629882812,14.5,5.47,4.95,4.55,4.11,0.005184059781542168,0.08682730023856944,0.10850135309955831,0.12015758154442926,Low,0.02999999999999936,-0.4399999999999995,0.1958491615376931
2024-03-07,178.2613525390625,14.4399995803833,5.47,4.93,4.5,4.09,-0.008797115642072802,0.09965016601796543,0.11714087614857822,0.12230284579276865,Low,0.019999999999999574,-0.41000000000000014,0.18603538815080536
2024-03-08,178.5934600830078,14.739999771118164,5.46,4.92,4.48,4.09,0.0018613039705753704,0.09875497515086672,0.11714428134087822,0.11925073709596762,Low,0.0,-0.39000000000000057,0.21296565878789894
2024-03-11,178.65988159179688,15.220000267028809,5.48,4.95,4.51,4.1,0.0003718454206363217,0.0943537808095643,0.11496440969658721,0.11937060324343575,Low,0.010000000000000675,-0.41000000000000014,0.24269021882038802
2024-03-12,180.13059997558594,13.84000015258789,5.48,5.0,4.58,4.16,0.008198247705783961,0.09729495009459053,0.11572332230116929,0.11874490249816887,Low,0.03000000000000025,-0.41999999999999993,0.20360588519366116
2024-03-13,181.59185791015625,13.75,5.48,5.01,4.61,4.19,0.00807948664351706,0.0998646912690885,0.1166308157422965,0.11917921594707767,Low,0.03000000000000025,-0.41999999999999993,0.15060217306481985
2024-03-14,178.35626220703125,14.399999618530273,5.48,5.04,4.68,4.29,-0.017978606778943612,0.14253259285506903,0.13267711396297063,0.12574427501838825,Low,0.03000000000000025,-0.3899999999999997,0.18736698966169923
2024-03-15,180.56710815429688,14.40999984741211,5.48,5.05,4.72,4.31,0.0123194759179308,0.14960813624993172,0.13425550497744865,0.12723139896597685,Low,0.0600000000000005,-0.41000000000000014,0.20029380271439512
2024-03-18,182.80638122558594,14.329999923706055,5.48,5.06,4.73,4.34,0.012325067642466343,0.15582453395965618,0.12200476403241003,0.12493735380452295,Low,0.0,-0.39000000000000057,0.20501671918430248
2024-03-19,183.8785858154297,13.819999694824219,5.48,5.06,4.68,4.3,0.005848113459986275,0.15210858642847574,0.11876695893697255,0.12471525324754885,Low,0.010000000000000675,-0.3799999999999999,0.15805711886406995
2024-03-20,186.28868103027344,13.039999961853027,5.47,5.01,4.59,4.27,0.013021838973474328,0.1604907863068664,0.12301797088783319,0.1262643007269618,Low,0.0,-0.3200000000000003,-0.0013462351187963852
2024-03-21,188.87904357910156,12.920000076293945,5.48,5.01,4.62,4.27,0.013809310040912818,0.15177781292892728,0.12726937554335588,0.12645273343437877,Low,0.010000000000000675,-0.35000000000000053,-0.1921882567212866
2024-03-22,186.5638427734375,13.0600004196167,5.46,4.98,4.59,4.22,-0.012333328114810835,0.1767297899575492,0.13694561024041732,0.12691578522194252,Low,0.0,-0.3700000000000001,-0.368567413864625
2024-03-25,184.85589599609375,13.1899995803833,5.46,5.0,4.54,4.25,-0.009196920021743108,0.18889444578313727,0.1435257917662995,0.12898142628710224,Low,-0.020000000000000462,-0.29000000000000004,-0.5310327662055431
2024-03-26,185.71937561035156,13.239999771118164,5.46,5.0,4.56,4.24,0.004660220166570812,0.18721035734930372,0.14188215163221873,0.12889753754787953,Low,-0.020000000000000462,-0.3199999999999994,-0.5952640887634082
2024-03-27,189.31553649902344,12.779999732971191,5.45,4.99,4.54,4.2,0.019178327119291336,0.203161429367599,0.15194848882910383,0.13295995224501614,Low,-0.03000000000000025,-0.33999999999999986,-0.5642499447112211
2024-03-28,190.0556182861328,13.010000228881836,5.46,5.03,4.59,4.2,0.003901628875108602,0.16188296309321784,0.15189982795441118,0.13282219465896794,Low,-0.020000000000000462,-0.3899999999999997,-0.597909982591907
2024-04-01,188.76516723632812,13.649999618530273,5.44,5.06,4.72,4.33,-0.00681301602610538,0.1704066064659604,0.15507726265256536,0.13408306899140088,Low,-0.040000000000000036,-0.3899999999999997,-0.6067922431654392
2024-04-02,188.68930053710938,14.609999656677246,5.42,5.05,4.7,4.36,-0.00040199126897571023,0.16583286173441278,0.15337897027609995,0.1340042984440376,Low,-0.0600000000000005,-0.33999999999999986,-0.5341612137544665
2024-04-03,188.15792846679688,14.329999923706055,5.42,5.03,4.68,4.36,-0.002820094624980555,0.16760891765831054,0.1540487237196888,0.1331663482975435,Low,-0.0600000000000005,-0.3199999999999994,-0.42219793722071614
2024-04-04,186.726318359375,16.350000381469727,5.41,5.0,4.65,4.31,-0.007637648574417621,0.16261836598840707,0.15589733215665333,0.13399466924916006,Medium,-0.05999999999999961,-0.34000000000000075,-0.16522412434637235
2024-04-05,188.4442596435547,16.030000686645508,5.43,5.05,4.73,4.39,0.009158251698720022,0.15314771199098298,0.1575076829863386,0.13442374600338092,Medium,-0.05000000000000071,-0.34000000000000075,-0.011265219705601372
2024-04-08,189.42727661132812,15.1899995803833,5.43,5.07,4.78,4.42,0.005202927931938304,0.1389904532813321,0.1525502424611696,0.134440331054506,Low,-0.03000000000000025,-0.3600000000000003,0.03822843897041388
2024-04-09,188.15792846679688,14.979999542236328,5.43,5.03,4.74,4.36,-0.006723531056240738,0.13411813385817534,0.15613833262119822,0.13545428038407653,Low,-0.03000000000000025,-0.3799999999999999,0.05755886113033076
2024-04-10,186.55453491210938,15.800000190734863,5.45,5.19,4.97,4.55,-0.008558046488679881,0.1423082957442198,0.16065945249618874,0.13564966561017575,Medium,-0.009999999999999787,-0.41999999999999993,0.05512375582555641
2024-04-11,186.51637268066406,14.90999984741211,5.45,5.17,4.93,4.56,-0.00020458433397911203,0.09689818155786964,0.1592443525121276,0.13573810476892417,Low,0.0,-0.3700000000000001,0.05389845186883407
2024-04-12,174.452880859375,17.309999465942383,5.45,5.13,4.88,4.5,-0.06686434295208696,0.33796668380014183,0.2839575193490676,0.19338200770005878,Medium,-0.009999999999999787,-0.3799999999999999,-0.1802389446970399
2024-04-15,174.54832458496094,19.229999542236328,5.45,5.16,4.93,4.63,0.0005469535719443573,0.34104125035420585,0.2779363721915051,0.19260052373950104,Medium,0.009999999999999787,-0.2999999999999998,-0.41568712010237185
2024-04-16,172.55364990234375,18.399999618530273,5.45,5.18,4.97,4.67,-0.011493432979705771,0.33881472721382955,0.27576048908703144,0.19371644134938937,Medium,0.03000000000000025,-0.2999999999999998,-0.5666675445611945
2024-04-17,171.8665008544922,18.209999084472656,5.45,5.16,4.93,4.59,-0.003990184418937682,0.3382734932806358,0.2707064305006186,0.19354382069519385,Medium,0.03000000000000025,-0.33999999999999986,-0.6428277537869309
2024-04-18,172.98312377929688,18.0,5.46,5.18,4.98,4.64,0.0064760217064381825,0.3472318983068431,0.2709718373626004,0.1938186261921665,Medium,0.04999999999999982,-0.34000000000000075,-0.6893032020311806
2024-04-19,177.32559204101562,18.709999084472656,5.45,5.17,4.97,4.62,0.024793506485888333,0.3760889591478153,0.28251428027126707,0.1969401863989487,Medium,0.020000000000000462,-0.34999999999999964,-0.7148850803511514
2024-04-22,180.77096557617188,16.940000534057617,5.42,5.16,4.97,4.62,0.01924330061834595,0.3940597857699387,0.2870212482807757,0.20003342897652038,Medium,-0.009999999999999787,-0.34999999999999964,-0.7274063563538707
2024-04-23,183.3764190673828,15.6899995803833,5.45,5.14,4.86,4.61,0.014310128606996946,0.40499617500768936,0.28986498403110483,0.20083422718839566,Medium,0.020000000000000462,-0.25,-0.7327313326176388
2024-04-24,184.2735595703125,15.970000267028809,5.46,5.17,4.89,4.65,0.004880415263243358,0.40505500921911664,0.28883953028162174,0.20044463077516114,Medium,0.009999999999999787,-0.23999999999999932,-0.7514587788388154
2024-04-25,184.55032348632812,15.369999885559082,5.47,5.21,4.96,4.7,0.0015007920076649847,0.40526633138182466,0.28838352982474413,0.1989210983885091,Low,0.019999999999999574,-0.2599999999999998,-0.7684519677111437
2024-04-26,184.6648712158203,15.029999732971191,5.46,5.21,4.96,4.67,0.0006204930610171066,0.1741292262349012,0.27962165332430833,0.19860287477022823,Low,0.009999999999999787,-0.29000000000000004,-0.7979943653037542
2024-04-29,184.46444702148438,14.670000076293945,5.45,5.2,4.97,4.63,-0.0010859295327109604,0.17566546680776146,0.27901170680189796,0.19868940035636165,Low,0.0,-0.33999999999999986,-0.8144860218470517
2024-04-30,182.99468994140625,15.649999618530273,5.46,5.25,5.04,4.69,-0.007999610134384166,0.1668416665842265,0.2793306902527847,0.1960730343383014,Low,0.009999999999999787,-0.34999999999999964,-0.8223038828638719
2024-05-01,183.10919189453125,15.390000343322754,5.46,5.21,4.96,4.63,0.0006255162129625408,0.1606956819338333,0.279403249236837,0.19447756392099086,Low,0.009999999999999787,-0.33000000000000007,-0.8314449594584808
2024-05-02,182.91831970214844,14.680000305175781,5.46,5.16,4.87,4.58,-0.0010429391432983154,0.16489092089256113,0.27935962015624466,0.19426406002544588,Low,0.0,-0.29000000000000004,-0.8331546887724757
2024-05-03,181.82078552246094,13.489999771118164,5.45,5.12,4.81,4.5,-0.006018205761753657,0.134047571045685,0.2789560177567892,0.19468117627548354,Low,0.0,-0.3099999999999996,-0.7973118174147428
2024-05-06,183.24281311035156,13.489999771118164,5.45,5.12,4.82,4.49,0.007790613939860617,0.10265446684677182,0.2783515381876671,0.19500411258677153,Low,0.03000000000000025,-0.33000000000000007,-0.7818091194636624
2024-05-07,183.0042266845703,13.229999542236328,5.45,5.13,4.82,4.47,-0.001302871742878134,0.07318838499420617,0.2773372785610794,0.19505414452799827,Low,0.0,-0.35000000000000053,-0.7685222142596425
2024-05-08,186.726318359375,13.0,5.45,5.13,4.84,4.48,0.020134757439635224,0.12475204497502651,0.2865894280650812,0.19857085541510866,Low,-0.009999999999999787,-0.35999999999999943,-0.7720959678314234
2024-05-09,188.491943359375,12.6899995803833,5.46,5.12,4.8,4.45,0.009411258524250688,0.13122142093593048,0.28687564050183706,0.19883157700358026,Low,-0.009999999999999787,-0.34999999999999964,-0.7680532312132227
2024-05-10,189.70404052734375,12.550000190734863,5.47,5.17,4.87,4.5,0.006409911102835368,0.13258852536314136,0.2875874546649849,0.19901609749194654,Low,0.009999999999999787,-0.3700000000000001,-0.7675792557251669
2024-05-13,189.66586303710938,13.600000381469727,5.45,5.16,4.85,4.48,-0.00020126789186247172,0.13195553889827585,0.14950741625707825,0.19901166597966966,Low,0.0,-0.3699999999999992,-0.768807841085148
2024-05-14,192.31903076171875,13.420000076293945,5.44,5.16,4.81,4.45,0.01389170323107016,0.12756606919813168,0.15275632997779223,0.19917619465936132,Low,-0.019999999999999574,-0.35999999999999943,-0.7790375543593387
2024-05-15,192.89170837402344,12.449999809265137,5.45,5.1,4.73,4.36,0.0029733233060589095,0.1258603547213746,0.1413249357091748,0.19856424018692334,Low,-0.009999999999999787,-0.3700000000000001,-0.7951905125336927
2024-05-16,193.23526000976562,12.420000076293945,5.45,5.13,4.78,4.38,0.0017794754292134308,0.1226951998804609,0.13791525986553574,0.19465448893871815,Low,-0.009999999999999787,-0.40000000000000036,-0.827497723830985
2024-05-17,195.44944763183594,11.989999771118164,5.46,5.14,4.83,4.42,0.011393355746674692,0.10712521616752153,0.13936194539999008,0.19507616017616886,Low,0.009999999999999787,-0.41000000000000014,-0.8629291201532642
2024-05-20,186.65953063964844,12.149999618530273,5.45,5.15,4.82,4.44,-0.04601550048538947,0.2876406132867205,0.21382965098702778,0.21758148570113317,Low,0.0,-0.3799999999999999,-0.8654081105927139
2024-05-21,190.4198455810547,11.859999656677246,5.45,5.14,4.82,4.41,0.01994508230434661,0.30060909276395265,0.2145370476797963,0.22049703049686992,Low,0.0,-0.41000000000000014,-0.8764850134670462
2024-05-22,189.26499938964844,12.289999961853027,5.45,5.16,4.86,4.43,-0.00608320172896629,0.2897548840289206,0.21197926843667983,0.22002649293900645,Low,0.0,-0.4300000000000006,-0.8897047995148359
2024-05-23,187.9384307861328,12.770000457763672,5.46,5.2,4.91,4.47,-0.007033732816520467,0.288703194992097,0.21360051828124693,0.22053250109630268,Low,0.0,-0.4400000000000004,-0.8936741916101469
2024-05-24,191.55555725097656,11.930000305175781,5.46,5.21,4.93,4.46,0.019063469365184858,0.30353717654800616,0.2226560983212328,0.2231977542625847,Low,-0.009999999999999787,-0.46999999999999975,-0.893889212448611
2024-05-28,190.40074157714844,12.920000076293945,5.46,5.21,4.94,4.54,-0.006046865550580168,0.3055810229817802,0.22428331425717027,0.22370357867286783,Low,0.009999999999999787,-0.40000000000000036,-0.8851063211450936
2024-05-29,189.07412719726562,14.279999732971191,5.46,5.22,4.96,4.61,-0.0069918716282771215,0.2976176368594343,0.2260530226742519,0.22420555062930553,Low,0.019999999999999574,-0.34999999999999964,-0.8596133860051949
2024-05-30,190.23851013183594,14.470000267028809,5.46,5.19,4.92,4.55,0.00613945583349297,0.2994290578573139,0.22412016244817234,0.22386549510943182,Low,0.009999999999999787,-0.3700000000000001,-0.8164970707937249
2024-05-31,193.38796997070312,12.920000076293945,5.46,5.18,4.89,4.51,0.016419776851445245,0.31249565327164536,0.22964435262823948,0.2256460614562951,Low,0.009999999999999787,-0.3799999999999999,-0.7699618744558443
2024-06-03,192.61489868164062,13.109999656677246,5.52,5.14,4.82,4.41,-0.004005526307993976,0.30638587240682197,0.23046448598192962,0.22558135051681671,Low,0.05999999999999961,-0.41000000000000014,-0.7089176111952299
2024-06-04,190.07623291015625,13.15999984741211,5.52,5.11,4.77,4.33,-0.013267634402462878,0.19796344838416877,0.23514530895389307,0.22674881162136465,Low,0.0699999999999994,-0.4399999999999995,-0.6710010428379719
2024-06-05,188.26290893554688,12.630000114440918,5.51,5.08,4.72,4.29,-0.009585779842092702,0.1765833510170846,0.23755227369772977,0.22755353599775313,Low,0.05999999999999961,-0.4299999999999997,-0.645532975699289
2024-06-06,187.9288787841797,12.579999923706055,5.51,5.08,4.72,4.28,-0.001775850776415427,0.17451839249767015,0.23762288672512638,0.2267911234069313,Low,0.05999999999999961,-0.4399999999999995,-0.6259123774616426
2024-06-07,190.83021545410156,12.220000267028809,5.52,5.17,4.87,4.43,0.015320521479691603,0.18743320275077047,0.23335261258372253,0.228627958023652,Low,0.05999999999999961,-0.4400000000000004,-0.6170754417512679
2024-06-10,190.50570678710938,12.739999771118164,5.52,5.16,4.87,4.47,-0.001701957389262169,0.16001549049424196,0.23149461328285337,0.22869064436559522,Low,0.05999999999999961,-0.40000000000000036,-0.6008987091873771
2024-06-11,185.4951629638672,12.850000381469727,5.52,5.17,4.81,4.39,-0.02665334496474073,0.20651689666136083,0.24857359941640167,0.23478500771552335,Low,0.05999999999999961,-0.41999999999999993,-0.5603413055493823
2024-06-12,182.7942352294922,12.039999961853027,5.51,5.13,4.75,4.31,-0.014667683461945236,0.2145166590246507,0.25295067661977827,0.2361903318720531,Low,0.04999999999999982,-0.4400000000000004,-0.4033725296458593
2024-06-13,184.82713317871094,11.9399995803833,5.51,5.07,4.68,4.24,0.011059850410952721,0.2219231880235863,0.2509253360093351,0.23428645117233682,Low,0.04999999999999982,-0.4399999999999995,-0.2462305347555294
2024-06-14,184.94161987304688,12.65999984741211,5.51,5.07,4.67,4.2,0.0006192340323479386,0.19611000301148615,0.2504823183718628,0.23306608753726638,Low,0.04999999999999982,-0.46999999999999975,-0.11344995835180144
2024-06-17,186.08689880371094,12.75,5.52,5.11,4.75,4.28,0.006173555457285561,0.20330415042631508,0.2517777975566188,0.23210739022315924,Low,0.0,-0.46999999999999975,-0.04064894897392852
2024-06-18,188.01473999023438,12.300000190734863,5.5,5.09,4.69,4.22,0.010306601480203794,0.20584887680027944,0.2510877399883144,0.2327124301869667,Low,-0.019999999999999574,-0.47000000000000064,0.03878524387289518
2024-06-20,189.60861206054688,13.279999732971191,5.5,5.1,4.7,4.25,0.008441647089755566,0.20490767656673653,0.19498291357712114,0.23187776576686722,Low,-0.009999999999999787,-0.4500000000000002,0.10368336453871775
2024-06-21,187.34669494628906,13.199999809265137,5.49,5.1,4.7,4.25,-0.012001127031516996,0.21458495574013614,0.1865725556844027,0.23150260797399888,Low,-0.019999999999999574,-0.4500000000000002,0.09931682927173367
2024-06-24,189.8090362548828,13.329999923706055,5.5,5.1,4.71,4.25,0.01305761037575708,0.2102259864609326,0.19142951612880704,0.23163181864758187,Low,-0.019999999999999574,-0.45999999999999996,0.10196604682328651
2024-06-25,189.0359649658203,12.84000015258789,5.49,5.1,4.65,4.23,-0.00408120661278417,0.21093338569478204,0.19030597304290822,0.23100678983788445,Low,-0.02999999999999936,-0.41999999999999993,0.10302094458426665
2024-06-26,188.4251251220703,12.550000190734863,5.5,5.13,4.71,4.32,-0.0032365740100039684,0.1561256871227039,0.17783913779198832,0.23094848720720154,Low,-0.019999999999999574,-0.3899999999999997,0.10403325837062481
2024-06-27,190.0857696533203,12.239999771118164,5.49,5.1,4.7,4.29,0.008774675758398996,0.1300425082739219,0.17971487127748006,0.22840232462982765,Low,-0.019999999999999574,-0.41000000000000014,0.057643335857189004
2024-06-28,193.0348358154297,12.4399995803833,5.48,5.09,4.71,4.36,0.01539527954088325,0.13827593759529003,0.18550369095268018,0.23033574263091366,Low,-0.02999999999999936,-0.34999999999999964,0.056069227345985066
2024-07-01,196.07936096191406,12.220000267028809,5.47,5.1,4.77,4.48,0.01564881107601638,0.147230527862393,0.1916544140182605,0.23191291611911527,Low,-0.040000000000000036,-0.28999999999999915,0.01343250075195703
2024-07-02,199.30519104003906,12.029999732971191,5.47,5.07,4.74,4.43,0.016317793095631795,0.15638104212962048,0.19155427805733716,0.23401955831729315,Low,-0.04999999999999982,-0.3100000000000005,-0.025819972273602523
2024-07-03,199.1715850830078,12.09000015258789,5.47,5.04,4.71,4.36,-0.000670583431927207,0.15929324232475128,0.19070727071137147,0.23392130569173253,Low,-0.03000000000000025,-0.34999999999999964,-0.13063012702340868
2024-07-05,196.53245544433594,12.479999542236328,5.46,4.98,4.6,4.28,-0.013339104483791105,0.18456443870428835,0.1907775953089756,0.2350426278384774,Low,-0.040000000000000036,-0.3199999999999994,-0.1433778357204149
2024-07-08,196.8971405029297,12.369999885559082,5.46,4.99,4.62,4.28,0.001853877627906353,0.1637292778717893,0.18639893641263838,0.2344416748771047,Low,-0.03000000000000025,-0.33999999999999986,-0.1741141851345064
2024-07-09,199.25794982910156,12.510000228881836,5.46,5.02,4.62,4.3,0.011918752686069161,0.162247638842658,0.18879963913938844,0.23534937541251358,Low,-0.040000000000000036,-0.3200000000000003,-0.18280233341416588
2024-07-10,199.4210968017578,12.850000381469727,5.46,5.01,4.62,4.28,0.0008184377039215581,0.15644958614525029,0.18327244640378734,0.2348518776070137,Low,-0.03000000000000025,-0.33999999999999986,-0.15598743060973944
2024-07-11,199.08518981933594,12.920000076293945,5.44,4.91,4.5,4.2,-0.0016858306794839866,0.15424514209282425,0.18326824304600628,0.23412533156057083,Low,-0.05999999999999961,-0.2999999999999998,-0.1294819247255934
2024-07-12,196.67642211914062,12.460000038146973,5.43,4.87,4.45,4.18,-0.01217297166765906,0.1761015939022369,0.16003758790027814,0.23560122794545985,Low,-0.0600000000000005,-0.27000000000000046,-0.11414894632821379
2024-07-15,201.5803680419922,13.119999885559082,5.43,4.85,4.44,4.23,0.024628299714266545,0.19838805261323275,0.16388189907531403,0.1965585129436297,Low,-0.05000000000000071,-0.20999999999999996,-0.018977493257476708
2024-07-16,205.0064239501953,13.1899995803833,5.43,4.85,4.43,4.17,0.01685316427853679,0.20039370417438288,0.1679124167917287,0.19866357849103305,Low,-0.040000000000000036,-0.2599999999999998,0.0826329687412992
2024-07-17,208.1253662109375,14.479999542236328,5.43,4.85,4.42,4.16,0.015099305315380895,0.19845754661705697,0.17069297142167902,0.1981399688469879,Low,-0.040000000000000036,-0.2599999999999998,0.34556206827484026
2024-07-18,201.51316833496094,15.930000305175781,5.43,4.86,4.46,4.2,-0.03228588951554568,0.27097491400841567,0.21529713139310788,0.2099146749950332,Medium,-0.040000000000000036,-0.2599999999999998,0.41103608957432924
2024-07-19,201.32127380371094,16.520000457763672,5.43,4.87,4.49,4.25,-0.0009527216428967631,0.2592882989254925,0.21453630034843368,0.20987229114959885,Medium,-0.03000000000000025,-0.2400000000000002,0.4438073061021803
2024-07-22,201.8011016845703,14.90999984741211,5.43,4.88,4.5,4.26,0.0023805580470651192,0.2592702939956462,0.213716293198122,0.20488340769072183,Low,-0.03000000000000025,-0.2400000000000002,0.4770104007722428
2024-07-23,201.8490753173828,14.720000267028809,5.41,4.85,4.4,4.25,0.00023769905612188192,0.25391392887615666,0.20701563999419836,0.2019061713708561,Low,-0.04999999999999982,-0.15000000000000036,0.4990886511248814
2024-07-24,200.1792449951172,18.040000915527344,5.4,4.82,4.37,4.28,-0.008307076096163738,0.2584817592712317,0.20788051949262595,0.20125385471003948,Medium,-0.05999999999999961,-0.08999999999999986,0.47538284149914806
2024-07-25,200.25601196289062,18.459999084472656,5.39,4.83,4.41,4.27,0.0003834176305905797,0.2582274193849551,0.2066623842544387,0.20113793486970255,Medium,-0.05000000000000071,-0.14000000000000057,0.4721720974207964
2024-07-26,203.6820831298828,16.389999389648438,5.38,4.79,4.36,4.2,0.016963754436467762,0.25933767825804327,0.2110941098957976,0.20355730561660518,Medium,-0.04999999999999982,-0.16000000000000014,0.48737602224704674
2024-07-29,202.3480987548828,16.600000381469727,5.41,4.79,4.36,4.17,-0.006570886767784124,0.23424586813908846,0.21313629435965523,0.20420013566305703,Medium,-0.019999999999999574,-0.1900000000000004,0.48704735540582866
2024-07-30,206.51312255859375,17.690000534057617,5.4,4.78,4.35,4.15,0.020374482428186756,0.2417270748657897,0.21744608959950432,0.20759871275603387,Medium,-0.02999999999999936,-0.1999999999999993,0.5333733552192758
2024-07-31,204.219482421875,16.360000610351562,5.41,4.73,4.29,4.09,-0.011168648171573176,0.2338506349048791,0.21796662003941736,0.2083018124733868,Medium,-0.019999999999999574,-0.20000000000000018,0.5517117987322038
2024-08-01,199.5746612548828,18.59000015258789,5.37,4.62,4.16,3.99,-0.023006901511696067,0.20264197738520087,0.22763009470121331,0.21409827677699833,Medium,-0.05999999999999961,-0.16999999999999993,0.5103204914953214
2024-08-02,191.11029052734375,23.389999389648438,5.29,4.33,3.88,3.8,-0.04333770948821474,0.2937724129846419,0.2728579514842865,0.2319955902168529,High,-0.13999999999999968,-0.08000000000000007,0.23944866531530376
2024-08-05,187.04122924804688,38.56999969482422,5.35,4.34,3.89,3.78,-0.021521628894460406,0.30090819491145965,0.27856730145709646,0.2358590280473877,High,-0.08000000000000007,-0.11000000000000032,-0.21751529624286625
2024-08-06,192.26190185546875,27.709999084472656,5.34,4.46,3.99,3.9,0.027529444875092523,0.3482631744567584,0.2970440124014557,0.24159042247242266,High,-0.07000000000000028,-0.0900000000000003,-0.30928609275732183
2024-08-07,192.31947326660156,27.850000381469727,5.34,4.45,4.0,3.96,0.0002993978142836313,0.34856197789930304,0.29331414281722146,0.24155599392335933,High,-0.0600000000000005,-0.040000000000000036,-0.41069776451236706
2024-08-08,195.83189392089844,23.790000915527344,5.34,4.48,4.04,3.99,0.01809869462732875,0.3657295067291397,0.3011773815567593,0.24092668841046702,High,-0.04999999999999982,-0.04999999999999982,-0.49973959232488563
2024-08-09,197.50173950195312,20.3700008392334,5.33,4.5,4.05,3.94,0.008490784775181162,0.35560953191064476,0.30288618077614166,0.24079927937802065,Medium,-0.04999999999999982,-0.10999999999999988,-0.5858988506669124
2024-08-12,197.8760223388672,20.709999084472656,5.33,4.47,4.01,3.9,0.0018932928699615125,0.3558222607857694,0.2998903043770337,0.2405363993025211,Medium,-0.08000000000000007,-0.10999999999999988,-0.6463935554730311
2024-08-13,199.5554656982422,18.1200008392334,5.32,4.4,3.93,3.85,0.008451536461441842,0.33925786308701916,0.2883620171968603,0.24103111405802982,Medium,-0.08000000000000007,-0.08000000000000007,-0.680364747483041
2024-08-14,201.76271057128906,16.190000534057617,5.32,4.42,3.94,3.83,0.011000085519433036,0.34332180326459283,0.28461736345980954,0.24046178342112579,Medium,-0.08999999999999986,-0.10999999999999988,-0.6910743681471534
2024-08-15,203.0198974609375,15.229999542236328,5.34,4.52,4.08,3.92,0.006211684529331524,0.32205474906633524,0.28000546577309354,0.24067002035224463,Low,-0.03000000000000025,-0.16000000000000014,-0.7058917096494027
2024-08-16,205.34231567382812,14.800000190734863,5.33,4.49,4.06,3.89,0.01137442778598222,0.2028000433507189,0.25895320758430396,0.24159004197736025,Low,0.040000000000000036,-0.16999999999999948,-0.7429197143811065
2024-08-19,206.7626190185547,14.649999618530273,5.31,4.48,4.06,3.86,0.006892948124115771,0.12569458573037853,0.2596725502709159,0.24096729655489685,Low,-0.040000000000000036,-0.19999999999999973,-0.7784352148191831
2024-08-20,205.87014770507812,15.880000114440918,5.29,4.43,3.99,3.82,-0.004325748108808514,0.10071504449695226,0.2603494566923581,0.2216306762795227,Medium,-0.04999999999999982,-0.17000000000000037,-0.7928677837792478
2024-08-21,205.94691467285156,16.270000457763672,5.26,4.36,3.92,3.79,0.0003728207287933691,0.10058214780652333,0.2603452153319837,0.21846397597835895,Medium,-0.08000000000000007,-0.1299999999999999,-0.8062375645629085
2024-08-22,207.89505004882812,17.549999237060547,5.28,4.43,3.99,3.86,0.009414945474109402,0.08090111709433379,0.259636586847299,0.2185500670953892,Medium,-0.05999999999999961,-0.13000000000000034,-0.8090292446060947
2024-08-23,209.50730895996094,15.859999656677246,5.25,4.36,3.9,3.81,0.007725241099102308,0.08032447553951247,0.2603761130887541,0.2182034994905985,Medium,-0.08000000000000007,-0.08999999999999986,-0.8527424519875493
2024-08-26,210.3326416015625,16.149999618530273,5.24,4.38,3.91,3.82,0.003931658736427255,0.0780976180183683,0.25489010759532843,0.2153969385868794,Medium,-0.08999999999999986,-0.0900000000000003,-0.8493888225241738
2024-08-27,211.30191040039062,15.430000305175781,5.23,4.34,3.83,3.83,0.004597680629569913,0.07724690890024447,0.2533492316933765,0.21493579005687233,Low,-0.08999999999999986,0.0,-0.8373179830188201
2024-08-28,212.3671417236328,17.110000610351562,5.21,4.36,3.83,3.84,0.005028611660935509,0.07141332398739011,0.2448060224885251,0.21431425838460516,Medium,-0.11000000000000032,0.009999999999999787,-0.805540621403821
2024-08-29,213.25006103515625,15.649999618530273,5.22,4.38,3.87,3.87,0.004148895168234056,0.07128298867215782,0.24066697766819328,0.21418904237335745,Low,-0.1200000000000001,0.0,-0.7984402583911653
2024-08-30,215.73561096191406,15.0,5.21,4.38,3.91,3.91,0.011588162045446429,0.07183116025477788,0.22456352959276485,0.21306478575997964,Low,-0.1200000000000001,0.0,-0.7910142746402675
2024-09-03,211.4170684814453,20.719999313354492,5.19,4.35,3.88,3.84,-0.020220824239496477,0.14393262215738992,0.17156711112631984,0.21726743259937686,Medium,-0.11999999999999922,-0.040000000000000036,-0.7642130850324449
2024-09-04,210.4862060546875,21.31999969482422,5.18,4.23,3.76,3.77,-0.004412688847918871,0.14404405325066064,0.14695468140826026,0.21553961482912687,High,-0.11000000000000032,0.010000000000000231,-0.7458432344607702
2024-09-05,208.85475158691406,19.899999618530273,5.15,4.21,3.75,3.73,-0.007781079665270185,0.15253337538172188,0.13063349564632276,0.2151882303437919,Medium,-0.10999999999999943,-0.020000000000000018,-0.740576767175352
2024-09-06,203.89320373535156,22.3799991607666,5.13,4.1,3.66,3.72,-0.024042696215387616,0.19095154456939908,0.16251143190588152,0.2211535621794811,High,-0.15000000000000036,0.06000000000000005,-0.7403621508526549
2024-09-09,208.0677947998047,19.450000762939453,5.11,4.12,3.68,3.7,0.02026761746984833,0.21729689696881202,0.16523781592588221,0.2226451531841523,Medium,-0.13999999999999968,0.020000000000000018,-0.7397232059839942
2024-09-10,197.2714080810547,19.079999923706055,5.06,4.07,3.59,3.65,-0.0532834765660181,0.33897735013937275,0.2537150299600847,0.24799738509587768,Medium,-0.1800000000000006,0.06000000000000005,-0.7357220122725412
2024-09-11,198.87405395507812,17.690000534057617,5.1,4.12,3.62,3.65,0.00809124309695159,0.34258858443335516,0.2552188877387923,0.24217148030204366,Medium,-0.13000000000000078,0.029999999999999805,-0.7203546962804858
2024-09-12,198.26947021484375,17.06999969482422,5.06,4.09,3.64,3.68,-0.0030446635560163592,0.3376321738958163,0.2536603862718605,0.24020220160147876,Medium,-0.15000000000000036,0.040000000000000036,-0.7030861618861941
2024-09-13,196.0814208984375,16.559999465942383,4.97,4.0,3.57,3.66,-0.011097080390323096,0.33233448423309403,0.25279674151437326,0.24062650226264484,Medium,-0.25,0.0900000000000003,-0.675873486445953
2024-09-16,199.47866821289062,17.139999389648438,4.96,3.96,3.56,3.63,0.017177318644064042,0.3427645765153699,0.25969497176440604,0.24280621058175145,Medium,-0.25,0.06999999999999984,-0.6558024368631358
2024-09-17,200.81263732910156,17.610000610351562,4.95,3.99,3.59,3.65,0.006665016381416016,0.3421324277632853,0.2574068610448383,0.24284910466664153,Medium,-0.2400000000000002,0.06000000000000005,-0.5451901208691817
2024-09-18,199.16197204589844,18.229999542236328,4.84,3.95,3.61,3.7,-0.00825389720105683,0.3424451339403604,0.2568558603703239,0.2428600416487765,Medium,-0.33999999999999986,0.0900000000000003,-0.45659997992768897
2024-09-19,201.9930419921875,16.329999923706055,4.8,3.93,3.59,3.73,0.014114827682628478,0.35579534131293905,0.2624389255514015,0.24383782317337988,Medium,-0.35000000000000053,0.14000000000000012,-0.3077409452748032
2024-09-20,202.57846069335938,16.149999618530273,4.75,3.92,3.55,3.73,0.0028940204926772785,0.3371155206761661,0.26273879552866225,0.24242443598355912,Medium,-0.3799999999999999,0.18000000000000016,-0.19484885078511194
2024-09-23,202.9143524169922,15.890000343322754,4.72,3.91,3.57,3.75,0.0016567090197369106,0.3171402687695755,0.26030699876901664,0.24123507545488054,Medium,-0.39000000000000057,0.18000000000000016,-0.13024829690458137
2024-09-24,203.0582733154297,15.390000343322754,4.69,3.88,3.49,3.74,0.0007090177777726132,0.1432376327148204,0.25841904801454024,0.2410102852299551,Low,-0.3699999999999992,0.25,-0.04642145158439088
2024-09-25,201.71473693847656,15.40999984741211,4.69,3.89,3.53,3.79,-0.00663849257240468,0.14729306814394139,0.25821947122773176,0.24135692426424385,Low,-0.40999999999999925,0.26000000000000023,-0.00920982320756269
2024-09-26,201.32127380371094,15.369999885559082,4.68,3.96,3.6,3.79,-0.0019524967957040803,0.1464661999845448,0.2571077621535672,0.2409203681875,Low,-0.3799999999999999,0.18999999999999995,0.002315541541223017
2024-09-27,202.01223754882812,16.959999084472656,4.68,3.9,3.55,3.75,0.0034262683442960198,0.12845257132623206,0.2565913555484808,0.23917866806657118,Medium,-0.29000000000000004,0.20000000000000018,-0.009173296036737829
2024-09-30,202.35769653320312,16.729999542236328,4.73,3.98,3.66,3.81,0.0017086288534482587,0.10115038738697932,0.2559473885610652,0.23725975181033368,Medium,-0.22999999999999954,0.1499999999999999,-0.00332674826160444
2024-10-01,198.6917266845703,19.260000228881836,4.71,3.96,3.61,3.74,-0.018282394872688394,0.13640285309381825,0.2561521674167498,0.2379746868218771,Medium,-0.2400000000000002,0.13000000000000034,-0.028238630705001513
2024-10-02,198.931640625,18.899999618530273,4.69,3.97,3.63,3.79,0.0012067397908074227,0.13057901170830288,0.2496418450466095,0.23798437351586432,Medium,-0.14999999999999947,0.16000000000000014,-0.049952858145074976
2024-10-03,196.9547119140625,20.489999771118164,4.68,4.02,3.7,3.85,-0.009987437714240497,0.11172597432917855,0.25081204724113626,0.2373153669021436,Medium,-0.1200000000000001,0.1499999999999999,-0.1089312200826407
2024-10-04,203.94537353515625,19.209999084472656,4.73,4.2,3.93,3.98,0.034878367648748174,0.2190207287952782,0.2824558345137122,0.24732487191284838,Medium,-0.019999999999999574,0.04999999999999982,-0.10899081046353701
2024-10-07,203.6653289794922,22.639999389648438,4.77,4.24,3.99,4.03,-0.0013740787373781064,0.21916777385604194,0.2699266221369491,0.24626977045396312,High,0.04999999999999982,0.040000000000000036,-0.07662445783050365
2024-10-08,203.49154663085938,21.420000076293945,4.75,4.21,3.98,4.04,-0.0008536383374355025,0.21924034840725035,0.2596108133796059,0.24627947312948092,High,0.05999999999999961,0.06000000000000005,-0.045237788541816724
2024-10-09,206.06959533691406,20.860000610351562,4.75,4.24,3.99,4.06,0.01258948905299453,0.22361917771948223,0.18104203959317355,0.2474588204706366,Medium,0.05999999999999961,0.0699999999999994,0.035001659509185844
2024-10-10,205.5095672607422,20.93000030517578,4.75,4.22,3.98,4.09,-0.0027213643094061595,0.22404568310771703,0.18039023348639285,0.24620290125281435,Medium,0.07000000000000028,0.10999999999999988,0.08541597608810879
2024-10-11,214.6341094970703,20.459999084472656,4.73,4.18,3.95,4.08,0.04344217323466268,0.3059612846841724,0.23038084982049842,0.25630388657087433,Medium,0.05000000000000071,0.1299999999999999,0.23827189074829522
2024-10-14,213.85198974609375,19.700000762939453,4.73,4.18,3.95,4.08,-0.003650623070247394,0.3092607499518179,0.2257203665173259,0.25442148470440823,Medium,0.0,0.1299999999999999,0.4386618947206222
2024-10-15,214.73068237304688,20.639999389648438,4.73,4.18,3.95,4.03,0.0041004637625150255,0.28004717959193487,0.2206865233584208,0.2528321839377789,Medium,0.020000000000000462,0.08000000000000007,0.4382844183367298
2024-10-16,215.9376220703125,19.579999923706055,4.72,4.17,3.93,4.02,0.005604976472870698,0.2780271326341392,0.2205259718010375,0.2440689552977239,Medium,0.02999999999999936,0.08999999999999941,0.3991246893127233
2024-10-17,216.6907501220703,19.110000610351562,4.74,4.21,3.96,4.09,0.0034816431881980994,0.2610563628925219,0.21638106300002075,0.24407869458461595,Medium,0.0600000000000005,0.1299999999999999,0.37194992609496114
2024-10-18,217.60800170898438,18.030000686645508,4.73,4.19,3.95,4.08,0.004224064411429761,0.21988715480738888,0.21325521169718528,0.244143765088311,Medium,0.0,0.1299999999999999,0.347617784326234
2024-10-21,215.3196563720703,18.3700008392334,4.73,4.24,4.02,4.19,-0.01057158906803739,0.23351591195642618,0.21880317946631805,0.24527094433173827,Medium,-0.03999999999999915,0.17000000000000082,0.32376635493338457
2024-10-22,216.40106201171875,18.200000762939453,4.72,4.24,4.03,4.2,0.005009756795668524,0.23084329314598326,0.21887051970857582,0.24465672795447732,Medium,-0.03000000000000025,0.16999999999999993,0.3240665171297729
2024-10-23,215.71554565429688,19.239999771118164,4.73,4.27,4.07,4.24,-0.0031728330748873332,0.23209116066182855,0.21980792904277452,0.24481048464260385,Medium,-0.019999999999999574,0.16999999999999993,0.3275640016280056
2024-10-24,217.2314453125,19.079999923706055,4.7,4.25,4.07,4.21,0.007002731902901058,0.22863971735489455,0.21743196226000103,0.24300417015706127,Medium,-0.04999999999999982,0.13999999999999968,0.31451141150094114
2024-10-25,214.65342712402344,20.329999923706055,4.73,4.29,4.11,4.25,-0.011938592774828978,0.1097284192375192,0.223277267803452,0.2439212936843014,Medium,0.0,0.13999999999999968,0.3050597491779932
2024-10-28,217.73355102539062,19.799999237060547,4.7,4.28,4.12,4.28,0.014247311591948723,0.12823732716687544,0.22662642844272113,0.24223878356026493,Medium,-0.03000000000000025,0.16000000000000014,0.3028034444388945
2024-10-29,215.2230987548828,19.34000015258789,4.7,4.29,4.11,4.28,-0.011596913489045365,0.14363493421460174,0.2326105893302683,0.24232657292844945,Medium,-0.03000000000000025,0.16999999999999993,0.29610362910450044
2024-10-30,216.68109130859375,20.350000381469727,4.67,4.28,4.15,4.29,0.006751488526887231,0.14494577856889998,0.21964256620919312,0.23769176432337336,Medium,-0.04999999999999982,0.13999999999999968,0.31464960002578507
2024-10-31,214.27685546875,23.15999984741211,4.64,4.27,4.16,4.28,-0.011157751241384717,0.15439377732369872,0.2258039205597324,0.22127201620375525,High,-0.10000000000000053,0.1200000000000001,0.3147974361173671
2024-11-01,215.26171875,21.8799991607666,4.61,4.28,4.21,4.37,0.004585688300025259,0.15475451836238302,0.22038292721958086,0.21618223484116922,High,-0.1200000000000001,0.16000000000000014,0.30998686633153727
2024-11-04,212.21055603027344,21.979999542236328,4.65,4.25,4.17,4.31,-0.014275613726247156,0.16205755793430324,0.1990011702491627,0.21243345648397022,High,-0.08000000000000007,0.13999999999999968,0.2817552737363284
2024-11-05,213.86166381835938,20.489999771118164,4.64,4.27,4.19,4.26,0.007750404631710903,0.16566242473504872,0.1996236581420869,0.21277515355083318,Medium,-0.08000000000000007,0.0699999999999994,0.24219162085572946
2024-11-06,238.55099487304688,16.270000457763672,4.64,4.31,4.27,4.42,0.1092537272144841,0.5774263480643016,0.42013085015311546,0.30111894001217276,Medium,-0.09000000000000075,0.15000000000000036,-0.08673470308065437
2024-11-07,228.2388458251953,15.199999809265137,4.63,4.28,4.21,4.31,-0.044190452409299426,0.6389326771530422,0.45608610976240915,0.31540299986697207,Low,-0.07000000000000028,0.09999999999999964,-0.3329255673237181
2024-11-08,228.81817626953125,14.9399995803833,4.63,4.32,4.26,4.3,0.0025350480425170617,0.6323220247538547,0.4553472407777695,0.3154022813627857,Low,-0.10000000000000053,0.040000000000000036,-0.498974468006
2024-11-11,231.04861450195312,14.970000267028809,4.63,4.32,4.26,4.3,0.009700442681426438,0.6311509627056457,0.43406762450380726,0.3155110594595108,Low,-0.07000000000000028,0.040000000000000036,-0.6507839335833151
2024-11-12,231.30931091308594,14.710000038146973,4.63,4.38,4.34,4.43,0.0011276823622106572,0.6244505801803583,0.43338960549426453,0.31502533430815505,Low,-0.07000000000000028,0.08999999999999986,-0.7276162109928958
2024-11-13,232.8542022705078,14.020000457763672,4.6,4.31,4.27,4.44,0.006656693248180416,0.6244527022109334,0.43350708345549455,0.31504980052432446,Low,-0.07000000000000028,0.17000000000000082,-0.8081715413425
2024-11-14,233.5397491455078,14.3100004196167,4.61,4.36,4.34,4.43,0.0029397781280972256,0.6168126205061828,0.4334701031453563,0.31450004331894843,Low,-0.02999999999999936,0.08999999999999986,-0.8552375603764727
2024-11-15,236.8612823486328,16.139999389648438,4.6,4.34,4.31,4.43,0.014122368722841953,0.6169290005673925,0.43495748885027463,0.3152846187022433,Medium,-0.010000000000000675,0.1200000000000001,-0.8798960300680241
2024-11-18,236.59091186523438,15.579999923706055,4.63,4.33,4.29,4.42,-0.0011421238135254105,0.6061485942034129,0.4353567368678045,0.31508277558303655,Low,-0.020000000000000462,0.1299999999999999,-0.8738935279113359
2024-11-19,234.71771240234375,16.350000381469727,4.62,4.34,4.27,4.39,-0.007948971140280793,0.6134937009494704,0.4343456360330879,0.3157186919181565,Medium,-0.019999999999999574,0.1200000000000001,-0.8705760936289092
2024-11-20,232.4873046875,17.15999984741211,4.62,4.37,4.31,4.41,-0.009547948234765158,0.2590323540147712,0.4368847646640108,0.3162045280450672,Medium,-0.019999999999999574,0.10000000000000053,-0.8648808057470087
2024-11-21,236.33021545410156,16.8700008392334,4.63,4.39,4.34,4.43,0.016394425016137554,0.1356585397300332,0.4384229728394423,0.3173409426183544,Medium,0.0,0.08999999999999986,-0.854102511629744
2024-11-22,239.98968505859375,15.239999771118164,4.63,4.42,4.37,4.41,0.015365898437745109,0.14788601209942248,0.4400157842976943,0.3184587011469856,Low,0.0,0.040000000000000036,-0.8539669631668809
2024-11-25,241.6697540283203,14.600000381469727,4.62,4.37,4.21,4.27,0.006976197898718255,0.1459610672153741,0.4358384148106955,0.3185702238177806,Low,-0.009999999999999787,0.05999999999999961,-0.8602001041404851
2024-11-26,241.36077880859375,14.100000381469727,4.61,4.37,4.21,4.3,-0.0012793197980777167,0.14800148775967256,0.4352955864198113,0.3185868656203838,Low,-0.019999999999999574,0.08999999999999986,-0.8651635692826958
2024-11-27,241.1869659423828,14.100000381469727,4.6,4.34,4.19,4.25,-0.0007203965850783818,0.1492753949294945,0.43171593119183427,0.3186041645969002,Low,0.0,0.05999999999999961,-0.8706612529952149
2024-11-29,241.11940002441406,13.510000228881836,4.58,4.3,4.13,4.18,-0.0002801784225896142,0.15049359268245838,0.4321304110857786,0.31802918960111853,Low,-0.03000000000000025,0.04999999999999982,-0.877723768332919
2024-12-02,237.76890563964844,13.34000015258789,4.51,4.3,4.17,4.19,-0.013993029335727342,0.1592544968153301,0.43358270317946457,0.3165195396280861,Low,-0.08999999999999986,0.020000000000000462,-0.8852037417070767
2024-12-03,236.38815307617188,13.300000190734863,4.49,4.27,4.17,4.23,-0.005824046867871793,0.16221625944451518,0.43519062841964085,0.31664586725789795,Low,-0.13999999999999968,0.0600000000000005,-0.89101334747989
2024-12-04,235.01705932617188,13.449999809265137,4.47,4.23,4.13,4.19,-0.005817065998467598,0.159655516122504,0.43157415375873215,0.3164275506109219,Low,-0.15000000000000036,0.0600000000000005,-0.8947335460512529
2024-12-05,237.02540588378906,13.539999961853027,4.46,4.23,4.15,4.17,0.008509228824999425,0.15467014050235628,0.43164616750910567,0.3122613057160681,Low,-0.16000000000000014,0.019999999999999574,-0.895376829936949
2024-12-06,238.8406524658203,12.770000457763672,4.42,4.19,4.1,4.15,0.007629270274649599,0.1369694466352861,0.2073594977403198,0.31033745123603734,Low,-0.20999999999999996,0.05000000000000071,-0.8957905824135836
2024-12-09,235.41293334960938,14.1899995803833,4.42,4.2,4.13,4.2,-0.014455468157546022,0.131434220285388,0.1430099017573726,0.2912570258186012,Low,-0.20999999999999996,0.07000000000000028,-0.889358660000234
2024-12-10,234.4956512451172,14.180000305175781,4.41,4.22,4.15,4.22,-0.0039040924114182225,0.12179650574093957,0.14414287136105933,0.2913602821144722,Low,-0.20999999999999996,0.0699999999999994,-0.8819596757787854
2024-12-11,235.14259338378906,13.579999923706055,4.38,4.21,4.15,4.26,0.0027550675665068496,0.12504538851920222,0.14093435752053848,0.2911331562686644,Low,-0.23000000000000043,0.10999999999999943,-0.877379775071701
2024-12-12,233.21145629882812,13.920000076293945,4.35,4.22,4.18,4.32,-0.008246530718439338,0.12754338964609765,0.1443890198670429,0.29063918750907064,Low,-0.25,0.14000000000000057,-0.8596596753537762
2024-12-13,231.6762237548828,13.8100004196167,4.34,4.24,4.25,4.4,-0.0066047701015284075,0.12721467940148395,0.1444448785245617,0.2897323416224492,Low,-0.2400000000000002,0.15000000000000036,-0.8152126763964338
2024-12-16,231.32861328125,14.6899995803833,4.37,4.24,4.25,4.39,-0.001501541716795051,0.11455112245799064,0.14403115300880323,0.2897012452211358,Low,-0.13999999999999968,0.13999999999999968,-0.7558139210545879
2024-12-17,230.150634765625,15.869999885559082,4.38,4.25,4.25,4.4,-0.00510523963591842,0.11406611518532254,0.1346071936008803,0.28930559923578514,Medium,-0.11000000000000032,0.15000000000000036,-0.6059285577334522
2024-12-18,222.435791015625,27.6200008392334,4.36,4.3,4.35,4.5,-0.03409554805715794,0.19529462245115847,0.17596068152090985,0.297258552864247,High,-0.10999999999999943,0.15000000000000036,-0.5582829974285
2024-12-19,224.93661499023438,24.09000015258789,4.35,4.28,4.32,4.57,0.011180171107761915,0.20103596025584772,0.18148718788863002,0.29787438687271994,High,-0.11000000000000032,0.25,-0.6567990720261039
2024-12-20,229.41680908203125,18.360000610351562,4.34,4.27,4.3,4.52,0.01972182476420735,0.22980823892716773,0.1940894717912742,0.3000563298307312,Medium,-0.08000000000000007,0.21999999999999975,-0.6909181824394478
2024-12-23,230.1796112060547,16.780000686645508,4.36,4.26,4.3,4.59,0.003319446326282013,0.2244813526319985,0.1846937820029111,0.30005792099634465,Medium,-0.05999999999999961,0.29000000000000004,-0.7170102931800761
2024-12-24,233.96458435058594,14.270000457763672,4.4,4.24,4.29,4.59,0.016309832521822193,0.2425162703956207,0.18578984363787057,0.3008847658686491,Low,-0.009999999999999787,0.2999999999999998,-0.7250803133926841
2024-12-26,234.76600646972656,14.729999542236328,4.35,4.23,4.3,4.58,0.0034195459642464266,0.24276783765659235,0.18421695002449223,0.30076403694858267,Low,-0.03000000000000025,0.28000000000000025,-0.7382000557337132
2024-12-27,232.86387634277344,15.949999809265137,4.31,4.2,4.31,4.62,-0.008135239801554674,0.2426646642073674,0.1856946701991934,0.30149782369230427,Medium,-0.040000000000000036,0.3100000000000005,-0.7494119437078717
2024-12-30,231.0775909423828,17.399999618530273,4.37,4.17,4.24,4.55,-0.007700515488537554,0.24354162645016378,0.1867985592137506,0.30215381827215754,Medium,0.03000000000000025,0.3099999999999996,-0.7590234226227222
